-- MySQL dump 10.13  Distrib 5.7.24, for macos10.14 (x86_64)
--
-- Host: localhost    Database: talefun_ad
-- ------------------------------------------------------
-- Server version	5.7.24-log

/*!40101 SET @OLD_CHARACTER_SET_CLIENT=@@CHARACTER_SET_CLIENT */;
/*!40101 SET @OLD_CHARACTER_SET_RESULTS=@@CHARACTER_SET_RESULTS */;
/*!40101 SET @OLD_COLLATION_CONNECTION=@@COLLATION_CONNECTION */;
/*!40101 SET NAMES utf8mb4 */;
/*!40103 SET @OLD_TIME_ZONE=@@TIME_ZONE */;
/*!40103 SET TIME_ZONE='+00:00' */;
/*!40014 SET @OLD_UNIQUE_CHECKS=@@UNIQUE_CHECKS, UNIQUE_CHECKS=0 */;
/*!40014 SET @OLD_FOREIGN_KEY_CHECKS=@@FOREIGN_KEY_CHECKS, FOREIGN_KEY_CHECKS=0 */;
/*!40101 SET @OLD_SQL_MODE=@@SQL_MODE, SQL_MODE='NO_AUTO_VALUE_ON_ZERO' */;
/*!40111 SET @OLD_SQL_NOTES=@@SQL_NOTES, SQL_NOTES=0 */;

--
-- Table structure for table `abTestGroup`
--

DROP TABLE IF EXISTS `abTestGroup`;
/*!40101 SET @saved_cs_client     = @@character_set_client */;
/*!40101 SET character_set_client = utf8 */;
CREATE TABLE `abTestGroup` (
  `id` char(36) NOT NULL,
  `name` varchar(20) NOT NULL,
  `begin` tinyint(4) NOT NULL,
  `end` tinyint(4) NOT NULL,
  `description` varchar(50) NOT NULL,
  `nativeTmplConfGroupId` char(36) DEFAULT NULL,
  `configGroupId` char(36) DEFAULT NULL,
  `goodsGroupId` char(36) DEFAULT NULL,
  `versionGroupId` char(36) NOT NULL,
  `creatorId` char(36) DEFAULT NULL,
  `active` tinyint(1) NOT NULL,
  `activeTime` timestamp NOT NULL DEFAULT '2020-05-01 00:00:00',
  `createdAt` timestamp NOT NULL DEFAULT CURRENT_TIMESTAMP,
  `updatedAt` timestamp NOT NULL DEFAULT CURRENT_TIMESTAMP ON UPDATE CURRENT_TIMESTAMP,
  PRIMARY KEY (`id`),
  UNIQUE KEY `idx_name` (`name`,`versionGroupId`,`activeTime`)
) ENGINE=InnoDB DEFAULT CHARSET=utf8mb4;
/*!40101 SET character_set_client = @saved_cs_client */;

--
-- Dumping data for table `abTestGroup`
--

LOCK TABLES `abTestGroup` WRITE;
/*!40000 ALTER TABLE `abTestGroup` DISABLE KEYS */;
INSERT INTO `abTestGroup` VALUES ('0193f775-4d8a-4b91-be02-12d8349fbcfb','default',-1,-1,'默认组','31945272-f36f-425d-8720-c039d3871a0b','ca0c186b-acbe-4d4f-8079-1dd1f8b6aa66',NULL,'5c44be0f-c6ea-44d4-8341-34cb6a93b60a',NULL,1,'2020-05-01 00:00:00','2020-07-30 20:31:42','2020-07-30 20:31:42'),('08037b73-29c7-4ffc-b1b7-4a09a5f6f447','default',-1,-1,'默认组','2f7504dd-2469-4233-85c2-b95010cad14a','a4b3c237-110a-4381-965f-4c9d76fb6996',NULL,'ad3b871b-10aa-4b55-a4b0-a653c1082846',NULL,1,'2020-05-01 00:00:00','2020-07-30 20:27:36','2020-07-30 20:27:36'),('09622663-7fb5-400f-aca0-0ac982fc4b79','default',-1,-1,'默认组','7156178a-f268-4590-a74b-51d33196b811','09a6f3a0-581c-4b7b-a93e-5c21b12a5abd',NULL,'b98ed273-7b4c-4e62-820e-8e765b8c2a26',NULL,1,'2020-05-01 00:00:00','2020-07-30 20:27:36','2020-07-30 20:27:36'),('0969e5f8-6e12-4fe4-a506-bfa175bdc2c1','default',-1,-1,'默认组','31945272-f36f-425d-8720-c039d3871a0b','ca0c186b-acbe-4d4f-8079-1dd1f8b6aa66',NULL,'dcb87b02-22aa-4731-9eaa-31fd8ecded19',NULL,1,'2020-05-01 00:00:00','2020-07-30 20:31:43','2020-07-30 20:31:43'),('09ae7e08-834b-46f4-9d5d-515d79381720','default',-1,-1,'默认组',NULL,'3888fbd2-291f-4072-8e5c-1696aad0b267',NULL,'0ddf050f-9705-4cee-a8bb-ed84945c6593',NULL,1,'2020-05-01 00:00:00','2020-07-30 20:31:40','2020-07-30 20:31:40'),('09fad160-22ec-437d-8710-5893b16e5a46','default',-1,-1,'默认组','6ca99d79-558d-49c1-b058-aff28f428e70','6d0212b8-1a34-4ab3-9ef2-170e0c0148eb',NULL,'df50f910-6f77-4cae-b11c-cb005dc0e456',NULL,1,'2020-05-01 00:00:00','2020-07-30 20:31:43','2020-07-30 20:31:43'),('0a7c8440-c72b-4390-81c7-abdb087035fe','default',-1,-1,'默认组',NULL,'917a71bc-8002-45e5-8c9e-1fe259a6a1dc',NULL,'4272441e-02ae-4fd0-a273-3a2df4e60a55',NULL,1,'2020-05-01 00:00:00','2020-07-30 20:27:35','2020-07-30 20:27:35'),('0e66f0fc-5700-4f2a-866a-132400204b6c','default',-1,-1,'默认组','e0d7a9c9-3bb5-4a3f-b3dd-ee3a15b58c93','870241ef-65cb-4659-9742-8581158ddf5f',NULL,'e3cd0aee-87a8-4bce-b4f1-70497887dd7c',NULL,1,'2020-05-01 00:00:00','2020-07-30 20:27:35','2020-07-30 20:27:35'),('14203878-e769-4c84-9490-f3e9c5efceaf','default',-1,-1,'默认组','31945272-f36f-425d-8720-c039d3871a0b','ca0c186b-acbe-4d4f-8079-1dd1f8b6aa66',NULL,'5145a2d2-6314-4283-9143-429d35645909',NULL,1,'2020-05-01 00:00:00','2020-07-30 20:31:43','2020-07-30 20:31:43'),('1ac9d3a8-dcf1-4e29-8015-8786afd576e2','default',-1,-1,'默认组',NULL,'dea0ddbf-68a3-4fdb-a488-84aaf2494671',NULL,'87bff8a9-19c0-4489-8b56-da39e4783c79',NULL,1,'2020-05-01 00:00:00','2020-07-30 20:27:34','2020-07-30 20:27:34'),('1ade12f1-8f70-40fb-ba5d-45639ca38fd2','default',-1,-1,'默认组','8ede0732-5ede-440b-9eba-54872bb6fb4b','5497fa84-5a40-45e0-bdee-6819533e44fe',NULL,'3111f4c9-33e2-402f-a394-c79497bad8ae',NULL,1,'2020-05-01 00:00:00','2020-07-30 20:27:37','2020-07-30 20:27:37'),('1b316a80-be67-4a0f-ba36-b5a92d435aab','default',-1,-1,'默认组','0d7f7712-efb9-4cdb-9daf-96488d8bfb28','835c0271-34cf-455d-b1e7-45627a2e3788',NULL,'f3f9bc0f-b3b3-4a59-9be3-479529ebb188',NULL,1,'2020-05-01 00:00:00','2020-07-30 20:27:36','2020-07-30 20:27:36'),('1bf0b4e6-b1f6-4350-9913-78ec1e1526f0','default',-1,-1,'默认组','6ad1450f-2a6a-4421-aa32-202dcc1c66b4','cdbd3e85-6a42-4000-996e-3e024ff4cc6d',NULL,'4dc9384a-c2b6-4b9f-9c9b-f65e2b8d3bcf',NULL,1,'2020-05-01 00:00:00','2020-07-30 20:27:37','2020-07-30 20:27:37'),('1e260b17-0ecf-48b4-bbc6-81599a660bb0','default',-1,-1,'默认组',NULL,'d8fb45fb-cae5-4912-a246-95bdb38eadeb',NULL,'43a5def9-dc1e-4248-80d5-22b2184526be',NULL,1,'2020-05-01 00:00:00','2020-07-30 20:27:35','2020-07-30 20:27:35'),('2776d767-48cf-400d-961e-2c25970c6ea7','default',-1,-1,'默认组',NULL,'b1f7f2f4-c16b-4a5e-ac14-764f11662086',NULL,'b9695252-2dc6-423e-8a6a-812120caea3a',NULL,1,'2020-05-01 00:00:00','2020-07-30 20:27:35','2020-07-30 20:27:35'),('27a0e4e2-ce9d-4e5e-bc46-7825583c6e12','default',-1,-1,'默认组','31945272-f36f-425d-8720-c039d3871a0b','ca0c186b-acbe-4d4f-8079-1dd1f8b6aa66',NULL,'86f00c0a-bf15-4f17-ab58-ada77387480a',NULL,1,'2020-05-01 00:00:00','2020-07-30 20:31:42','2020-07-30 20:31:42'),('2f28b8a9-2e31-4759-877d-087af68ff711','default',-1,-1,'默认组','31945272-f36f-425d-8720-c039d3871a0b','ca0c186b-acbe-4d4f-8079-1dd1f8b6aa66',NULL,'4b92fcf0-b4f2-4838-b191-2079c62290fa',NULL,1,'2020-05-01 00:00:00','2020-07-30 20:31:43','2020-07-30 20:31:43'),('2f4c9d58-c0fe-481d-9037-da89ff5cf142','default',-1,-1,'默认组','93187c2a-2c0d-4c3f-9c82-6119c6b0544a','25cd3758-fa7d-4e34-8e03-07dda42a11ef',NULL,'c989d829-3bad-4964-900d-bcf2bae27dd3',NULL,1,'2020-05-01 00:00:00','2020-07-30 20:32:22','2020-07-30 20:32:22'),('30ea79b1-6ccf-4a99-8d4f-5ac9e86b1e7c','default',-1,-1,'默认组','93187c2a-2c0d-4c3f-9c82-6119c6b0544a','25cd3758-fa7d-4e34-8e03-07dda42a11ef',NULL,'ad92fa6f-dae3-4706-bb92-a37ff2eb4a8e',NULL,1,'2020-05-01 00:00:00','2020-07-30 20:32:22','2020-07-30 20:32:22'),('37774956-94bf-41f6-8343-f739c8d55d24','default',-1,-1,'默认组','52d2aeba-8428-4135-a505-1e2edb19a468','fdd1e57a-d8b5-4586-afa6-f2b471064bd7',NULL,'407c3df5-e0c6-4b75-963e-af7b2135d6c0',NULL,1,'2020-05-01 00:00:00','2020-07-30 20:27:36','2020-07-30 20:27:36'),('38a67fc0-ed76-4c92-9839-d431ba341803','default',-1,-1,'默认组','5b336e57-e24d-4538-ac41-0f6df19e8ecc','f1da0374-eeba-4319-b250-dc0ea165bba0',NULL,'6bb96b19-5b05-40d8-9f6b-96a41d586296',NULL,1,'2020-05-01 00:00:00','2020-07-30 20:27:37','2020-07-30 20:27:37'),('38a71eb7-a65c-47b5-920e-d224913cbd73','default',-1,-1,'默认组',NULL,'b7827f41-2647-428a-bb03-5d7f59a0484d',NULL,'eb0136af-39a4-4c74-8761-444f8e862c95',NULL,1,'2020-05-01 00:00:00','2020-07-30 20:32:20','2020-07-30 20:32:20'),('3ad401e4-d4da-4dcf-8205-49cffa2b4b80','default',-1,-1,'默认组',NULL,'ae0b1265-8ae3-4425-a175-94309e819528',NULL,'7968e0ec-f911-4738-878b-8ddcc657539c',NULL,1,'2020-05-01 00:00:00','2020-07-30 20:27:35','2020-07-30 20:27:35'),('3c6428d7-0cd0-4f04-8267-7ac063285575','default',-1,-1,'默认组',NULL,'53896149-bf28-4c6d-bc07-9e28fc92880e',NULL,'7590c2eb-6d39-4c8a-9646-e330b2c4bd08',NULL,1,'2020-05-01 00:00:00','2020-07-30 20:31:40','2020-07-30 20:31:40'),('3eca35cc-52f7-44bc-a59e-9e37f84242f8','default',-1,-1,'默认组',NULL,'40d5669d-5ae5-49b9-b58d-3c704bdfc594',NULL,'95104bd9-8c17-4130-8a01-cfd8a8b2d78e',NULL,1,'2020-05-01 00:00:00','2020-07-30 20:27:35','2020-07-30 20:27:35'),('3fbca297-4444-4058-a65e-84e74563db87','default',-1,-1,'默认组',NULL,'e05be2fc-fca1-43f6-aa1a-56e70ce575d7',NULL,'7ea32c15-61f1-4841-a67a-2ade26af23ea',NULL,1,'2020-05-01 00:00:00','2020-07-30 20:27:35','2020-07-30 20:27:35'),('419fe665-1633-41a0-b285-481a1283c616','default',-1,-1,'默认组',NULL,'6eec7ed5-69c9-4126-a9f9-d435a6f744fb',NULL,'493c3781-9d64-4e04-9e21-a5dec245b337',NULL,1,'2020-05-01 00:00:00','2020-07-30 20:31:40','2020-07-30 20:31:40'),('42cb9217-9f3a-45ba-9f9c-3f36ecf21f20','default',-1,-1,'默认组','2bb2b087-2ff7-41e0-8951-ab5e68db3de6','358cdbde-075c-4f20-b8d6-0c9ac6a5ac35',NULL,'24b20ef0-a02b-4700-9721-f060f21326de',NULL,1,'2020-05-01 00:00:00','2020-07-30 20:27:37','2020-07-30 20:27:37'),('431be9c4-2a0c-4c96-9205-9830c64475ec','default',-1,-1,'默认组',NULL,'af061380-0d10-4118-b32d-da2faf5f5f2c',NULL,'57ce9635-32cb-4a7a-9307-0231797b50ac',NULL,1,'2020-05-01 00:00:00','2020-07-30 20:27:35','2020-07-30 20:27:35'),('442a690c-fb8b-4167-9eda-c1542b2bbdf5','default',-1,-1,'默认组','753b6d72-211b-42bd-96a0-b2f64dc1029e','a696ebf2-17a6-45cf-971f-ad2108ed7265',NULL,'37f4be4f-70f7-4237-8162-4b538928dd2b',NULL,1,'2020-05-01 00:00:00','2020-07-30 20:27:35','2020-07-30 20:27:35'),('4484e8ee-fef6-4b06-bdb0-109c164c6d61','default',-1,-1,'默认组',NULL,'8d8704e5-3987-4334-b9cc-bac2416110e6',NULL,'c01ae266-f8ba-4cf8-9fe2-9f024c181515',NULL,1,'2020-05-01 00:00:00','2020-07-30 20:27:34','2020-07-30 20:27:34'),('44ea1288-11bf-4e17-847d-b6f7f49407f2','default',-1,-1,'默认组',NULL,'26a8b698-9802-48d5-aa53-65630c7a8813',NULL,'3b093262-094c-40ed-8196-0157a7a41d72',NULL,1,'2020-05-01 00:00:00','2020-07-30 20:31:40','2020-07-30 20:31:40'),('46fcd134-043e-406a-ba12-79c5bed1d7cc','default',-1,-1,'默认组','d5558627-9c68-4ee0-8431-c4356377dae7','766a41ed-6e68-423d-80bc-76105794e54c',NULL,'f307100a-e161-4c2a-ac93-7f67c5ab96f4',NULL,1,'2020-05-01 00:00:00','2020-07-30 20:27:35','2020-07-30 20:27:35'),('4b47f3f8-ee85-42d7-9cdb-23aac72650bb','default',-1,-1,'默认组',NULL,'b7827f41-2647-428a-bb03-5d7f59a0484d',NULL,'2ca420e3-1cf6-407c-9c86-12ae4fedd348',NULL,1,'2020-05-01 00:00:00','2020-07-30 20:32:20','2020-07-30 20:32:20'),('4b64ca50-f5d9-4c9c-9a26-991f4131ca5d','default',-1,-1,'默认组',NULL,'53896149-bf28-4c6d-bc07-9e28fc92880e',NULL,'5de19819-aae6-4f91-9495-c62827c215a4',NULL,1,'2020-05-01 00:00:00','2020-07-30 20:31:40','2020-07-30 20:31:40'),('4d3d8871-c01f-4b9d-b924-a46ddd13aae2','default',-1,-1,'默认组','4a928092-3acc-4c43-ab5a-1b33947999bc','2daaed44-e5e5-4b53-867f-987b995dc698',NULL,'3bdf30b1-805c-4d62-800d-b94345f6582f',NULL,1,'2020-05-01 00:00:00','2020-07-30 20:27:37','2020-07-30 20:27:37'),('51775438-96e4-46dd-9671-2690bbed47fa','default',-1,-1,'默认组','31945272-f36f-425d-8720-c039d3871a0b','ca0c186b-acbe-4d4f-8079-1dd1f8b6aa66',NULL,'13afbfb3-3352-471b-8299-6a8680515fcc',NULL,1,'2020-05-01 00:00:00','2020-07-30 20:31:43','2020-07-30 20:31:43'),('54a344c4-2209-44a0-954e-6dd50220a81d','default',-1,-1,'默认组',NULL,'ee3ac931-50c3-48cf-9528-553dce9bd263',NULL,'44ca68bd-8e77-478e-bdee-6e908d346f6a',NULL,1,'2020-05-01 00:00:00','2020-07-30 20:27:35','2020-07-30 20:27:35'),('59585e1d-50dd-441e-8ba3-5db93f9b0f98','default',-1,-1,'默认组','51664977-b398-4e81-9c3a-5f53e18218d6','49f52f76-adbe-40a2-898b-b3ce002c7b11',NULL,'983856ad-3361-44fd-a69d-e298aadd1613',NULL,1,'2020-05-01 00:00:00','2020-07-30 20:27:36','2020-07-30 20:27:36'),('59cab7bf-7866-4c74-ba45-96beaf9ef684','default',-1,-1,'默认组',NULL,'53896149-bf28-4c6d-bc07-9e28fc92880e',NULL,'f6370c7f-01e4-48ba-a6bd-141735ed1548',NULL,1,'2020-05-01 00:00:00','2020-07-30 20:31:40','2020-07-30 20:31:40'),('5af3f719-b0b5-4ecc-b4ae-3677efa91276','default',-1,-1,'默认组','e31b8dad-48b1-4076-9fe5-1c8fcd4804b7','99e96dc9-a372-4e36-92de-8f5d5e2e9b4b',NULL,'df5d3b52-aeca-4f02-9fd3-91a3a7dd64c0',NULL,1,'2020-05-01 00:00:00','2020-07-30 20:27:37','2020-07-30 20:27:37'),('5b361a87-2503-4be6-a6a8-29f928334899','default',-1,-1,'默认组','c0369f28-a313-48cb-866c-81b51179ca14','bf744ec9-0766-414d-9226-deb7f504e2da',NULL,'976474cb-400f-493e-9735-d685ef9ec8e6',NULL,1,'2020-05-01 00:00:00','2020-07-30 20:27:36','2020-07-30 20:27:36'),('60b8353a-5411-47c5-a032-d5899f9f08c0','default',-1,-1,'默认组',NULL,'6e8c5916-968b-49aa-9989-972a901706fa',NULL,'de05a717-ec88-40d1-9d20-9be292636591',NULL,1,'2020-05-01 00:00:00','2020-07-30 20:27:35','2020-07-30 20:27:35'),('62d665ea-6a7c-41e8-91f2-aa8eacf77c53','default',-1,-1,'默认组',NULL,'8885eae0-97f1-4dbd-8d56-1719a40ac188',NULL,'a9e9f2f7-5268-462c-ae7b-ece080c785a9',NULL,1,'2020-05-01 00:00:00','2020-07-30 20:27:35','2020-07-30 20:27:35'),('6313542c-c486-4d29-b6f6-b64c71f4fe5f','default',-1,-1,'默认组',NULL,'3157b89b-046d-48ca-af9f-082b1ddbd4a9',NULL,'213e65b6-0de0-4ade-af7e-aa1df91546ee',NULL,1,'2020-05-01 00:00:00','2020-07-30 20:27:34','2020-07-30 20:27:34'),('649e6d2b-63af-4f0d-93bb-4fcf963264c7','default',-1,-1,'默认组','2d0faa8d-39f2-42b7-a450-f78118e6c5aa','c852899f-340e-49ce-ab21-e70175b8d63a',NULL,'8c830396-fd32-4e04-90f4-378d6ba3d61e',NULL,1,'2020-05-01 00:00:00','2020-07-30 20:27:36','2020-07-30 20:27:36'),('696e83e3-bdd5-48db-9259-d542ceab5015','default',-1,-1,'默认组',NULL,'c6d78289-1a87-4e6b-bc76-f37d4f8ee462',NULL,'91b8873e-104c-4c75-a76b-07094a564bdc',NULL,1,'2020-05-01 00:00:00','2020-07-30 20:27:35','2020-07-30 20:27:35'),('6d8e4e06-6615-4250-a306-100c9508d73a','default',-1,-1,'默认组',NULL,'e4c4b2e2-acbb-4ea9-b8ac-b4dac2b32202',NULL,'42843b65-cfd1-4d5c-851e-71eace8763ae',NULL,1,'2020-05-01 00:00:00','2020-07-30 20:27:34','2020-07-30 20:27:34'),('6edbe358-3001-4fef-a91a-ec585f14b9b7','default',-1,-1,'默认组','916e7be7-4bbb-4d07-bb35-c932f9f70651','26c3caed-1ef5-406a-9122-dc1b0c321044',NULL,'4e0595f0-e0e9-4fc1-ba2e-d549cc50eb0d',NULL,1,'2020-05-01 00:00:00','2020-07-30 20:27:35','2020-07-30 20:27:35'),('70b27fdf-5aa9-472a-a8e8-edd537e45614','default',-1,-1,'默认组',NULL,'58e88a15-363b-4dc1-b50b-ea9cc1d83e07',NULL,'b52b3353-a69a-4d01-a722-1a0484f5afe8',NULL,1,'2020-05-01 00:00:00','2020-07-30 20:27:35','2020-07-30 20:27:35'),('71952d01-4115-4583-8c66-892dae925979','default',-1,-1,'默认组','31945272-f36f-425d-8720-c039d3871a0b','c33a593e-38b6-44e4-9f0c-bbeecd82095f',NULL,'1306e461-3aa2-46b5-a945-410fb050a41c',NULL,1,'2020-05-01 00:00:00','2020-07-30 20:31:43','2020-07-30 20:31:43'),('736b8497-5066-4fa8-a374-1af22253bc7a','default',-1,-1,'默认组','634861ca-3e9e-4a8b-85b1-572f086cde5d','2b582d59-ee7f-4c2f-b62e-55781fa67709',NULL,'25bb36fb-50a1-4675-ac48-c932348ed4c1',NULL,1,'2020-05-01 00:00:00','2020-07-30 20:27:36','2020-07-30 20:27:36'),('7a0a3cc7-0e45-4655-8d68-79333189e0e9','default',-1,-1,'默认组',NULL,'8e7283d6-0dd3-48fa-9ed2-b8b48c408c8f',NULL,'22297e48-deab-464b-9b21-d0785ccbd764',NULL,1,'2020-05-01 00:00:00','2020-07-30 20:27:35','2020-07-30 20:27:35'),('7bf0a977-c9eb-4949-ba2a-7b421120c0ef','default',-1,-1,'默认组','6ca99d79-558d-49c1-b058-aff28f428e70','6d0212b8-1a34-4ab3-9ef2-170e0c0148eb',NULL,'36f25803-4ab6-432a-ad42-67624324a64d',NULL,1,'2020-05-01 00:00:00','2020-07-30 20:31:43','2020-07-30 20:31:43'),('7d4e1064-2a81-4b32-be4e-37b35cef061a','default',-1,-1,'默认组','e7beadd9-0f26-4c55-9e4f-67e80892ff6c','eb97e0fc-2281-4770-8a00-6c53032d9ca6',NULL,'001bc5da-45b6-455d-aa0d-0a9e01fea4de',NULL,1,'2020-05-01 00:00:00','2020-07-30 20:27:36','2020-07-30 20:27:36'),('7e655ceb-b401-4622-9147-d2702a3327f7','default',-1,-1,'默认组',NULL,'53896149-bf28-4c6d-bc07-9e28fc92880e',NULL,'eeac508b-5890-413a-8a0a-0a1fa1855a4b',NULL,1,'2020-05-01 00:00:00','2020-07-30 20:31:40','2020-07-30 20:31:40'),('80971f33-5403-460b-b568-40e517f533e7','default',-1,-1,'默认组','3132a8f3-fdba-4abc-8bb2-d18f583ff9e0','e2ab3a48-8f79-4b13-ab07-04202238384a',NULL,'db4ae670-3c37-4af6-a75a-2a85617a32f0',NULL,1,'2020-05-01 00:00:00','2020-07-30 20:27:36','2020-07-30 20:27:36'),('8163c40f-d11b-402b-a2fb-86b179a834a6','default',-1,-1,'默认组',NULL,'53896149-bf28-4c6d-bc07-9e28fc92880e',NULL,'7c5f6f0b-085a-4c24-a232-da7ec7e32736',NULL,1,'2020-05-01 00:00:00','2020-07-30 20:31:40','2020-07-30 20:31:40'),('8216edcc-989b-4103-b8d4-d42479194108','default',-1,-1,'默认组','a210f0aa-507f-4c7c-9d69-f5ad8bb4790d','f47d2a1f-6975-4eb4-85be-bc3cec6090cc',NULL,'6633574e-faa6-4bae-be5a-7f08dfb5bed2',NULL,1,'2020-05-01 00:00:00','2020-07-30 20:27:36','2020-07-30 20:27:36'),('871f10d3-5847-4dff-bb14-6a84f322ae78','default',-1,-1,'默认组','0be3926f-1641-4742-a7d4-270cf10b5458','56fc24fd-a74e-4476-b270-840947e64e0f',NULL,'8622b0b9-4ca7-4313-8e1d-f6073564bbcf',NULL,1,'2020-05-01 00:00:00','2020-07-30 20:27:37','2020-07-30 20:27:37'),('87603eb0-ff2b-4b38-94c9-f7ca42c56ace','default',-1,-1,'默认组','31945272-f36f-425d-8720-c039d3871a0b','c33a593e-38b6-44e4-9f0c-bbeecd82095f',NULL,'e2882c2a-759b-428b-9bc7-a8bd9c5ff2d0',NULL,1,'2020-05-01 00:00:00','2020-07-30 20:31:43','2020-07-30 20:31:43'),('8c03f2d9-76bd-4f57-9822-780ab47ce97d','default',-1,-1,'默认组',NULL,'26a8b698-9802-48d5-aa53-65630c7a8813',NULL,'c97d808b-0214-4c75-95e4-5f0c702e4f88',NULL,1,'2020-05-01 00:00:00','2020-07-30 20:31:40','2020-07-30 20:31:40'),('8c814b79-5f76-460c-ab04-72e871ffb35f','default',-1,-1,'默认组',NULL,'001b7152-be62-4861-949f-e5c50d0a646e',NULL,'347bf183-32d6-446d-9f1e-bb4afa3e9bb7',NULL,1,'2020-05-01 00:00:00','2020-07-30 20:27:35','2020-07-30 20:27:35'),('8f2dcd5f-1369-433c-a2ab-596e516ef339','default',-1,-1,'默认组',NULL,'93456038-4afc-4a42-baef-17c37841d813',NULL,'552ebba7-5800-41a6-9e42-19f52797fa4b',NULL,1,'2020-05-01 00:00:00','2020-07-30 20:27:34','2020-07-30 20:27:34'),('907ddaf4-b6b0-4129-86c7-c11d11b10e03','default',-1,-1,'默认组','4a4af2ad-3dc4-44a8-9673-157093037115','d03ff918-8790-4782-bb0d-f6f826c39095',NULL,'16923e44-fe53-4bcc-ac36-46b1110982ac',NULL,1,'2020-05-01 00:00:00','2020-07-30 20:27:36','2020-07-30 20:27:36'),('926f4a0e-a2d8-434c-8a2c-0d756b1b80cc','default',-1,-1,'默认组',NULL,'1b0ad012-6508-47a0-915e-64e865362208',NULL,'c12b81f4-0647-4c52-b46d-eb9d5a252782',NULL,1,'2020-05-01 00:00:00','2020-07-30 20:27:34','2020-07-30 20:27:34'),('93db4774-8f46-4250-9619-46d068a19c10','default',-1,-1,'默认组','31945272-f36f-425d-8720-c039d3871a0b','c33a593e-38b6-44e4-9f0c-bbeecd82095f',NULL,'8df6c0b5-8c09-4a24-a79f-a426d8922504',NULL,1,'2020-05-01 00:00:00','2020-07-30 20:31:43','2020-07-30 20:31:43'),('94e88107-7536-4991-809a-c4144e110243','default',-1,-1,'默认组','4e5bcfc9-0f0e-4128-8189-cecb4b4bcab4','47e265c0-7db7-4e6e-8389-2ba40d1078bb',NULL,'8dd0fc06-db49-4097-95f2-67d35f7d5f36',NULL,1,'2020-05-01 00:00:00','2020-07-30 20:27:36','2020-07-30 20:27:36'),('96ddbf4b-adcd-4a49-886d-5d722c4cb04d','default',-1,-1,'默认组','348a4962-a099-438c-a063-b37f6a4527e4','37956cfa-e476-4792-9993-2501c51fd489',NULL,'6151dcec-641f-475e-98e9-31d5a4bda890',NULL,1,'2020-05-01 00:00:00','2020-07-30 20:27:37','2020-07-30 20:27:37'),('985905df-5aff-47ef-987f-904b3e4734d9','default',-1,-1,'默认组',NULL,'2e899833-45ab-49ef-af7c-98c3e8ce960f',NULL,'1362909d-7377-43af-a6c5-907b250dc8c3',NULL,1,'2020-05-01 00:00:00','2020-07-30 20:27:35','2020-07-30 20:27:35'),('9ade1c35-b6fb-4518-a880-cf579a3190e4','default',-1,-1,'默认组',NULL,'22a29ccf-1367-4ecc-ad8f-bbd955047936',NULL,'460674c4-4235-4689-b138-742914cae39f',NULL,1,'2020-05-01 00:00:00','2020-07-30 20:31:40','2020-07-30 20:31:40'),('9daf3d98-5672-4a5a-8c71-679a032fff75','default',-1,-1,'默认组','81539421-5862-465d-a424-4bf6c493c7a8','402fc850-1507-48e1-92a2-e6b2338b6321',NULL,'3f913fdd-8b05-426f-8997-f199b3d4c41e',NULL,1,'2020-05-01 00:00:00','2020-07-30 20:27:36','2020-07-30 20:27:36'),('9e005350-99dd-4d4c-bd2c-3e691e85f301','default',-1,-1,'默认组','59aafb51-b45c-4838-ab79-fc295f307dc4','1a6ec88c-4800-49c1-908f-da76985a73dd',NULL,'7a8a6b6f-74ef-42a0-9137-f0e276a615b4',NULL,1,'2020-05-01 00:00:00','2020-07-30 20:27:36','2020-07-30 20:27:36'),('9e484263-fdf9-455c-b32f-e0e46bc387f3','default',-1,-1,'默认组','31945272-f36f-425d-8720-c039d3871a0b','ca0c186b-acbe-4d4f-8079-1dd1f8b6aa66',NULL,'c5ccb7d5-337d-416a-a124-11b9981ad216',NULL,1,'2020-05-01 00:00:00','2020-07-30 20:31:43','2020-07-30 20:31:43'),('9e92bff5-1555-4d58-b55b-df74f8420648','default',-1,-1,'默认组',NULL,'dea0ddbf-68a3-4fdb-a488-84aaf2494671',NULL,'47cf1d99-4b12-457a-bf55-752b8b66327e',NULL,1,'2020-05-01 00:00:00','2020-07-30 20:27:34','2020-07-30 20:27:34'),('9f3814fd-fc73-4076-bb98-682bdbaf9b04','default',-1,-1,'默认组',NULL,'53896149-bf28-4c6d-bc07-9e28fc92880e',NULL,'a55bfb8d-7f8d-447f-9e8c-768764361c89',NULL,1,'2020-05-01 00:00:00','2020-07-30 20:31:40','2020-07-30 20:31:40'),('a382dc26-4588-4da6-bd0b-8e6036c4e8ab','default',-1,-1,'默认组','668b328e-1567-4284-8abb-e91d71dc9484','8c1b734a-abd7-464f-950f-9b10314aa657',NULL,'a373fe2b-ee2b-4aed-b843-e5ce263dd109',NULL,1,'2020-05-01 00:00:00','2020-07-30 20:27:37','2020-07-30 20:27:37'),('a8832e57-adb2-4b66-a517-8761d561dab8','default',-1,-1,'默认组','82b43737-c75e-4971-a239-6797536c1c86','64529814-3cba-49ed-bee4-0487b65be20c',NULL,'93a9b1b0-0271-4f55-a80d-2468e2d16459',NULL,1,'2020-05-01 00:00:00','2020-07-30 20:27:37','2020-07-30 20:27:37'),('aa6fc82e-cadf-4ab0-b4f8-7be09882b719','default',-1,-1,'默认组',NULL,'22a29ccf-1367-4ecc-ad8f-bbd955047936',NULL,'fb21cd91-e644-43ff-9301-a9387f7ec57e',NULL,1,'2020-05-01 00:00:00','2020-07-30 20:31:40','2020-07-30 20:31:40'),('ab520b33-a0ac-4f8b-8ad4-77abd1f334f2','default',-1,-1,'默认组',NULL,'dc340309-44d7-4fea-9cea-534e0299fe8b',NULL,'72f3016d-3c89-477d-bfbc-dfc80b594ff7',NULL,1,'2020-05-01 00:00:00','2020-07-30 20:27:35','2020-07-30 20:27:35'),('ade5ffb5-776b-4140-82fa-1f9c7f56a38b','default',-1,-1,'默认组',NULL,'6055f856-a2ce-4fa0-8678-c914b660717c',NULL,'e576cc25-c825-4842-83de-7cb563792158',NULL,1,'2020-05-01 00:00:00','2020-07-30 20:27:35','2020-07-30 20:27:35'),('b29e0178-b171-4043-868f-552e98f98e8c','default',-1,-1,'默认组',NULL,'767967e4-fe2b-4a89-9abe-a707a398d4b8',NULL,'9b2256fb-a479-4e21-b100-44643f9fe6d9',NULL,1,'2020-05-01 00:00:00','2020-07-30 20:27:35','2020-07-30 20:27:35'),('b414363b-ea37-4dcc-97d8-35e1186101f9','default',-1,-1,'默认组',NULL,'12f8e9ff-4497-47a0-ae1f-838653c6d07f',NULL,'5cb32ac8-743f-4afa-b4c6-ee86d4590f53',NULL,1,'2020-05-01 00:00:00','2020-07-30 20:27:35','2020-07-30 20:27:35'),('b50431b0-1627-40b7-be8d-b03c3c860f7e','default',-1,-1,'默认组',NULL,'5ad72a7a-019d-4303-9e49-208d207781eb',NULL,'fde3cba7-61bd-4807-8d14-944f52cf4643',NULL,1,'2020-05-01 00:00:00','2020-07-30 20:27:35','2020-07-30 20:27:35'),('b5ddd47f-57fe-4216-9de8-30718952244c','default',-1,-1,'默认组','66a4fa9c-8c82-43ec-b461-05fd6d8b3297','44775c75-f8ce-46e8-b9bc-610339a82ac6',NULL,'64f2931c-e4d5-4d3d-877d-e94c23bc8d74',NULL,1,'2020-05-01 00:00:00','2020-07-30 20:27:36','2020-07-30 20:27:36'),('b69c6699-2d38-4404-a63b-aafc10c35b40','default',-1,-1,'默认组',NULL,'53896149-bf28-4c6d-bc07-9e28fc92880e',NULL,'38eed670-be2e-43fc-8d50-9b3fba1cdac5',NULL,1,'2020-05-01 00:00:00','2020-07-30 20:31:40','2020-07-30 20:31:40'),('badf5125-8312-407c-9e22-e03d679d9352','default',-1,-1,'默认组',NULL,'53896149-bf28-4c6d-bc07-9e28fc92880e',NULL,'a4373cc3-abfe-4747-861d-a1557db5fdce',NULL,1,'2020-05-01 00:00:00','2020-07-30 20:31:40','2020-07-30 20:31:40'),('bd84bfef-bce0-47ad-b6d1-ddede4c1111c','default',-1,-1,'默认组','31945272-f36f-425d-8720-c039d3871a0b','ca0c186b-acbe-4d4f-8079-1dd1f8b6aa66',NULL,'c5704364-00e0-4398-852e-6b1118412578',NULL,1,'2020-05-01 00:00:00','2020-07-30 20:31:42','2020-07-30 20:31:42'),('bde35043-391d-4ac1-bfc3-32f178203e60','default',-1,-1,'默认组',NULL,'53896149-bf28-4c6d-bc07-9e28fc92880e',NULL,'9ef377a2-9bb8-499b-b1fe-fa012e628918',NULL,1,'2020-05-01 00:00:00','2020-07-30 20:31:40','2020-07-30 20:31:40'),('bed11d5c-84e2-43f8-86c2-1b84b2b5382a','default',-1,-1,'默认组',NULL,'9bb86e38-2898-4029-a42d-f4bfded7068b',NULL,'307c5ffa-2616-4064-a368-50368f7194db',NULL,1,'2020-05-01 00:00:00','2020-07-30 20:27:35','2020-07-30 20:27:35'),('c05d4a31-571e-414c-8c92-caab4b0b0714','default',-1,-1,'默认组',NULL,'bf7f3d98-ce82-450d-9cfe-23aac2fc195c',NULL,'061938a5-5a7b-473a-9b75-8d8c37debbcc',NULL,1,'2020-05-01 00:00:00','2020-07-30 20:27:34','2020-07-30 20:27:34'),('c1410256-2ae4-4fc4-b901-283dec113364','default',-1,-1,'默认组',NULL,'6eec7ed5-69c9-4126-a9f9-d435a6f744fb',NULL,'aa50e0d1-352f-4272-875b-7820bf4f582a',NULL,1,'2020-05-01 00:00:00','2020-07-30 20:31:40','2020-07-30 20:31:40'),('c190c3b2-6557-4c54-bb70-ac3e957b6e7e','default',-1,-1,'默认组','ae0f7a64-5aca-42a7-9e1f-26d3afa2d120','13f3cad9-a21f-4d19-9939-49433f4b857d',NULL,'f949bb68-6c43-4bc8-af6b-767491ae0b21',NULL,1,'2020-05-01 00:00:00','2020-07-30 20:27:37','2020-07-30 20:27:37'),('c3abade1-020e-485d-a89b-b098255e4922','default',-1,-1,'默认组',NULL,'3888fbd2-291f-4072-8e5c-1696aad0b267',NULL,'cf6ce33b-a0f3-4a03-a251-28cad9d6452e',NULL,1,'2020-05-01 00:00:00','2020-07-30 20:31:40','2020-07-30 20:31:40'),('c7897f1d-29cd-463a-b71e-3c46fb8aa7e4','default',-1,-1,'默认组',NULL,'11423f6d-0979-432f-a947-77ff327feeba',NULL,'a29f4559-612e-4b0a-9817-9e0e961b60c7',NULL,1,'2020-05-01 00:00:00','2020-07-30 20:27:35','2020-07-30 20:27:35'),('c7e58ce6-821d-41e9-9810-9bbf40738699','default',-1,-1,'默认组',NULL,'56affeb0-9960-4d05-9030-0160b2740603',NULL,'b45788bc-f865-424b-9e44-18eec3a55258',NULL,1,'2020-05-01 00:00:00','2020-07-30 20:27:35','2020-07-30 20:27:35'),('c8295b06-2c9d-49c7-8b1e-4ef6a9f5ee2f','default',-1,-1,'默认组',NULL,'f5ec9a45-78ba-4b6f-ad50-c10d937132f7',NULL,'0dfb188e-8c95-4288-b583-62f79d0cde09',NULL,1,'2020-05-01 00:00:00','2020-07-30 20:27:35','2020-07-30 20:27:35'),('ca8ef4b5-89a1-4cb0-a37f-cbd25fc99f0a','default',-1,-1,'默认组','41a795ee-0e46-48e6-9d01-1469f2baaa1d','e7c95fb2-3797-4212-adb1-68b4f861a1e1',NULL,'403bae6b-49bc-4253-a904-b0d0782754ab',NULL,1,'2020-05-01 00:00:00','2020-07-30 20:27:36','2020-07-30 20:27:36'),('ca9bdce9-2f66-4902-9435-b59541a1ba27','default',-1,-1,'默认组',NULL,'9e192225-401b-459d-a763-a1a0e8d3b3d1',NULL,'ac24d053-2085-4562-a27f-4ff352541c62',NULL,1,'2020-05-01 00:00:00','2020-07-30 20:27:35','2020-07-30 20:27:35'),('cf053541-3e24-49fc-b0bd-a04317c39d38','default',-1,-1,'默认组','707ffd79-0d49-401c-917c-44104b22fafe','45d53fa5-2193-483f-8752-b788da07ee9d',NULL,'9097626f-11f6-4a28-8997-eb79629231e5',NULL,1,'2020-05-01 00:00:00','2020-07-30 20:27:37','2020-07-30 20:27:37'),('cf879aab-7910-4a23-9df8-42e92226acf7','default',-1,-1,'默认组','c45ce81a-737d-4b1f-8dbc-86d1eefae641','271c1b6a-89e0-439b-9607-bfb9bdb24b7c',NULL,'80cde219-efbe-47b2-bb5e-66d7b3be83b9',NULL,1,'2020-05-01 00:00:00','2020-07-30 20:27:36','2020-07-30 20:27:36'),('d03bf613-d7c6-43a9-b3b7-7d5921801e04','default',-1,-1,'默认组','31945272-f36f-425d-8720-c039d3871a0b','ca0c186b-acbe-4d4f-8079-1dd1f8b6aa66',NULL,'73464421-29cc-421b-99b1-91f2b854354f',NULL,1,'2020-05-01 00:00:00','2020-07-30 20:31:43','2020-07-30 20:31:43'),('d400de36-5d76-4f11-b575-a22e02fa84ad','default',-1,-1,'默认组',NULL,'33d5453a-a69d-44a7-8fcc-6eecb8e5ec70',NULL,'3fcd8885-bb34-4ad5-a81c-590deff99faf',NULL,1,'2020-05-01 00:00:00','2020-07-30 20:27:35','2020-07-30 20:27:35'),('d98a7ff7-5fc3-4270-a262-787dbe458a88','default',-1,-1,'默认组','639c192d-6a6c-4da0-b130-671a36372e80','fb07f7e4-2810-429d-9eaf-aebf1e50385e',NULL,'42b603ed-5e58-40b5-b70b-27372836e8e4',NULL,1,'2020-05-01 00:00:00','2020-07-30 20:27:37','2020-07-30 20:27:37'),('dfa7c6b0-44e4-417a-9ceb-390deb046ed6','default',-1,-1,'默认组','93187c2a-2c0d-4c3f-9c82-6119c6b0544a','25cd3758-fa7d-4e34-8e03-07dda42a11ef',NULL,'30382fbb-19d9-461d-9483-c64dbbcdb29f',NULL,1,'2020-05-01 00:00:00','2020-07-30 20:32:21','2020-07-30 20:32:21'),('e325c5b0-bae6-4beb-bdad-b8c01cc44303','default',-1,-1,'默认组',NULL,'e506c1a2-ebff-404b-bb3e-c611fb026281',NULL,'a8901e76-d8fe-43cb-90fb-9341d600ebe0',NULL,1,'2020-05-01 00:00:00','2020-07-30 20:27:34','2020-07-30 20:27:34'),('e588b75a-18fd-4742-8833-01f5d180f7ca','default',-1,-1,'默认组','6ca99d79-558d-49c1-b058-aff28f428e70','a8261063-c1c6-4d03-b42d-6730b33b8f45',NULL,'ec8be6df-f5b0-4328-9577-e96850e3a6ef',NULL,1,'2020-05-01 00:00:00','2020-07-30 20:31:43','2020-07-30 20:31:43'),('e5d48665-25ca-4b48-b36b-66f23d6227e7','default',-1,-1,'默认组',NULL,'22a29ccf-1367-4ecc-ad8f-bbd955047936',NULL,'e085be10-dd41-41ee-b278-716d7496627b',NULL,1,'2020-05-01 00:00:00','2020-07-30 20:31:40','2020-07-30 20:31:40'),('e89d886d-5747-4659-8547-84923de6a173','default',-1,-1,'默认组','31945272-f36f-425d-8720-c039d3871a0b','c33a593e-38b6-44e4-9f0c-bbeecd82095f',NULL,'83554b03-8bc0-4f72-85ca-2db888259fc6',NULL,1,'2020-05-01 00:00:00','2020-07-30 20:31:43','2020-07-30 20:31:43'),('ec49de0c-4a14-4f83-9cdc-592bb81a7232','default',-1,-1,'默认组',NULL,'6227e907-a951-4391-ba79-8e2b4b0fb64a',NULL,'7354b5c2-7af0-4dd0-ad83-edcf46feb8fc',NULL,1,'2020-05-01 00:00:00','2020-07-30 20:27:34','2020-07-30 20:27:34'),('ed098d07-29ba-4462-90be-6d6f85903e29','default',-1,-1,'默认组','458e2acd-3fb5-40a8-a3e2-afe73d1820b2','e7c95fb2-3797-4212-adb1-68b4f861a1e1',NULL,'a544d294-fa60-457a-9ca6-e9bdb1f65c3a',NULL,1,'2020-05-01 00:00:00','2020-07-30 20:27:36','2020-07-30 20:27:36'),('f8d9649d-6141-47ea-97f7-aebdaa5462a0','default',-1,-1,'默认组','6ca99d79-558d-49c1-b058-aff28f428e70','a8261063-c1c6-4d03-b42d-6730b33b8f45',NULL,'d63789c7-a4d7-47c1-b47f-658dadf5de34',NULL,1,'2020-05-01 00:00:00','2020-07-30 20:31:43','2020-07-30 20:31:43');
/*!40000 ALTER TABLE `abTestGroup` ENABLE KEYS */;
UNLOCK TABLES;

--
-- Table structure for table `abTestMap`
--

DROP TABLE IF EXISTS `abTestMap`;
/*!40101 SET @saved_cs_client     = @@character_set_client */;
/*!40101 SET character_set_client = utf8 */;
CREATE TABLE `abTestMap` (
  `id` char(36) NOT NULL,
  `place` varchar(30) NOT NULL,
  `adGroupId` char(36) DEFAULT NULL,
  `abTestGroupId` char(36) NOT NULL,
  `creatorId` char(36) DEFAULT NULL,
  `active` tinyint(1) NOT NULL,
  `createdAt` timestamp NOT NULL DEFAULT CURRENT_TIMESTAMP,
  `updatedAt` timestamp NOT NULL DEFAULT CURRENT_TIMESTAMP ON UPDATE CURRENT_TIMESTAMP,
  PRIMARY KEY (`id`),
  UNIQUE KEY `idx_place` (`place`,`abTestGroupId`)
) ENGINE=InnoDB DEFAULT CHARSET=utf8mb4;
/*!40101 SET character_set_client = @saved_cs_client */;

--
-- Dumping data for table `abTestMap`
--

LOCK TABLES `abTestMap` WRITE;
/*!40000 ALTER TABLE `abTestMap` DISABLE KEYS */;
INSERT INTO `abTestMap` VALUES ('02b0f013-235b-411e-b907-29a4242772c9','banner','eebba8c3-9075-4f5f-b412-c315c3e68baa','1ade12f1-8f70-40fb-ba5d-45639ca38fd2',NULL,1,'2020-07-30 20:27:37','2020-07-30 20:27:37'),('02b596f0-f5ce-4481-977b-1a793060ca00','rewardvideo','eee98217-ab44-472a-b46a-b2a2013ff3f7','d03bf613-d7c6-43a9-b3b7-7d5921801e04',NULL,1,'2020-07-30 20:31:43','2020-07-30 20:31:43'),('045ee44a-6a19-40dc-a150-3d1b62fbcaad','interstitial','29dc31fc-7134-4baa-9696-1ca9ea88a7ce','9e484263-fdf9-455c-b32f-e0e46bc387f3',NULL,1,'2020-07-30 20:31:43','2020-07-30 20:31:43'),('0497d68e-a70a-4360-a58a-9a77feaac6a2','interstitial','18f75ab8-7b7d-43c3-bf79-8fa56873ff0c','8216edcc-989b-4103-b8d4-d42479194108',NULL,1,'2020-07-30 20:27:36','2020-07-30 20:27:36'),('05261db2-5f00-4f2c-8f83-241ec831ac68','interstitial','0cdd753c-a8b4-4c9b-a09e-78f17bef47f7','2f4c9d58-c0fe-481d-9037-da89ff5cf142',NULL,1,'2020-07-30 20:32:22','2020-07-30 20:32:22'),('0b359341-b15b-4ca6-868f-a6cb5535db8c','banner','6aecfc90-10ba-4d95-9a75-61b45fe2d86b','51775438-96e4-46dd-9671-2690bbed47fa',NULL,1,'2020-07-30 20:31:43','2020-07-30 20:31:43'),('0bd9626d-6812-4d5d-b98a-200178e65ff8','banner','977649ed-a1c8-4026-aeb4-497492401ec2','dfa7c6b0-44e4-417a-9ceb-390deb046ed6',NULL,1,'2020-07-30 20:32:21','2020-07-30 20:32:21'),('0d2059e5-00b7-441a-8104-74066c91f9e2','banner','3aa128f3-6342-4359-8c5f-16c4392913dd','6edbe358-3001-4fef-a91a-ec585f14b9b7',NULL,1,'2020-07-30 20:27:35','2020-07-30 20:27:35'),('0f3559f9-8d8e-459d-a53f-047dae34fd03','banner','09a9b6d9-0ad5-423d-a326-ce880fbdb597','42cb9217-9f3a-45ba-9f9c-3f36ecf21f20',NULL,1,'2020-07-30 20:27:37','2020-07-30 20:27:37'),('0fbacb92-c2e9-4572-8a44-3795988c4d01','interstitial','8d4479bf-df75-495d-a375-e50452965398','38a67fc0-ed76-4c92-9839-d431ba341803',NULL,1,'2020-07-30 20:27:37','2020-07-30 20:27:37'),('131d45b3-2cb5-44a5-9ca6-d10b31b51d29','interstitial','29dc31fc-7134-4baa-9696-1ca9ea88a7ce','d03bf613-d7c6-43a9-b3b7-7d5921801e04',NULL,1,'2020-07-30 20:31:43','2020-07-30 20:31:43'),('14aee8b0-3d5a-4d58-b566-860053eff2f3','banner','5f8543ee-fc23-471c-ad23-a235e5e5426d','ca8ef4b5-89a1-4cb0-a37f-cbd25fc99f0a',NULL,1,'2020-07-30 20:27:36','2020-07-30 20:27:36'),('1536bfdc-ccd9-4b1c-ab7c-59cb3de6e66a','rewardvideo','be87a385-9cb7-467d-bf15-831d861e1ed0','7d4e1064-2a81-4b32-be4e-37b35cef061a',NULL,1,'2020-07-30 20:27:36','2020-07-30 20:27:36'),('15d5b6a7-561f-4120-a93c-00877784bacc','interstitial','29dc31fc-7134-4baa-9696-1ca9ea88a7ce','2f28b8a9-2e31-4759-877d-087af68ff711',NULL,1,'2020-07-30 20:31:43','2020-07-30 20:31:43'),('1df087e8-6b21-4ce5-902d-1c2b5d30b5ba','banner','6aecfc90-10ba-4d95-9a75-61b45fe2d86b','14203878-e769-4c84-9490-f3e9c5efceaf',NULL,1,'2020-07-30 20:31:43','2020-07-30 20:31:43'),('1e6ca704-9fab-448e-9252-a5801d2fef8f','interstitial','9804dd89-800d-4649-ac12-155acef7040a','ed098d07-29ba-4462-90be-6d6f85903e29',NULL,1,'2020-07-30 20:27:36','2020-07-30 20:27:36'),('21c151da-c07d-4e19-b291-c848f1726152','interstitial','29dc31fc-7134-4baa-9696-1ca9ea88a7ce','71952d01-4115-4583-8c66-892dae925979',NULL,1,'2020-07-30 20:31:43','2020-07-30 20:31:43'),('240f96db-6ef9-414a-bf3e-a1fb16b51509','banner','6aecfc90-10ba-4d95-9a75-61b45fe2d86b','0193f775-4d8a-4b91-be02-12d8349fbcfb',NULL,1,'2020-07-30 20:31:42','2020-07-30 20:31:42'),('26239bc1-1403-43c7-af93-62222655993f','banner','6aecfc90-10ba-4d95-9a75-61b45fe2d86b','2f28b8a9-2e31-4759-877d-087af68ff711',NULL,1,'2020-07-30 20:31:43','2020-07-30 20:31:43'),('26c96f32-6266-4b30-9f1d-7d59f8b0dca2','banner','037fde04-bdca-48f2-b750-140c383a6b99','8216edcc-989b-4103-b8d4-d42479194108',NULL,1,'2020-07-30 20:27:36','2020-07-30 20:27:36'),('2712c759-d48e-4fd9-b774-acf695852e84','interstitial','84684225-262a-4063-b049-6aba1f781937','649e6d2b-63af-4f0d-93bb-4fcf963264c7',NULL,1,'2020-07-30 20:27:36','2020-07-30 20:27:36'),('29586935-6166-4b6b-b8da-43e8d2d950eb','interstitial','20820a4b-3923-446f-922e-3e2019f54027','1bf0b4e6-b1f6-4350-9913-78ec1e1526f0',NULL,1,'2020-07-30 20:27:37','2020-07-30 20:27:37'),('29c263e4-925b-4d0d-b7a0-10e1a64575ab','rewardvideo','8f67b8b4-49dd-45fe-b093-95cc6f89f18c','8216edcc-989b-4103-b8d4-d42479194108',NULL,1,'2020-07-30 20:27:36','2020-07-30 20:27:36'),('3418fb61-dab3-49fb-a4c0-00fc51987d49','rewardvideo','eee98217-ab44-472a-b46a-b2a2013ff3f7','0969e5f8-6e12-4fe4-a506-bfa175bdc2c1',NULL,1,'2020-07-30 20:31:43','2020-07-30 20:31:43'),('355e7242-4575-42ff-a6ed-9d27c8213362','banner','de915ab0-62f0-4e3b-a7e3-1fd66b78f2da','7bf0a977-c9eb-4949-ba2a-7b421120c0ef',NULL,1,'2020-07-30 20:31:43','2020-07-30 20:31:43'),('36752c82-d789-4542-ac40-4c4954cdcfbe','banner','6aecfc90-10ba-4d95-9a75-61b45fe2d86b','9e484263-fdf9-455c-b32f-e0e46bc387f3',NULL,1,'2020-07-30 20:31:43','2020-07-30 20:31:43'),('37a42b31-c675-4dde-821d-531eb337b15b','interstitial','ce2ce4bd-ae70-4a9e-bf50-fdda2ab15b39','5b361a87-2503-4be6-a6a8-29f928334899',NULL,1,'2020-07-30 20:27:36','2020-07-30 20:27:36'),('395cf29e-a0b8-4b96-8612-9464f41793ee','banner','d14137e1-1c8e-4d9b-931e-1e4116c10d38','2f4c9d58-c0fe-481d-9037-da89ff5cf142',NULL,1,'2020-07-30 20:32:22','2020-07-30 20:32:22'),('3a64d4ce-d2d8-4171-995d-42d37258dda8','banner','4a34c209-1584-4981-a3c5-3b8c22a79b6b','0e66f0fc-5700-4f2a-866a-132400204b6c',NULL,1,'2020-07-30 20:27:35','2020-07-30 20:27:35'),('3b015b22-729b-45f9-8ceb-860a4b2ec37b','banner','5a80e2ef-0848-476d-8aae-40cae9c27980','09622663-7fb5-400f-aca0-0ac982fc4b79',NULL,1,'2020-07-30 20:27:36','2020-07-30 20:27:36'),('3cc72d7e-2308-46e1-ba78-7ff71a9a4776','interstitial','395b0d59-16ae-443f-a300-fd4dad257775','bd84bfef-bce0-47ad-b6d1-ddede4c1111c',NULL,1,'2020-07-30 20:31:42','2020-07-30 20:31:42'),('3ce479da-32c9-44cd-97ab-ac746d42f586','banner','88af0eee-38d4-4da6-8556-a8ba31bc7ce9','649e6d2b-63af-4f0d-93bb-4fcf963264c7',NULL,1,'2020-07-30 20:27:36','2020-07-30 20:27:36'),('3d4adbfb-e24c-43d1-8aa1-3b32ae310256','banner','db83dfee-8808-4ca6-889d-f50001a823fd','5af3f719-b0b5-4ecc-b4ae-3677efa91276',NULL,1,'2020-07-30 20:27:37','2020-07-30 20:27:37'),('3e477b6f-7283-4baf-b854-dcdfab4cbd19','native_menu','4442cb5d-0f51-4671-8b3e-36fe5f9fb6f3','30ea79b1-6ccf-4a99-8d4f-5ac9e86b1e7c',NULL,1,'2020-07-30 20:32:22','2020-07-30 20:32:22'),('3e6243c8-af3d-4109-aed8-61de653cc7d4','rewardvideo','eee98217-ab44-472a-b46a-b2a2013ff3f7','0193f775-4d8a-4b91-be02-12d8349fbcfb',NULL,1,'2020-07-30 20:31:42','2020-07-30 20:31:42'),('3fe104cc-785c-423b-bb57-8a42167fa6bd','banner','6cd6b135-0e5b-4fd2-8836-0c158196c5cf','38a67fc0-ed76-4c92-9839-d431ba341803',NULL,1,'2020-07-30 20:27:37','2020-07-30 20:27:37'),('3fe3208c-8b06-4a34-a30d-bc851019519c','interstitial','29dc31fc-7134-4baa-9696-1ca9ea88a7ce','51775438-96e4-46dd-9671-2690bbed47fa',NULL,1,'2020-07-30 20:31:43','2020-07-30 20:31:43'),('416a447a-d1b1-4782-b8b7-4de81da13c38','interstitial','29dc31fc-7134-4baa-9696-1ca9ea88a7ce','0193f775-4d8a-4b91-be02-12d8349fbcfb',NULL,1,'2020-07-30 20:31:42','2020-07-30 20:31:42'),('445ae4d2-4493-4a34-86ab-b9e303b33d97','banner','358df626-663c-4eed-b05a-08a3bf34dd5b','a8832e57-adb2-4b66-a517-8761d561dab8',NULL,1,'2020-07-30 20:27:37','2020-07-30 20:27:37'),('47cbf781-4c56-4704-ab96-d31f36bc653b','interstitial','16dfb447-f686-4759-8a62-718d9494b43a','96ddbf4b-adcd-4a49-886d-5d722c4cb04d',NULL,1,'2020-07-30 20:27:37','2020-07-30 20:27:37'),('48bb5412-48b5-445a-8f18-06bd0b41b03c','native_menu','fb8f7819-4679-4963-92d1-c28de2a867fe','dfa7c6b0-44e4-417a-9ceb-390deb046ed6',NULL,1,'2020-07-30 20:32:21','2020-07-30 20:32:21'),('49a188c3-dc36-4afa-b5e0-de2499ffc74c','interstitial','e33cf3cf-1bae-4913-b9b2-9cc59e896592','08037b73-29c7-4ffc-b1b7-4a09a5f6f447',NULL,1,'2020-07-30 20:27:36','2020-07-30 20:27:36'),('4ad2846d-571e-41ee-8837-c1c19f7cfb5f','interstitial','47723d42-031d-4b94-9ba9-eb42aa08ae21','94e88107-7536-4991-809a-c4144e110243',NULL,1,'2020-07-30 20:27:36','2020-07-30 20:27:36'),('4e0f9214-0635-4962-8acd-cbf2949f390c','interstitial','1e8389ef-0928-4d6c-ad96-aecdb1228fea','1ade12f1-8f70-40fb-ba5d-45639ca38fd2',NULL,1,'2020-07-30 20:27:37','2020-07-30 20:27:37'),('4fff3b51-bbfe-49fa-a2cb-a09dde3061d5','interstitial','2f7d4154-6208-45ab-b243-4e08a7999ca2','7bf0a977-c9eb-4949-ba2a-7b421120c0ef',NULL,1,'2020-07-30 20:31:43','2020-07-30 20:31:43'),('500dc194-8da2-40a6-9744-3b1d31ce7240','interstitial','f6da64f5-d077-476f-af8c-3c4a9d51c5bb','5af3f719-b0b5-4ecc-b4ae-3677efa91276',NULL,1,'2020-07-30 20:27:37','2020-07-30 20:27:37'),('54496ae9-528e-44b8-897f-56838daacb0d','banner','2171fe36-64ad-4ff2-9455-b5ec5fc33b3d','871f10d3-5847-4dff-bb14-6a84f322ae78',NULL,1,'2020-07-30 20:27:37','2020-07-30 20:27:37'),('54d7e023-bde4-41de-ae09-99c495d0f622','banner','13417e9e-d73e-486d-808d-c625a64c9f28','d98a7ff7-5fc3-4270-a262-787dbe458a88',NULL,1,'2020-07-30 20:27:37','2020-07-30 20:27:37'),('5546e80e-b471-44e2-a20b-0bb865b7d4cf','banner','6bfba396-96f5-4ea8-bd52-5b44629b2706','37774956-94bf-41f6-8343-f739c8d55d24',NULL,1,'2020-07-30 20:27:36','2020-07-30 20:27:36'),('56cafa55-238c-43fc-a714-23ee4e6a8a03','interstitial','0009c4db-8334-4672-8112-296a52f41da2','9e005350-99dd-4d4c-bd2c-3e691e85f301',NULL,1,'2020-07-30 20:27:36','2020-07-30 20:27:36'),('57084175-5854-49e0-bbc9-86fe71bddbd9','interstitial','523d2095-6928-48bd-9769-b757b3ca874d','30ea79b1-6ccf-4a99-8d4f-5ac9e86b1e7c',NULL,1,'2020-07-30 20:32:22','2020-07-30 20:32:22'),('5713ac3d-4944-4c48-810b-cd0b68ba0677','interstitial','29dc31fc-7134-4baa-9696-1ca9ea88a7ce','87603eb0-ff2b-4b38-94c9-f7ca42c56ace',NULL,1,'2020-07-30 20:31:43','2020-07-30 20:31:43'),('57758b5d-7583-44b4-8306-582e76ff9c69','interstitial','ca456a0a-2344-43d7-9edb-b95d8d467a34','442a690c-fb8b-4167-9eda-c1542b2bbdf5',NULL,1,'2020-07-30 20:27:35','2020-07-30 20:27:35'),('58a03724-2196-4d2e-9c31-0bd921a04d04','interstitial','29dc31fc-7134-4baa-9696-1ca9ea88a7ce','e89d886d-5747-4659-8547-84923de6a173',NULL,1,'2020-07-30 20:31:43','2020-07-30 20:31:43'),('5f0ef768-82ee-4a0d-a54c-86e9ed5535b7','interstitial','38bc2764-359b-4cb8-9c9c-9ad1c5c2e56b','ca8ef4b5-89a1-4cb0-a37f-cbd25fc99f0a',NULL,1,'2020-07-30 20:27:36','2020-07-30 20:27:36'),('5f599bf6-5a2a-4af5-b37d-b088cfb3f87b','rewardvideo','eee98217-ab44-472a-b46a-b2a2013ff3f7','e89d886d-5747-4659-8547-84923de6a173',NULL,1,'2020-07-30 20:31:43','2020-07-30 20:31:43'),('60eec561-e461-4c0d-9930-29a867704246','banner','ca5babfd-ec44-4831-a064-4d0bbe1521ea','c190c3b2-6557-4c54-bb70-ac3e957b6e7e',NULL,1,'2020-07-30 20:27:37','2020-07-30 20:27:37'),('6198d7cd-5a6e-4de1-8445-c80cfc7f8fac','banner','6b196731-2c35-4c15-9db2-0ced1b6e8009','30ea79b1-6ccf-4a99-8d4f-5ac9e86b1e7c',NULL,1,'2020-07-30 20:32:22','2020-07-30 20:32:22'),('6709ac7b-d3d1-4f5d-b6ab-385a2e9ec688','banner','c518e82f-81c5-4380-8140-d8c884d570f8','a382dc26-4588-4da6-bd0b-8e6036c4e8ab',NULL,1,'2020-07-30 20:27:37','2020-07-30 20:27:37'),('6b817e86-379f-4158-ba2b-ab99961559f6','banner','de915ab0-62f0-4e3b-a7e3-1fd66b78f2da','f8d9649d-6141-47ea-97f7-aebdaa5462a0',NULL,1,'2020-07-30 20:31:43','2020-07-30 20:31:43'),('6eae9b3a-a668-441c-a6cf-6a50d5283f04','banner','6aecfc90-10ba-4d95-9a75-61b45fe2d86b','71952d01-4115-4583-8c66-892dae925979',NULL,1,'2020-07-30 20:31:43','2020-07-30 20:31:43'),('6f83a183-7692-47f7-ab69-231728b87e95','interstitial','821f3463-9117-4d2a-b0ed-dda7ed05340f','6edbe358-3001-4fef-a91a-ec585f14b9b7',NULL,1,'2020-07-30 20:27:35','2020-07-30 20:27:35'),('6fe86735-2ebf-41aa-8575-ad4184252ffc','banner','6aecfc90-10ba-4d95-9a75-61b45fe2d86b','87603eb0-ff2b-4b38-94c9-f7ca42c56ace',NULL,1,'2020-07-30 20:31:43','2020-07-30 20:31:43'),('7140d658-4b68-44c3-9a19-e8eb1973c3f8','interstitial','197e521a-e56d-49a2-8fde-26f89ca6ccb7','a8832e57-adb2-4b66-a517-8761d561dab8',NULL,1,'2020-07-30 20:27:37','2020-07-30 20:27:37'),('75ee8611-1cfa-4fb5-b410-5349e74e9e04','banner','4cbbe43a-0469-4f25-be98-870701d301a3','736b8497-5066-4fa8-a374-1af22253bc7a',NULL,1,'2020-07-30 20:27:36','2020-07-30 20:27:36'),('7bca2e5d-b212-4d5c-bfae-08ccb4114bbf','interstitial','a76e15a7-f225-4338-9297-872cf4cd3c00','80971f33-5403-460b-b568-40e517f533e7',NULL,1,'2020-07-30 20:27:36','2020-07-30 20:27:36'),('7e39e761-428b-43d3-b67d-56e897235ea2','banner','de915ab0-62f0-4e3b-a7e3-1fd66b78f2da','e588b75a-18fd-4742-8833-01f5d180f7ca',NULL,1,'2020-07-30 20:31:43','2020-07-30 20:31:43'),('868d1868-09c6-4a59-859f-e0777a5e79a8','rewardvideo','eee98217-ab44-472a-b46a-b2a2013ff3f7','87603eb0-ff2b-4b38-94c9-f7ca42c56ace',NULL,1,'2020-07-30 20:31:43','2020-07-30 20:31:43'),('8a097730-f9d5-4831-a97c-08b75693fe7a','rewardvideo','e0e6ea04-d46e-4397-a5e2-594f3143745a','e588b75a-18fd-4742-8833-01f5d180f7ca',NULL,1,'2020-07-30 20:31:43','2020-07-30 20:31:43'),('8a79ef02-290d-4e04-b606-74e869701f56','rewardvideo','eee98217-ab44-472a-b46a-b2a2013ff3f7','71952d01-4115-4583-8c66-892dae925979',NULL,1,'2020-07-30 20:31:43','2020-07-30 20:31:43'),('8bb257d7-0b3a-4b9d-8965-cdc7a94f2d3c','interstitial','1e58ae8f-2baa-405b-8786-3a5b6e286593','1b316a80-be67-4a0f-ba36-b5a92d435aab',NULL,1,'2020-07-30 20:27:36','2020-07-30 20:27:36'),('8f7de484-cca0-491a-ac61-d5d24fa5ab79','banner','a01eff52-4362-487f-a7a0-3d4e3d81b7c5','7d4e1064-2a81-4b32-be4e-37b35cef061a',NULL,1,'2020-07-30 20:27:36','2020-07-30 20:27:36'),('90d541dd-2114-4f70-8634-c64928a9cadd','banner','cf997f2f-a413-45c2-8d77-6194064a53dd','b5ddd47f-57fe-4216-9de8-30718952244c',NULL,1,'2020-07-30 20:27:36','2020-07-30 20:27:36'),('93d887c5-1ffd-420b-96db-4d7097f349b8','banner','6aecfc90-10ba-4d95-9a75-61b45fe2d86b','0969e5f8-6e12-4fe4-a506-bfa175bdc2c1',NULL,1,'2020-07-30 20:31:43','2020-07-30 20:31:43'),('962ab8a7-56eb-45ae-96b0-b8fe8cc3624e','banner','de915ab0-62f0-4e3b-a7e3-1fd66b78f2da','09fad160-22ec-437d-8710-5893b16e5a46',NULL,1,'2020-07-30 20:31:43','2020-07-30 20:31:43'),('97a7ec1e-b21a-468a-beaa-33649cb0340f','rewardvideo','1787c13c-49cb-480c-a269-09b699d1e0f1','27a0e4e2-ce9d-4e5e-bc46-7825583c6e12',NULL,1,'2020-07-30 20:31:42','2020-07-30 20:31:42'),('985e8678-e86b-4b37-8cd4-56da58390028','rewardvideo','eee98217-ab44-472a-b46a-b2a2013ff3f7','93db4774-8f46-4250-9619-46d068a19c10',NULL,1,'2020-07-30 20:31:43','2020-07-30 20:31:43'),('9b2e3a00-71f1-4304-aea4-ceb2d157a700','banner','a21eabb1-8bae-4726-9b8d-7d6d5765dcad','9e005350-99dd-4d4c-bd2c-3e691e85f301',NULL,1,'2020-07-30 20:27:36','2020-07-30 20:27:36'),('9c952bd0-59ea-43a2-ac2d-dbbd301c8b7e','rewardvideo','eee98217-ab44-472a-b46a-b2a2013ff3f7','2f28b8a9-2e31-4759-877d-087af68ff711',NULL,1,'2020-07-30 20:31:43','2020-07-30 20:31:43'),('9dd2082e-b172-4fd0-8d72-742ab75ded07','banner','3c2a4c62-060c-405f-b9f2-b77638db6951','9daf3d98-5672-4a5a-8c71-679a032fff75',NULL,1,'2020-07-30 20:27:36','2020-07-30 20:27:36'),('9e0cf342-1314-4ee8-9e61-5b9ad9a64da0','interstitial','d06a9bb0-e206-476c-97c9-36ab80927486','37774956-94bf-41f6-8343-f739c8d55d24',NULL,1,'2020-07-30 20:27:36','2020-07-30 20:27:36'),('9fd02c25-503c-48fa-b5d1-4471ae591246','rewardvideo','eee98217-ab44-472a-b46a-b2a2013ff3f7','9e484263-fdf9-455c-b32f-e0e46bc387f3',NULL,1,'2020-07-30 20:31:43','2020-07-30 20:31:43'),('9ff42664-3aea-4385-9f15-2a00081b9698','banner','a45be481-2c27-439d-85a0-5b7aa259e265','442a690c-fb8b-4167-9eda-c1542b2bbdf5',NULL,1,'2020-07-30 20:27:35','2020-07-30 20:27:35'),('a068457a-9964-4d7e-a337-0840d6086326','banner','6aecfc90-10ba-4d95-9a75-61b45fe2d86b','d03bf613-d7c6-43a9-b3b7-7d5921801e04',NULL,1,'2020-07-30 20:31:43','2020-07-30 20:31:43'),('a1a2bba8-bce3-4a22-a0ae-a8d6d654df22','rewardvideo','e0e6ea04-d46e-4397-a5e2-594f3143745a','09fad160-22ec-437d-8710-5893b16e5a46',NULL,1,'2020-07-30 20:31:43','2020-07-30 20:31:43'),('a32fe681-659f-40cf-8847-fd15fb0b4095','banner','f7a4a75d-da46-4246-8a86-bd8081a3c360','08037b73-29c7-4ffc-b1b7-4a09a5f6f447',NULL,1,'2020-07-30 20:27:36','2020-07-30 20:27:36'),('a5e5aff1-e5a6-4efe-b826-6ecfee80450d','interstitial','e391fd45-ab6c-48d5-bb00-374ef1a223cc','c190c3b2-6557-4c54-bb70-ac3e957b6e7e',NULL,1,'2020-07-30 20:27:37','2020-07-30 20:27:37'),('a90ea2e1-9abb-441b-9939-fac92466257d','native','0db38469-6376-46e7-9321-61701c5040e3','bd84bfef-bce0-47ad-b6d1-ddede4c1111c',NULL,1,'2020-07-30 20:31:42','2020-07-30 20:31:42'),('adc2341c-943d-4022-9a77-4eaf56159bb2','rewardvideo','95abbf85-0cdf-4c79-bc60-392cf7c4fcb3','6edbe358-3001-4fef-a91a-ec585f14b9b7',NULL,1,'2020-07-30 20:27:35','2020-07-30 20:27:35'),('ae972024-24cf-4236-8bbb-6d02fe39c622','banner','fafd9df6-f7c7-4d92-9b9b-fe6be21247a3','ed098d07-29ba-4462-90be-6d6f85903e29',NULL,1,'2020-07-30 20:27:36','2020-07-30 20:27:36'),('af5013b3-61b4-404c-9e2e-7b35b06f9098','rewardvideo','e0e6ea04-d46e-4397-a5e2-594f3143745a','f8d9649d-6141-47ea-97f7-aebdaa5462a0',NULL,1,'2020-07-30 20:31:43','2020-07-30 20:31:43'),('b1dfd9c2-6a83-4153-8b0c-536c8965660e','banner','6aecfc90-10ba-4d95-9a75-61b45fe2d86b','93db4774-8f46-4250-9619-46d068a19c10',NULL,1,'2020-07-30 20:31:43','2020-07-30 20:31:43'),('b521a93e-f108-4275-acd4-21a167c5085a','banner','dcac2f56-637d-4d5e-a176-ef78dac2eca5','5b361a87-2503-4be6-a6a8-29f928334899',NULL,1,'2020-07-30 20:27:36','2020-07-30 20:27:36'),('b536dac4-970b-42bf-b1cb-84e054083f88','banner','697409ed-f487-4c8b-b378-6244b64134e2','cf053541-3e24-49fc-b0bd-a04317c39d38',NULL,1,'2020-07-30 20:27:37','2020-07-30 20:27:37'),('b6f53da0-f61f-476e-ad3f-14989d8d8397','interstitial','e52578a2-91b2-4c90-bdb5-1b86ebf58851','0e66f0fc-5700-4f2a-866a-132400204b6c',NULL,1,'2020-07-30 20:27:35','2020-07-30 20:27:35'),('b8451394-63a7-4c79-be9e-15267f988d45','interstitial','d2651457-d0ef-4748-b41b-f5adf3ec47a7','59585e1d-50dd-441e-8ba3-5db93f9b0f98',NULL,1,'2020-07-30 20:27:36','2020-07-30 20:27:36'),('bd1808f0-a39e-4f83-8bd9-8ecf1f308a34','interstitial','29dc31fc-7134-4baa-9696-1ca9ea88a7ce','0969e5f8-6e12-4fe4-a506-bfa175bdc2c1',NULL,1,'2020-07-30 20:31:43','2020-07-30 20:31:43'),('bd3e0950-876f-44c9-85cb-2a856e2ce4fa','interstitial','2f7d4154-6208-45ab-b243-4e08a7999ca2','e588b75a-18fd-4742-8833-01f5d180f7ca',NULL,1,'2020-07-30 20:31:43','2020-07-30 20:31:43'),('bd91d1df-e1ac-457a-82e4-de2561af4821','interstitial','2f7d4154-6208-45ab-b243-4e08a7999ca2','f8d9649d-6141-47ea-97f7-aebdaa5462a0',NULL,1,'2020-07-30 20:31:43','2020-07-30 20:31:43'),('bfeb8927-bfcb-4360-a324-aa4d97e593cd','interstitial','29dc31fc-7134-4baa-9696-1ca9ea88a7ce','93db4774-8f46-4250-9619-46d068a19c10',NULL,1,'2020-07-30 20:31:43','2020-07-30 20:31:43'),('c0bee256-1595-4e1f-bb63-fd134de80791','native_menu','14144258-016b-4dfb-94f9-c7e0783f9388','2f4c9d58-c0fe-481d-9037-da89ff5cf142',NULL,1,'2020-07-30 20:32:22','2020-07-30 20:32:22'),('c1443ab2-d872-4c3d-bf97-6100bafebc85','banner','089f936c-caed-4424-9253-ab80bb5cb179','1bf0b4e6-b1f6-4350-9913-78ec1e1526f0',NULL,1,'2020-07-30 20:27:37','2020-07-30 20:27:37'),('c256eabf-3529-477b-a048-14a50a4eda90','interstitial','aebc8225-f365-40c9-8120-7c7934cc4908','46fcd134-043e-406a-ba12-79c5bed1d7cc',NULL,1,'2020-07-30 20:27:35','2020-07-30 20:27:35'),('c3236e6f-60ef-4563-b4d8-0a1802da0972','banner','7b1a8c8f-5f9a-47b4-8964-5746b63cbc8d','907ddaf4-b6b0-4129-86c7-c11d11b10e03',NULL,1,'2020-07-30 20:27:36','2020-07-30 20:27:36'),('c3cb5961-81c8-45bb-addf-ea92eca1e686','interstitial','f004f7f0-acf7-4d6b-a1f6-5a4a71580b6f','b5ddd47f-57fe-4216-9de8-30718952244c',NULL,1,'2020-07-30 20:27:36','2020-07-30 20:27:36'),('c4e240e5-0d7c-4646-8777-d55791481cdd','banner','a37ef371-93a4-4259-b27a-075c66f1d6d1','27a0e4e2-ce9d-4e5e-bc46-7825583c6e12',NULL,1,'2020-07-30 20:31:42','2020-07-30 20:31:42'),('c674b7c7-94c4-4f29-ad4b-52d69b16c8cf','interstitial','29dc31fc-7134-4baa-9696-1ca9ea88a7ce','14203878-e769-4c84-9490-f3e9c5efceaf',NULL,1,'2020-07-30 20:31:43','2020-07-30 20:31:43'),('c87c5c91-0a02-4988-aadb-f6f47518d7b3','banner','5d2375ed-e801-4fc1-a7a8-edf29eac0f35','80971f33-5403-460b-b568-40e517f533e7',NULL,1,'2020-07-30 20:27:36','2020-07-30 20:27:36'),('c8fcbb52-8b3c-4a25-a984-8d35e79c175f','banner','3beffe83-321b-49c9-8a78-595f91cfbc0f','46fcd134-043e-406a-ba12-79c5bed1d7cc',NULL,1,'2020-07-30 20:27:35','2020-07-30 20:27:35'),('cb0c2d6e-8f15-4b00-bd5b-1e763fd26722','native','f616c632-2769-4ed1-9caf-759968162891','27a0e4e2-ce9d-4e5e-bc46-7825583c6e12',NULL,1,'2020-07-30 20:31:42','2020-07-30 20:31:42'),('cb76c13f-985b-41d8-a791-83a98a1dfefc','banner','d6886e77-b17a-4893-b513-9b637b238d67','bd84bfef-bce0-47ad-b6d1-ddede4c1111c',NULL,1,'2020-07-30 20:31:42','2020-07-30 20:31:42'),('d45b97b2-ab00-42bf-9f06-7c37d2bdd00e','banner','6274c54a-95ab-43f8-bdc1-6185de1f2e52','94e88107-7536-4991-809a-c4144e110243',NULL,1,'2020-07-30 20:27:36','2020-07-30 20:27:36'),('d45f3fab-565b-45d7-89e5-ba3a14f43119','interstitial','2f7d4154-6208-45ab-b243-4e08a7999ca2','09fad160-22ec-437d-8710-5893b16e5a46',NULL,1,'2020-07-30 20:31:43','2020-07-30 20:31:43'),('d5afab5a-e45d-442f-8aaa-3918948f7f53','banner','96027f3d-41f2-46c4-ba5c-77c73091400f','96ddbf4b-adcd-4a49-886d-5d722c4cb04d',NULL,1,'2020-07-30 20:27:37','2020-07-30 20:27:37'),('dbee607f-5fa3-4914-8b30-0266bc72cded','banner','6d5098be-698b-479d-8999-f6bd6e947db0','1b316a80-be67-4a0f-ba36-b5a92d435aab',NULL,1,'2020-07-30 20:27:36','2020-07-30 20:27:36'),('dddb96c8-0305-48b1-aef4-ea0be83ce106','rewardvideo','e0e6ea04-d46e-4397-a5e2-594f3143745a','7bf0a977-c9eb-4949-ba2a-7b421120c0ef',NULL,1,'2020-07-30 20:31:43','2020-07-30 20:31:43'),('deae540a-1e1d-4fa7-bc15-2a8830bfed3b','interstitial','78a00f52-d037-4983-b052-bbbe7cf42ed3','dfa7c6b0-44e4-417a-9ceb-390deb046ed6',NULL,1,'2020-07-30 20:32:21','2020-07-30 20:32:21'),('e767d381-edc3-4c85-9909-8be45d0f766a','rewardvideo','6b65bc01-5d0f-40aa-8b15-45c78ac7d67f','bd84bfef-bce0-47ad-b6d1-ddede4c1111c',NULL,1,'2020-07-30 20:31:42','2020-07-30 20:31:42'),('ea8508a2-6da6-42f9-b886-20ff5b9e031b','rewardvideo','eee98217-ab44-472a-b46a-b2a2013ff3f7','51775438-96e4-46dd-9671-2690bbed47fa',NULL,1,'2020-07-30 20:31:43','2020-07-30 20:31:43'),('eb21114c-9c1d-4aa9-9718-5163afac75b3','banner','486da8b2-c31b-43fc-8f2f-d3af074fa4b4','59585e1d-50dd-441e-8ba3-5db93f9b0f98',NULL,1,'2020-07-30 20:27:36','2020-07-30 20:27:36'),('eb294140-53eb-4a25-8345-3f4343f0fa94','interstitial','e9fcc77f-3e01-4b7f-bf4a-2bf848290acb','907ddaf4-b6b0-4129-86c7-c11d11b10e03',NULL,1,'2020-07-30 20:27:36','2020-07-30 20:27:36'),('eeddcbf1-3efd-4b8f-a828-3dc71c5bac24','interstitial','095eceeb-e0f6-4bdd-9318-f5b5983079bf','7d4e1064-2a81-4b32-be4e-37b35cef061a',NULL,1,'2020-07-30 20:27:36','2020-07-30 20:27:36'),('f4ba9642-2d53-4c93-887b-4c1253e17a59','interstitial','3cc73be6-5c84-4f06-b00f-8dbc50170810','27a0e4e2-ce9d-4e5e-bc46-7825583c6e12',NULL,1,'2020-07-30 20:31:42','2020-07-30 20:31:42'),('facef59f-1913-4a6a-a9d3-f6908574ca3a','banner','1c2da959-0861-4dc2-b6bc-3441f1002043','4d3d8871-c01f-4b9d-b924-a46ddd13aae2',NULL,1,'2020-07-30 20:27:37','2020-07-30 20:27:37'),('fb5b3558-e0fc-47f1-bdab-37adede1d727','banner','6aecfc90-10ba-4d95-9a75-61b45fe2d86b','e89d886d-5747-4659-8547-84923de6a173',NULL,1,'2020-07-30 20:31:43','2020-07-30 20:31:43'),('fda0d175-2e70-4d3e-90ea-895283f6911e','rewardvideo','eee98217-ab44-472a-b46a-b2a2013ff3f7','14203878-e769-4c84-9490-f3e9c5efceaf',NULL,1,'2020-07-30 20:31:43','2020-07-30 20:31:43'),('fe51d444-3455-4a15-988b-bec46e5fc5b2','interstitial','961855a4-1c1e-47f7-8dbc-10d95ae48b59','09622663-7fb5-400f-aca0-0ac982fc4b79',NULL,1,'2020-07-30 20:27:36','2020-07-30 20:27:36');
/*!40000 ALTER TABLE `abTestMap` ENABLE KEYS */;
UNLOCK TABLES;

--
-- Table structure for table `ad`
--

DROP TABLE IF EXISTS `ad`;
/*!40101 SET @saved_cs_client     = @@character_set_client */;
/*!40101 SET character_set_client = utf8 */;
CREATE TABLE `ad` (
  `id` char(36) NOT NULL,
  `name` varchar(100) NOT NULL,
  `placementID` varchar(100) NOT NULL,
  `ecpm` decimal(6,2) NOT NULL,
  `loader` varchar(10) DEFAULT NULL,
  `subloader` varchar(10) DEFAULT NULL,
  `interval` smallint(5) unsigned DEFAULT NULL,
  `weight` tinyint(3) unsigned DEFAULT NULL,
  `bidding` tinyint(1) NOT NULL,
  `adChannelId` char(36) NOT NULL,
  `adTypeId` char(36) NOT NULL,
  `adGroupId` char(36) NOT NULL,
  `productId` char(36) NOT NULL,
  `creatorId` char(36) DEFAULT NULL,
  `active` tinyint(1) NOT NULL,
  `activeTime` timestamp NOT NULL DEFAULT '2020-05-01 00:00:00',
  `createdAt` timestamp NOT NULL DEFAULT CURRENT_TIMESTAMP,
  `updatedAt` timestamp NOT NULL DEFAULT CURRENT_TIMESTAMP ON UPDATE CURRENT_TIMESTAMP,
  PRIMARY KEY (`id`),
  UNIQUE KEY `idx_placementID` (`activeTime`,`adGroupId`,`placementID`),
  UNIQUE KEY `idx_name` (`name`,`activeTime`,`adGroupId`,`adChannelId`)
) ENGINE=InnoDB DEFAULT CHARSET=utf8mb4;
/*!40101 SET character_set_client = @saved_cs_client */;

--
-- Dumping data for table `ad`
--

LOCK TABLES `ad` WRITE;
/*!40000 ALTER TABLE `ad` DISABLE KEYS */;
INSERT INTO `ad` VALUES ('017b441f-561d-47a8-86d3-9d382912853c','B10-Banner-002-Jun','ca-app-pub-1854724225573436/4983007094',3.00,'0','2',60,10,0,'aefd5d30-6c97-4055-bf14-03ec8cc578aa','952750ee-3c29-4308-8197-704cb617e0db','6aecfc90-10ba-4d95-9a75-61b45fe2d86b','8a093ce0-5c0f-48b1-aa44-1b65ed889498',NULL,1,'2020-05-01 00:00:00','2020-07-30 20:31:39','2020-07-30 20:31:39'),('01d72097-dcb8-4841-a41e-e1506a9b159c','1343558665737832_1345160155577683','1343558665737832_1345160155577683',4.00,NULL,NULL,60,10,0,'0acf1c4e-7bc7-4482-9472-6060e5b6084e','952750ee-3c29-4308-8197-704cb617e0db','486da8b2-c31b-43fc-8f2f-d3af074fa4b4','98fa0896-1cbc-485f-ac07-d7d67698b6f1',NULL,1,'2020-05-01 00:00:00','2020-07-30 20:27:30','2020-07-30 20:27:30'),('0229b9d0-e732-4d17-91fd-3ac397f11f04','B1-Banner-003','ca-app-pub-9240980261558928/2455530304',2.00,'2','6',60,10,0,'aefd5d30-6c97-4055-bf14-03ec8cc578aa','952750ee-3c29-4308-8197-704cb617e0db','6b196731-2c35-4c15-9db2-0ced1b6e8009','1ae04a84-41d3-437a-96b9-0c21b903408b',NULL,1,'2020-05-01 00:00:00','2020-07-30 20:32:20','2020-07-30 20:32:20'),('032698b2-a174-41cb-988d-771652c5b692','New-Interstitial-001','ca-app-pub-3144836196842303/1515022101',40.00,NULL,NULL,60,10,0,'aefd5d30-6c97-4055-bf14-03ec8cc578aa','0ef6ba7f-2926-4bda-9da7-e2ee5c251463','095eceeb-e0f6-4bdd-9318-f5b5983079bf','a3941cbd-8150-42b8-9649-cf54b266ef3b',NULL,1,'2020-05-01 00:00:00','2020-07-30 20:27:29','2020-07-30 20:27:29'),('03296e51-f159-4f42-ac32-5e0ea523d634','B10-Interstitial-001_Jun','ca-app-pub-1854724225573436/1610544779',22.00,'0','1',60,10,0,'aefd5d30-6c97-4055-bf14-03ec8cc578aa','0ef6ba7f-2926-4bda-9da7-e2ee5c251463','29dc31fc-7134-4baa-9696-1ca9ea88a7ce','8a093ce0-5c0f-48b1-aa44-1b65ed889498',NULL,1,'2020-05-01 00:00:00','2020-07-30 20:31:39','2020-07-30 20:31:39'),('03a85ef1-3b95-4203-b443-ab68ce8ba8c9','New-Interstitial-001','ca-app-pub-9240980261558928/1824893737',40.00,NULL,NULL,60,10,0,'aefd5d30-6c97-4055-bf14-03ec8cc578aa','0ef6ba7f-2926-4bda-9da7-e2ee5c251463','f004f7f0-acf7-4d6b-a1f6-5a4a71580b6f','f03ae1c1-e6c8-47f3-8923-cb276e53d36f',NULL,1,'2020-05-01 00:00:00','2020-07-30 20:27:29','2020-07-30 20:27:29'),('03f687ee-d93c-4385-bd4d-9ebdc17e3129','12c25e63c1df418a8c65b2e20565fef8','12c25e63c1df418a8c65b2e20565fef8',1.00,NULL,NULL,60,10,0,'695a74e2-9f2b-49e8-9bf9-c2cbd5e4c138','0ef6ba7f-2926-4bda-9da7-e2ee5c251463','38bc2764-359b-4cb8-9c9c-9ad1c5c2e56b','c012ae06-11ee-48db-b3f7-b90e36533b62',NULL,1,'2020-05-01 00:00:00','2020-07-30 20:27:29','2020-07-30 20:27:29'),('044a0754-4148-48aa-924f-e894a1338af2','312003359228780_312988212463628','312003359228780_312988212463628',4.00,NULL,NULL,60,10,0,'0acf1c4e-7bc7-4482-9472-6060e5b6084e','952750ee-3c29-4308-8197-704cb617e0db','13417e9e-d73e-486d-808d-c625a64c9f28','c3a51587-2496-4a3e-98d6-3285b047c3f3',NULL,1,'2020-05-01 00:00:00','2020-07-30 20:27:31','2020-07-30 20:27:31'),('04e8c435-3823-4764-ab50-d2e90dd5bb00','1152824834828651_1158993640878437','1152824834828651_1158993640878437',13.00,NULL,NULL,60,10,0,'0acf1c4e-7bc7-4482-9472-6060e5b6084e','0ef6ba7f-2926-4bda-9da7-e2ee5c251463','9804dd89-800d-4649-ac12-155acef7040a','c012ae06-11ee-48db-b3f7-b90e36533b62',NULL,1,'2020-05-01 00:00:00','2020-07-30 20:27:29','2020-07-30 20:27:29'),('052a276c-f7cc-49dc-98ca-94bd7eb46d2f','B10-RewardVideo-001_Jun','ca-app-pub-1854724225573436/8203873280',54.60,'0','1',60,10,0,'aefd5d30-6c97-4055-bf14-03ec8cc578aa','c3991da4-a688-456e-8fa7-e9e984f7719a','eee98217-ab44-472a-b46a-b2a2013ff3f7','8a093ce0-5c0f-48b1-aa44-1b65ed889498',NULL,1,'2020-05-01 00:00:00','2020-07-30 20:31:39','2020-07-30 20:31:39'),('053a679a-a85b-46e9-8b64-86ad349c862c','New-Interstitial-003','ca-app-pub-3144836196842303/1339121658',20.00,NULL,NULL,60,10,0,'aefd5d30-6c97-4055-bf14-03ec8cc578aa','0ef6ba7f-2926-4bda-9da7-e2ee5c251463','47723d42-031d-4b94-9ba9-eb42aa08ae21','ea31df77-0aef-4810-b305-742d7456258a',NULL,1,'2020-05-01 00:00:00','2020-07-30 20:27:30','2020-07-30 20:27:30'),('0607d45b-5a9f-4335-8af7-6285d4c69e05','New-Interstitial-003','ca-app-pub-9240980261558928/1633322043',20.00,NULL,NULL,60,10,0,'aefd5d30-6c97-4055-bf14-03ec8cc578aa','0ef6ba7f-2926-4bda-9da7-e2ee5c251463','f004f7f0-acf7-4d6b-a1f6-5a4a71580b6f','f03ae1c1-e6c8-47f3-8923-cb276e53d36f',NULL,1,'2020-05-01 00:00:00','2020-07-30 20:27:29','2020-07-30 20:27:29'),('09d50e3a-6c69-4738-a8a6-fa11887e02ba','New-Interstitial-002','ca-app-pub-9240980261558928/8364889926',6.00,'1128','1130',60,10,0,'aefd5d30-6c97-4055-bf14-03ec8cc578aa','0ef6ba7f-2926-4bda-9da7-e2ee5c251463','523d2095-6928-48bd-9769-b757b3ca874d','1ae04a84-41d3-437a-96b9-0c21b903408b',NULL,1,'2020-05-01 00:00:00','2020-07-30 20:32:20','2020-07-30 20:32:20'),('0a7714c3-9cf8-4fb5-bcf2-0e2dfe02a604','B7-HB-RewardVideo-001','1953267231660120_2707583256228510',0.00,'0','4',60,10,1,'0acf1c4e-7bc7-4482-9472-6060e5b6084e','c3991da4-a688-456e-8fa7-e9e984f7719a','e0e6ea04-d46e-4397-a5e2-594f3143745a','60b7868d-734a-4a17-93b5-3183e839e720',NULL,1,'2020-05-01 00:00:00','2020-07-30 20:31:39','2020-07-30 20:31:39'),('0b678511-a856-498a-96d6-97d03500b99c','269817426796261_364723780638958','269817426796261_364723780638958',6.00,NULL,NULL,60,10,0,'0acf1c4e-7bc7-4482-9472-6060e5b6084e','952750ee-3c29-4308-8197-704cb617e0db','cf997f2f-a413-45c2-8d77-6194064a53dd','f03ae1c1-e6c8-47f3-8923-cb276e53d36f',NULL,1,'2020-05-01 00:00:00','2020-07-30 20:27:29','2020-07-30 20:27:29'),('0bc4c566-c9f1-4dcc-8a3f-0f38bd193d6b','525301407640402_525606600943216','525301407640402_525606600943216',2.00,NULL,NULL,60,10,0,'0acf1c4e-7bc7-4482-9472-6060e5b6084e','952750ee-3c29-4308-8197-704cb617e0db','dcac2f56-637d-4d5e-a176-ef78dac2eca5','c34970c9-459b-4cfe-8c66-8021bbdb4779',NULL,1,'2020-05-01 00:00:00','2020-07-30 20:27:29','2020-07-30 20:27:29'),('0c2c1098-f3ef-4a4b-a1ee-d9e2757d051b','Interstitial_002','3506196$Interstitial_002',10.00,'unity','unity',60,10,0,'7a1ea1b8-5432-429f-95e0-5cdf8f019214','0ef6ba7f-2926-4bda-9da7-e2ee5c251463','523d2095-6928-48bd-9769-b757b3ca874d','1ae04a84-41d3-437a-96b9-0c21b903408b',NULL,1,'2020-05-01 00:00:00','2020-07-30 20:32:20','2020-07-30 20:32:20'),('0c4ed3f5-f54e-4d20-9baa-2eab9201feb8','B10-Interstitial-003_Jun','ca-app-pub-1854724225573436/5358218098',1.50,'0','3',60,10,0,'aefd5d30-6c97-4055-bf14-03ec8cc578aa','0ef6ba7f-2926-4bda-9da7-e2ee5c251463','29dc31fc-7134-4baa-9696-1ca9ea88a7ce','8a093ce0-5c0f-48b1-aa44-1b65ed889498',NULL,1,'2020-05-01 00:00:00','2020-07-30 20:31:39','2020-07-30 20:31:39'),('0cbd709f-8382-4951-bcbc-3c5e0f0baa93','235389326868924_235575230183667','235389326868924_235575230183667',13.00,NULL,NULL,60,10,0,'0acf1c4e-7bc7-4482-9472-6060e5b6084e','0ef6ba7f-2926-4bda-9da7-e2ee5c251463','ca456a0a-2344-43d7-9edb-b95d8d467a34','409c9fbc-f883-4ba7-adda-7da6f238d42d',NULL,1,'2020-05-01 00:00:00','2020-07-30 20:27:28','2020-07-30 20:27:28'),('0fa8c7af-62a4-42d1-ad75-98daeb436873','New-RewardVideo-001','ca-app-pub-3144836196842303/6623878550',40.00,NULL,NULL,60,10,0,'aefd5d30-6c97-4055-bf14-03ec8cc578aa','c3991da4-a688-456e-8fa7-e9e984f7719a','8f67b8b4-49dd-45fe-b093-95cc6f89f18c','787c40ab-018c-42d5-9b17-33a06177b2d1',NULL,1,'2020-05-01 00:00:00','2020-07-30 20:27:30','2020-07-30 20:27:30'),('100287a3-475f-4a9b-a473-c97fdff67e07','B10-Native Banner-001','377744832638820_938317806581517',4.00,'0','2',60,10,0,'e4d3cb94-651e-4e68-b97d-45859b82309b','952750ee-3c29-4308-8197-704cb617e0db','6aecfc90-10ba-4d95-9a75-61b45fe2d86b','8a093ce0-5c0f-48b1-aa44-1b65ed889498',NULL,1,'2020-05-01 00:00:00','2020-07-30 20:31:39','2020-07-30 20:31:39'),('10191905-b5f8-4532-b1f3-d7f42913e7a6','f9fae9787daa45af87818f4a9d88dbc7','f9fae9787daa45af87818f4a9d88dbc7',1.00,NULL,NULL,60,10,0,'695a74e2-9f2b-49e8-9bf9-c2cbd5e4c138','0ef6ba7f-2926-4bda-9da7-e2ee5c251463','d06a9bb0-e206-476c-97c9-36ab80927486','491e4b7a-ed8c-4a5e-8a63-95c0a3f475b5',NULL,1,'2020-05-01 00:00:00','2020-07-30 20:27:30','2020-07-30 20:27:30'),('1056632f-ee8c-47dc-8370-440632af7b29','HB-Interstitial-ABtesting','169256066936095_300756747119359',0.00,'1146','1148',60,10,1,'f4e704f8-aca8-4795-b071-15703fe56ce9','0ef6ba7f-2926-4bda-9da7-e2ee5c251463','0cdd753c-a8b4-4c9b-a09e-78f17bef47f7','1ae04a84-41d3-437a-96b9-0c21b903408b',NULL,1,'2020-05-01 00:00:00','2020-07-30 20:32:19','2020-07-30 20:32:19'),('112a7c74-db79-4966-ace5-542dcf4854c6','HB-NativeBrand-ABtesting','169256066936095_300756867119347',0.00,'1131','1133',30,10,1,'4d01f626-cf21-4491-bc9d-0ae38fa978ea','0ef6ba7f-2926-4bda-9da7-e2ee5c251463','523d2095-6928-48bd-9769-b757b3ca874d','1ae04a84-41d3-437a-96b9-0c21b903408b',NULL,1,'2020-05-01 00:00:00','2020-07-30 20:32:20','2020-07-30 20:32:20'),('113641a8-de74-4d6b-b132-2ad9ab8835df','B1-Banner-001','ca-app-pub-9240980261558928/6394775310',6.00,'6','2',60,10,0,'aefd5d30-6c97-4055-bf14-03ec8cc578aa','952750ee-3c29-4308-8197-704cb617e0db','6b196731-2c35-4c15-9db2-0ced1b6e8009','1ae04a84-41d3-437a-96b9-0c21b903408b',NULL,1,'2020-05-01 00:00:00','2020-07-30 20:32:20','2020-07-30 20:32:20'),('114294da-939f-4fa2-bdea-178a8cd684c5','New-Interstitial-002','ca-app-pub-3144836196842303/9707824001',30.00,NULL,NULL,60,10,0,'aefd5d30-6c97-4055-bf14-03ec8cc578aa','0ef6ba7f-2926-4bda-9da7-e2ee5c251463','e52578a2-91b2-4c90-bdb5-1b86ebf58851','e8110e18-1d83-40dd-9f97-46ae8efed098',NULL,1,'2020-05-01 00:00:00','2020-07-30 20:27:29','2020-07-30 20:27:29'),('124eeec8-9c36-4c70-bf5d-7e22036e1fc3','B7-Interstitial-001','ca-app-pub-9240980261558928/2169458728',5.80,'0','1',60,10,0,'aefd5d30-6c97-4055-bf14-03ec8cc578aa','0ef6ba7f-2926-4bda-9da7-e2ee5c251463','2f7d4154-6208-45ab-b243-4e08a7999ca2','60b7868d-734a-4a17-93b5-3183e839e720',NULL,1,'2020-05-01 00:00:00','2020-07-30 20:31:39','2020-07-30 20:31:39'),('14af8e76-174a-4d02-aaf1-5b1a50b277ea','125401551347010_125713531315812','125401551347010_125713531315812',15.00,NULL,NULL,30,10,0,'e4d3cb94-651e-4e68-b97d-45859b82309b','0ef6ba7f-2926-4bda-9da7-e2ee5c251463','d06a9bb0-e206-476c-97c9-36ab80927486','491e4b7a-ed8c-4a5e-8a63-95c0a3f475b5',NULL,1,'2020-05-01 00:00:00','2020-07-30 20:27:30','2020-07-30 20:27:30'),('155f2063-f155-4dd5-bbfa-20ad5dc79747','Native Banner-002','377744832638820_377815295965107',6.00,'1877','1879',30,10,0,'0acf1c4e-7bc7-4482-9472-6060e5b6084e','8155d8d8-3a18-45b4-82e7-358061fdab51','f616c632-2769-4ed1-9caf-759968162891','8a093ce0-5c0f-48b1-aa44-1b65ed889498',NULL,1,'2020-05-01 00:00:00','2020-07-30 20:31:39','2020-07-30 20:31:39'),('16e097b7-cdfe-42c2-963c-24257b1c4a6b','126539221234602_126836921204832','126539221234602_126836921204832',4.00,NULL,NULL,60,10,0,'0acf1c4e-7bc7-4482-9472-6060e5b6084e','952750ee-3c29-4308-8197-704cb617e0db','09a9b6d9-0ad5-423d-a326-ce880fbdb597','b76cc914-a0d4-4eab-ac10-e927c5054c9a',NULL,1,'2020-05-01 00:00:00','2020-07-30 20:27:32','2020-07-30 20:27:32'),('17b299d3-9b73-480d-960e-6b7db8a4cbbb','B1-Banner-001','169256066936095_729052257623137',7.00,'7','1',60,10,0,'0acf1c4e-7bc7-4482-9472-6060e5b6084e','952750ee-3c29-4308-8197-704cb617e0db','977649ed-a1c8-4026-aeb4-497492401ec2','1ae04a84-41d3-437a-96b9-0c21b903408b',NULL,1,'2020-05-01 00:00:00','2020-07-30 20:32:19','2020-07-30 20:32:19'),('18528927-b39d-4dba-b569-6072cdd93577','Interstitial_001','3506196$Interstitial_001',35.00,'unity','unity',60,10,0,'7a1ea1b8-5432-429f-95e0-5cdf8f019214','0ef6ba7f-2926-4bda-9da7-e2ee5c251463','0cdd753c-a8b4-4c9b-a09e-78f17bef47f7','1ae04a84-41d3-437a-96b9-0c21b903408b',NULL,1,'2020-05-01 00:00:00','2020-07-30 20:32:19','2020-07-30 20:32:19'),('187c8f69-0666-4664-8e3a-c1efddb4986a','New-Interstitial-003','ca-app-pub-3144836196842303/4455497320',20.00,NULL,NULL,60,10,0,'aefd5d30-6c97-4055-bf14-03ec8cc578aa','0ef6ba7f-2926-4bda-9da7-e2ee5c251463','e52578a2-91b2-4c90-bdb5-1b86ebf58851','e8110e18-1d83-40dd-9f97-46ae8efed098',NULL,1,'2020-05-01 00:00:00','2020-07-30 20:27:29','2020-07-30 20:27:29'),('188396bc-b4ba-4318-b7da-6d9d11395ec9','235389326868924_305743079833548','235389326868924_305743079833548',6.00,NULL,NULL,60,10,0,'0acf1c4e-7bc7-4482-9472-6060e5b6084e','952750ee-3c29-4308-8197-704cb617e0db','a45be481-2c27-439d-85a0-5b7aa259e265','409c9fbc-f883-4ba7-adda-7da6f238d42d',NULL,1,'2020-05-01 00:00:00','2020-07-30 20:27:28','2020-07-30 20:27:28'),('190f6c38-3b32-4ef4-8d1c-b98b136ac8b8','1152824834828651_1158993470878454','1152824834828651_1158993470878454',2.00,NULL,NULL,60,10,0,'0acf1c4e-7bc7-4482-9472-6060e5b6084e','952750ee-3c29-4308-8197-704cb617e0db','5f8543ee-fc23-471c-ad23-a235e5e5426d','c012ae06-11ee-48db-b3f7-b90e36533b62',NULL,1,'2020-05-01 00:00:00','2020-07-30 20:27:29','2020-07-30 20:27:29'),('19d41209-2a74-4e43-aaab-c72c93cbe3ac','Banner-003','377744832638820_377814679298502',11.00,'229','229',60,10,0,'0acf1c4e-7bc7-4482-9472-6060e5b6084e','952750ee-3c29-4308-8197-704cb617e0db','d6886e77-b17a-4893-b513-9b637b238d67','8a093ce0-5c0f-48b1-aa44-1b65ed889498',NULL,1,'2020-05-01 00:00:00','2020-07-30 20:31:38','2020-07-30 20:31:38'),('1b70db7b-9992-481d-8588-ab0963ff892a','730726ce6c8749f99d689f1030c634ff','730726ce6c8749f99d689f1030c634ff',1.00,NULL,NULL,60,10,0,'695a74e2-9f2b-49e8-9bf9-c2cbd5e4c138','0ef6ba7f-2926-4bda-9da7-e2ee5c251463','e391fd45-ab6c-48d5-bb00-374ef1a223cc','b9ce12db-e8b7-4d7b-83b4-4e3a2447e48d',NULL,1,'2020-05-01 00:00:00','2020-07-30 20:27:31','2020-07-30 20:27:31'),('1c8fec82-f2dd-4f57-a88f-7ad26cf32f55','B1-Banner-001','169256066936095_729052257623137',7.00,'7','1',60,10,0,'0acf1c4e-7bc7-4482-9472-6060e5b6084e','952750ee-3c29-4308-8197-704cb617e0db','6b196731-2c35-4c15-9db2-0ced1b6e8009','1ae04a84-41d3-437a-96b9-0c21b903408b',NULL,1,'2020-05-01 00:00:00','2020-07-30 20:32:20','2020-07-30 20:32:20'),('1d60c755-7fc0-44d3-ad84-3323be83f311','127273884495665_128005917755795','127273884495665_128005917755795',15.00,NULL,NULL,30,10,0,'e4d3cb94-651e-4e68-b97d-45859b82309b','0ef6ba7f-2926-4bda-9da7-e2ee5c251463','1e8389ef-0928-4d6c-ad96-aecdb1228fea','637c034e-89c2-40d2-a9f8-536f6e300e8a',NULL,1,'2020-05-01 00:00:00','2020-07-30 20:27:31','2020-07-30 20:27:31'),('1dda1e95-7a18-4777-a038-7d07cde1c902','New-Interstitial-002','ca-app-pub-3144836196842303/7863425143',30.00,NULL,NULL,60,10,0,'aefd5d30-6c97-4055-bf14-03ec8cc578aa','0ef6ba7f-2926-4bda-9da7-e2ee5c251463','38bc2764-359b-4cb8-9c9c-9ad1c5c2e56b','c012ae06-11ee-48db-b3f7-b90e36533b62',NULL,1,'2020-05-01 00:00:00','2020-07-30 20:27:29','2020-07-30 20:27:29'),('1edaa994-5515-4d54-bdb9-2ff6bd013aeb','B10-Banner-003-Jun','ca-app-pub-1854724225573436/1993688156',1.00,'0','3',60,10,0,'aefd5d30-6c97-4055-bf14-03ec8cc578aa','952750ee-3c29-4308-8197-704cb617e0db','6aecfc90-10ba-4d95-9a75-61b45fe2d86b','8a093ce0-5c0f-48b1-aa44-1b65ed889498',NULL,1,'2020-05-01 00:00:00','2020-07-30 20:31:39','2020-07-30 20:31:39'),('1f7b1f5f-958f-4c82-9455-98c263c6268e','1182871098485165_1185781224860819','1182871098485165_1185781224860819',15.00,NULL,NULL,30,10,0,'e4d3cb94-651e-4e68-b97d-45859b82309b','0ef6ba7f-2926-4bda-9da7-e2ee5c251463','8d4479bf-df75-495d-a375-e50452965398','3b065e40-f4a1-411b-af9d-a80a2f6dece9',NULL,1,'2020-05-01 00:00:00','2020-07-30 20:27:31','2020-07-30 20:27:31'),('221932b2-a9be-4cc5-910e-30477327d50f','384499418589938_962057694167438','384499418589938_962057694167438',13.00,NULL,NULL,60,10,0,'0acf1c4e-7bc7-4482-9472-6060e5b6084e','0ef6ba7f-2926-4bda-9da7-e2ee5c251463','aebc8225-f365-40c9-8120-7c7934cc4908','8819d891-d0e1-4fed-a765-8496fd1af2fd',NULL,1,'2020-05-01 00:00:00','2020-07-30 20:27:28','2020-07-30 20:27:28'),('22eafa8a-ac80-414e-902b-a529c8e9a590','New-Interstitial-003','ca-app-pub-3144836196842303/8181961675',20.00,NULL,NULL,60,10,0,'aefd5d30-6c97-4055-bf14-03ec8cc578aa','0ef6ba7f-2926-4bda-9da7-e2ee5c251463','38bc2764-359b-4cb8-9c9c-9ad1c5c2e56b','c012ae06-11ee-48db-b3f7-b90e36533b62',NULL,1,'2020-05-01 00:00:00','2020-07-30 20:27:29','2020-07-30 20:27:29'),('244680b5-a511-4024-ab4e-6b1005f5c3c3','279429432506510_279505752498878','279429432506510_279505752498878',4.00,NULL,NULL,60,10,0,'0acf1c4e-7bc7-4482-9472-6060e5b6084e','952750ee-3c29-4308-8197-704cb617e0db','037fde04-bdca-48f2-b750-140c383a6b99','787c40ab-018c-42d5-9b17-33a06177b2d1',NULL,1,'2020-05-01 00:00:00','2020-07-30 20:27:30','2020-07-30 20:27:30'),('25b1352b-5855-4ce8-8c0c-34b0c6d7c440','1972695942950025_1973831572836462','1972695942950025_1973831572836462',4.00,NULL,NULL,60,10,0,'0acf1c4e-7bc7-4482-9472-6060e5b6084e','952750ee-3c29-4308-8197-704cb617e0db','697409ed-f487-4c8b-b378-6244b64134e2','9ef428c8-5ff8-4823-8937-616cf284b84a',NULL,1,'2020-05-01 00:00:00','2020-07-30 20:27:31','2020-07-30 20:27:31'),('25ea539f-58b5-44c5-888b-ea1f16757f8b','Reward video-004-New','377744832638820_378023695944267',10.00,'0','209',60,10,0,'0acf1c4e-7bc7-4482-9472-6060e5b6084e','c3991da4-a688-456e-8fa7-e9e984f7719a','6b65bc01-5d0f-40aa-8b15-45c78ac7d67f','8a093ce0-5c0f-48b1-aa44-1b65ed889498',NULL,1,'2020-05-01 00:00:00','2020-07-30 20:31:38','2020-07-30 20:31:38'),('26a62bfe-a2b0-4364-b0b5-1be7a53fc886','New-Interstitial-001','ca-app-pub-9240980261558928/8153492152',6.00,'1155','1157',60,10,0,'aefd5d30-6c97-4055-bf14-03ec8cc578aa','0ef6ba7f-2926-4bda-9da7-e2ee5c251463','78a00f52-d037-4983-b052-bbbe7cf42ed3','1ae04a84-41d3-437a-96b9-0c21b903408b',NULL,1,'2020-05-01 00:00:00','2020-07-30 20:32:19','2020-07-30 20:32:19'),('275f1693-be4e-42fa-954a-a40ba978d66a','B7-Banner-003','ca-app-pub-9240980261558928/6000892523',2.00,'0','3',60,10,0,'aefd5d30-6c97-4055-bf14-03ec8cc578aa','952750ee-3c29-4308-8197-704cb617e0db','de915ab0-62f0-4e3b-a7e3-1fd66b78f2da','60b7868d-734a-4a17-93b5-3183e839e720',NULL,1,'2020-05-01 00:00:00','2020-07-30 20:31:39','2020-07-30 20:31:39'),('28a0f768-98b7-4a1b-a4b1-dd30289d49a8','Interstitial_004','3506196$Interstitial_004',2.00,'unity','unity',60,10,0,'7a1ea1b8-5432-429f-95e0-5cdf8f019214','0ef6ba7f-2926-4bda-9da7-e2ee5c251463','78a00f52-d037-4983-b052-bbbe7cf42ed3','1ae04a84-41d3-437a-96b9-0c21b903408b',NULL,1,'2020-05-01 00:00:00','2020-07-30 20:32:19','2020-07-30 20:32:19'),('2ae26c43-40f2-46a3-8522-89faec6f058a','137745956751727_252238015302520','137745956751727_252238015302520',10.00,NULL,NULL,30,10,0,'e4d3cb94-651e-4e68-b97d-45859b82309b','0ef6ba7f-2926-4bda-9da7-e2ee5c251463','a76e15a7-f225-4338-9297-872cf4cd3c00','a8da3b45-2e15-44cc-874f-886d896068e2',NULL,1,'2020-05-01 00:00:00','2020-07-30 20:27:29','2020-07-30 20:27:29'),('2ae3d0f6-8ea5-4add-a0a7-18c30ede57fa','B7_Interstitial_003','3670253$B7_Interstitial_003',0.28,'unity','unity',60,10,0,'7a1ea1b8-5432-429f-95e0-5cdf8f019214','0ef6ba7f-2926-4bda-9da7-e2ee5c251463','2f7d4154-6208-45ab-b243-4e08a7999ca2','60b7868d-734a-4a17-93b5-3183e839e720',NULL,1,'2020-05-01 00:00:00','2020-07-30 20:31:39','2020-07-30 20:31:39'),('2ba8ed36-c930-423d-b16e-6780b9d1f3e6','17JMFLzX1GkJaA0gM7EvLWfhrg5Wg_Ai7T3Mq1vrId8to8T9Go2bIhI8NNf3NqmUIqs6rlx8N409CTJTKL4d2M','17JMFLzX1GkJaA0gM7EvLWfhrg5Wg_Ai7T3Mq1vrId8to8T9Go2bIhI8NNf3NqmUIqs6rlx8N409CTJTKL4d2M',4.00,NULL,NULL,60,10,0,'d653710f-d2a9-4cc9-a2b6-c9709db3ad22','c3991da4-a688-456e-8fa7-e9e984f7719a','8f67b8b4-49dd-45fe-b093-95cc6f89f18c','787c40ab-018c-42d5-9b17-33a06177b2d1',NULL,1,'2020-05-01 00:00:00','2020-07-30 20:27:30','2020-07-30 20:27:30'),('2cb6d6f4-4847-4cb6-9da8-8eacd58b13ae','f25802601172494ab0c9135bfe445790','f25802601172494ab0c9135bfe445790',1.00,NULL,NULL,60,10,0,'695a74e2-9f2b-49e8-9bf9-c2cbd5e4c138','0ef6ba7f-2926-4bda-9da7-e2ee5c251463','e52578a2-91b2-4c90-bdb5-1b86ebf58851','e8110e18-1d83-40dd-9f97-46ae8efed098',NULL,1,'2020-05-01 00:00:00','2020-07-30 20:27:29','2020-07-30 20:27:29'),('2d86d080-e082-4675-9770-3a9be01d26c7','NativeMenu-001','169256066936095_169267530268282',10.00,'1153','1155',1,10,0,'0acf1c4e-7bc7-4482-9472-6060e5b6084e','474f99bf-b8cc-414c-8630-aae90db8491e','4442cb5d-0f51-4671-8b3e-36fe5f9fb6f3','1ae04a84-41d3-437a-96b9-0c21b903408b',NULL,1,'2020-05-01 00:00:00','2020-07-30 20:32:20','2020-07-30 20:32:20'),('2d94b6e9-80f3-411c-b243-553009960b39','eb02cdf3e4474c7c87deced4e807a18a','eb02cdf3e4474c7c87deced4e807a18a',1.00,'1158','1160',60,10,0,'695a74e2-9f2b-49e8-9bf9-c2cbd5e4c138','0ef6ba7f-2926-4bda-9da7-e2ee5c251463','78a00f52-d037-4983-b052-bbbe7cf42ed3','1ae04a84-41d3-437a-96b9-0c21b903408b',NULL,1,'2020-05-01 00:00:00','2020-07-30 20:32:19','2020-07-30 20:32:19'),('2d9a2066-22c2-43a2-a739-814c07a257bc','707790866069843_708772515971678','707790866069843_708772515971678',4.00,NULL,NULL,60,10,0,'0acf1c4e-7bc7-4482-9472-6060e5b6084e','952750ee-3c29-4308-8197-704cb617e0db','db83dfee-8808-4ca6-889d-f50001a823fd','f4572d9c-0f24-445a-ae9a-010e23c45471',NULL,1,'2020-05-01 00:00:00','2020-07-30 20:27:31','2020-07-30 20:27:31'),('2e01c65b-db63-461c-ada9-a5a4974bd1ae','Interstitial_002','3506196$Interstitial_002',10.00,'unity','unity',60,10,0,'7a1ea1b8-5432-429f-95e0-5cdf8f019214','0ef6ba7f-2926-4bda-9da7-e2ee5c251463','78a00f52-d037-4983-b052-bbbe7cf42ed3','1ae04a84-41d3-437a-96b9-0c21b903408b',NULL,1,'2020-05-01 00:00:00','2020-07-30 20:32:19','2020-07-30 20:32:19'),('2f9f3377-1fe3-4ed7-9c2e-2a5f26d909c9','2SCtIfZCb1Kr2Q2ytHHLZWJ-4Ia6n14qTGgnxEzWGIMJiOFafXwD3DB7WnEIoI7GZp1U2_0IHMb-lsZOOTcRhp','2SCtIfZCb1Kr2Q2ytHHLZWJ-4Ia6n14qTGgnxEzWGIMJiOFafXwD3DB7WnEIoI7GZp1U2_0IHMb-lsZOOTcRhp',3.00,'0','216',60,10,0,'d653710f-d2a9-4cc9-a2b6-c9709db3ad22','c3991da4-a688-456e-8fa7-e9e984f7719a','6b65bc01-5d0f-40aa-8b15-45c78ac7d67f','8a093ce0-5c0f-48b1-aa44-1b65ed889498',NULL,1,'2020-05-01 00:00:00','2020-07-30 20:31:38','2020-07-30 20:31:38'),('308f72c8-6a45-4bd8-b7dd-0b7d5dae7d26','New-Interstitial-002','ca-app-pub-3144836196842303/6399876641',30.00,NULL,NULL,60,10,0,'aefd5d30-6c97-4055-bf14-03ec8cc578aa','0ef6ba7f-2926-4bda-9da7-e2ee5c251463','47723d42-031d-4b94-9ba9-eb42aa08ae21','ea31df77-0aef-4810-b305-742d7456258a',NULL,1,'2020-05-01 00:00:00','2020-07-30 20:27:30','2020-07-30 20:27:30'),('309133c8-fe4a-4074-a8ae-666492b0560e','1462769','1462769',2.00,NULL,NULL,60,10,0,'7a1ea1b8-5432-429f-95e0-5cdf8f019214','c3991da4-a688-456e-8fa7-e9e984f7719a','95abbf85-0cdf-4c79-bc60-392cf7c4fcb3','3b2ac62a-6a87-4a52-bc26-f7133eedabe1',NULL,1,'2020-05-01 00:00:00','2020-07-30 20:27:28','2020-07-30 20:27:28'),('30a4bd2e-840c-4289-9ca0-13154c5dfce9','290390348086882_291178514674732','290390348086882_291178514674732',15.00,NULL,NULL,30,10,0,'e4d3cb94-651e-4e68-b97d-45859b82309b','0ef6ba7f-2926-4bda-9da7-e2ee5c251463','e33cf3cf-1bae-4913-b9b2-9cc59e896592','39851304-52f0-4d31-b931-f8afb6c24b3b',NULL,1,'2020-05-01 00:00:00','2020-07-30 20:27:30','2020-07-30 20:27:30'),('33f26f5c-7ed2-47dd-901e-f879a7615159','B7-Banner-002','ca-app-pub-9240980261558928/9940137530',4.00,'0','2',60,10,0,'aefd5d30-6c97-4055-bf14-03ec8cc578aa','952750ee-3c29-4308-8197-704cb617e0db','de915ab0-62f0-4e3b-a7e3-1fd66b78f2da','60b7868d-734a-4a17-93b5-3183e839e720',NULL,1,'2020-05-01 00:00:00','2020-07-30 20:31:39','2020-07-30 20:31:39'),('34d7bf72-b8e1-4e9e-9ab0-d376f9f71d5e','New-Banner-001','ca-app-pub-3144836196842303/3917824160',10.00,NULL,NULL,60,10,0,'aefd5d30-6c97-4055-bf14-03ec8cc578aa','952750ee-3c29-4308-8197-704cb617e0db','6bfba396-96f5-4ea8-bd52-5b44629b2706','491e4b7a-ed8c-4a5e-8a63-95c0a3f475b5',NULL,1,'2020-05-01 00:00:00','2020-07-30 20:27:30','2020-07-30 20:27:30'),('35411027-73c4-43cf-b9a4-77e65f180717','251888718550502_252337575172283','251888718550502_252337575172283',4.00,NULL,NULL,60,10,0,'0acf1c4e-7bc7-4482-9472-6060e5b6084e','952750ee-3c29-4308-8197-704cb617e0db','6d5098be-698b-479d-8999-f6bd6e947db0','3ec48dec-0f54-4931-97e3-e49cf7e2c5b5',NULL,1,'2020-05-01 00:00:00','2020-07-30 20:27:31','2020-07-30 20:27:31'),('3549cb8a-db6e-4a60-bffc-15a9f916f646','1365276336827290_1487747307913525','1365276336827290_1487747307913525',7.00,NULL,NULL,30,10,0,'0acf1c4e-7bc7-4482-9472-6060e5b6084e','c3991da4-a688-456e-8fa7-e9e984f7719a','95abbf85-0cdf-4c79-bc60-392cf7c4fcb3','3b2ac62a-6a87-4a52-bc26-f7133eedabe1',NULL,1,'2020-05-01 00:00:00','2020-07-30 20:27:28','2020-07-30 20:27:28'),('37c4bd6d-4de8-4eb9-92b1-711b6fef3928','228706994204213_306917213049857','228706994204213_306917213049857',6.00,NULL,NULL,60,10,0,'0acf1c4e-7bc7-4482-9472-6060e5b6084e','952750ee-3c29-4308-8197-704cb617e0db','4a34c209-1584-4981-a3c5-3b8c22a79b6b','e8110e18-1d83-40dd-9f97-46ae8efed098',NULL,1,'2020-05-01 00:00:00','2020-07-30 20:27:28','2020-07-30 20:27:28'),('37d936f9-8b9a-49c0-8bdd-77d9f9c01d9d','New-Interstitial-003','ca-app-pub-9240980261558928/3233172116',5.00,'1129','1131',60,10,0,'aefd5d30-6c97-4055-bf14-03ec8cc578aa','0ef6ba7f-2926-4bda-9da7-e2ee5c251463','523d2095-6928-48bd-9769-b757b3ca874d','1ae04a84-41d3-437a-96b9-0c21b903408b',NULL,1,'2020-05-01 00:00:00','2020-07-30 20:32:20','2020-07-30 20:32:20'),('396338e3-4fe7-4de1-abb1-ec7bb9808743','New-Interstitial-002','ca-app-pub-3144836196842303/8505852159',30.00,NULL,NULL,60,10,0,'aefd5d30-6c97-4055-bf14-03ec8cc578aa','0ef6ba7f-2926-4bda-9da7-e2ee5c251463','1e58ae8f-2baa-405b-8786-3a5b6e286593','3ec48dec-0f54-4931-97e3-e49cf7e2c5b5',NULL,1,'2020-05-01 00:00:00','2020-07-30 20:27:31','2020-07-30 20:27:31'),('3af2fe61-c505-4df8-abfa-246d998102a7','B10-Banner-001-Jun','ca-app-pub-1854724225573436/1214673540',5.00,'0','1',60,10,0,'aefd5d30-6c97-4055-bf14-03ec8cc578aa','952750ee-3c29-4308-8197-704cb617e0db','6aecfc90-10ba-4d95-9a75-61b45fe2d86b','8a093ce0-5c0f-48b1-aa44-1b65ed889498',NULL,1,'2020-05-01 00:00:00','2020-07-30 20:31:39','2020-07-30 20:31:39'),('3bce500d-c2d1-4e68-94bd-b2fbd1ec8455','269817426796261_787492668362065','269817426796261_787492668362065',13.00,NULL,NULL,60,10,0,'0acf1c4e-7bc7-4482-9472-6060e5b6084e','0ef6ba7f-2926-4bda-9da7-e2ee5c251463','f004f7f0-acf7-4d6b-a1f6-5a4a71580b6f','f03ae1c1-e6c8-47f3-8923-cb276e53d36f',NULL,1,'2020-05-01 00:00:00','2020-07-30 20:27:29','2020-07-30 20:27:29'),('3d5434d8-b6eb-4d6d-aee5-3416c02c149f','New-RewardVideo-002','ca-app-pub-3144836196842303/9965686758',30.00,NULL,NULL,60,10,0,'aefd5d30-6c97-4055-bf14-03ec8cc578aa','c3991da4-a688-456e-8fa7-e9e984f7719a','95abbf85-0cdf-4c79-bc60-392cf7c4fcb3','3b2ac62a-6a87-4a52-bc26-f7133eedabe1',NULL,1,'2020-05-01 00:00:00','2020-07-30 20:27:28','2020-07-30 20:27:28'),('3e52d1c5-0d51-4777-8ac0-e1819e60ed79','129969547553430_130269677523417','129969547553430_130269677523417',4.00,NULL,NULL,60,10,0,'0acf1c4e-7bc7-4482-9472-6060e5b6084e','952750ee-3c29-4308-8197-704cb617e0db','a21eabb1-8bae-4726-9b8d-7d6d5765dcad','85d4878d-dc23-4c5f-a5d1-9d3f682c02f7',NULL,1,'2020-05-01 00:00:00','2020-07-30 20:27:30','2020-07-30 20:27:30'),('3f73fdb1-d5fc-4e30-9264-2824fe6d6ef4','1670638249908112_1670943263210944','1670638249908112_1670943263210944',4.00,NULL,NULL,60,10,0,'0acf1c4e-7bc7-4482-9472-6060e5b6084e','952750ee-3c29-4308-8197-704cb617e0db','7b1a8c8f-5f9a-47b4-8964-5746b63cbc8d','c7dc3ffc-132d-4404-9579-555111d4bd03',NULL,1,'2020-05-01 00:00:00','2020-07-30 20:27:30','2020-07-30 20:27:30'),('3f94cea3-e9ea-4588-8f37-00ea414700a1','reward-video-003','377744832638820_378023522610951',5.00,'0','213',60,10,0,'0acf1c4e-7bc7-4482-9472-6060e5b6084e','c3991da4-a688-456e-8fa7-e9e984f7719a','6b65bc01-5d0f-40aa-8b15-45c78ac7d67f','8a093ce0-5c0f-48b1-aa44-1b65ed889498',NULL,1,'2020-05-01 00:00:00','2020-07-30 20:31:38','2020-07-30 20:31:38'),('42649ea7-1802-42dc-928d-6696e147f003','437644346591922_438349819854708','437644346591922_438349819854708',15.00,NULL,NULL,30,10,0,'e4d3cb94-651e-4e68-b97d-45859b82309b','0ef6ba7f-2926-4bda-9da7-e2ee5c251463','961855a4-1c1e-47f7-8dbc-10d95ae48b59','a3dd8486-2340-4502-99ef-44297546d589',NULL,1,'2020-05-01 00:00:00','2020-07-30 20:27:30','2020-07-30 20:27:30'),('4326017a-6b8a-4468-8637-b361c9bee5e7','New-Interstitial-002','ca-app-pub-3144836196842303/9731303919',30.00,NULL,NULL,60,10,0,'aefd5d30-6c97-4055-bf14-03ec8cc578aa','0ef6ba7f-2926-4bda-9da7-e2ee5c251463','f6da64f5-d077-476f-af8c-3c4a9d51c5bb','f4572d9c-0f24-445a-ae9a-010e23c45471',NULL,1,'2020-05-01 00:00:00','2020-07-30 20:27:31','2020-07-30 20:27:31'),('43923c15-0048-4bbb-b055-649c230fc3e3','New-Interstitial-002','ca-app-pub-3144836196842303/6685504029',30.00,NULL,NULL,60,10,0,'aefd5d30-6c97-4055-bf14-03ec8cc578aa','0ef6ba7f-2926-4bda-9da7-e2ee5c251463','e33cf3cf-1bae-4913-b9b2-9cc59e896592','39851304-52f0-4d31-b931-f8afb6c24b3b',NULL,1,'2020-05-01 00:00:00','2020-07-30 20:27:30','2020-07-30 20:27:30'),('45515ca9-61f0-4ba7-9050-a1c4fcd16843','New-Interstitial-003','ca-app-pub-3144836196842303/7362245153',20.00,NULL,NULL,60,10,0,'aefd5d30-6c97-4055-bf14-03ec8cc578aa','0ef6ba7f-2926-4bda-9da7-e2ee5c251463','20820a4b-3923-446f-922e-3e2019f54027','70464d3c-215c-41f2-b162-47d00d841f65',NULL,1,'2020-05-01 00:00:00','2020-07-30 20:27:31','2020-07-30 20:27:31'),('45c97ebf-ad7e-4d49-b5ae-29b4db93ea69','B10-RewardVideo-003_Jun','ca-app-pub-1854724225573436/1638464936',2.00,'0','3',60,10,0,'aefd5d30-6c97-4055-bf14-03ec8cc578aa','c3991da4-a688-456e-8fa7-e9e984f7719a','eee98217-ab44-472a-b46a-b2a2013ff3f7','8a093ce0-5c0f-48b1-aa44-1b65ed889498',NULL,1,'2020-05-01 00:00:00','2020-07-30 20:31:39','2020-07-30 20:31:39'),('45d393ae-5c0e-4605-a1d8-af0841461af3','New-RewardVideo-002','ca-app-pub-3144836196842303/1371551871',30.00,NULL,NULL,60,10,0,'aefd5d30-6c97-4055-bf14-03ec8cc578aa','c3991da4-a688-456e-8fa7-e9e984f7719a','8f67b8b4-49dd-45fe-b093-95cc6f89f18c','787c40ab-018c-42d5-9b17-33a06177b2d1',NULL,1,'2020-05-01 00:00:00','2020-07-30 20:27:30','2020-07-30 20:27:30'),('460b5f75-f027-40ad-a9b9-9ae742474b74','b92f14f01f604b89a836e5d017e17583','b92f14f01f604b89a836e5d017e17583',1.00,NULL,NULL,60,10,0,'695a74e2-9f2b-49e8-9bf9-c2cbd5e4c138','0ef6ba7f-2926-4bda-9da7-e2ee5c251463','18f75ab8-7b7d-43c3-bf79-8fa56873ff0c','787c40ab-018c-42d5-9b17-33a06177b2d1',NULL,1,'2020-05-01 00:00:00','2020-07-30 20:27:30','2020-07-30 20:27:30'),('46389fc4-76af-4812-9a5d-7290c16cbd91','B1-Banner-002','169256066936095_729052704289759',5.00,'5','3',60,10,0,'0acf1c4e-7bc7-4482-9472-6060e5b6084e','952750ee-3c29-4308-8197-704cb617e0db','977649ed-a1c8-4026-aeb4-497492401ec2','1ae04a84-41d3-437a-96b9-0c21b903408b',NULL,1,'2020-05-01 00:00:00','2020-07-30 20:32:19','2020-07-30 20:32:19'),('47a0f0b5-365a-4774-bee5-a593f0880e24','A-RewardVideo-002','377744832638820_457311734682129',8.00,'0','1873',60,10,0,'0acf1c4e-7bc7-4482-9472-6060e5b6084e','c3991da4-a688-456e-8fa7-e9e984f7719a','1787c13c-49cb-480c-a269-09b699d1e0f1','8a093ce0-5c0f-48b1-aa44-1b65ed889498',NULL,1,'2020-05-01 00:00:00','2020-07-30 20:31:39','2020-07-30 20:31:39'),('47c235d6-ed7e-4ae4-bbe2-5ec01ecb52f2','A-RewardVideo-004','377744832638820_457311171348852',10.00,'0','1871',60,10,0,'0acf1c4e-7bc7-4482-9472-6060e5b6084e','c3991da4-a688-456e-8fa7-e9e984f7719a','1787c13c-49cb-480c-a269-09b699d1e0f1','8a093ce0-5c0f-48b1-aa44-1b65ed889498',NULL,1,'2020-05-01 00:00:00','2020-07-30 20:31:39','2020-07-30 20:31:39'),('47e68558-d265-447c-a7b2-7f78743f7245','639389546249770_640075202847871','639389546249770_640075202847871',15.00,NULL,NULL,30,10,0,'e4d3cb94-651e-4e68-b97d-45859b82309b','0ef6ba7f-2926-4bda-9da7-e2ee5c251463','20820a4b-3923-446f-922e-3e2019f54027','70464d3c-215c-41f2-b162-47d00d841f65',NULL,1,'2020-05-01 00:00:00','2020-07-30 20:27:31','2020-07-30 20:27:31'),('48c49c0b-7a43-4045-b9bc-95bd291af0c1','banner-001','ca-app-pub-3144836196842303/7227972653',10.00,NULL,NULL,60,10,0,'aefd5d30-6c97-4055-bf14-03ec8cc578aa','952750ee-3c29-4308-8197-704cb617e0db','6cd6b135-0e5b-4fd2-8836-0c158196c5cf','3b065e40-f4a1-411b-af9d-a80a2f6dece9',NULL,1,'2020-05-01 00:00:00','2020-07-30 20:27:31','2020-07-30 20:27:31'),('497d7ac3-0380-44a1-8cd6-24c49043f458','A-RewardVideo-003','377744832638820_457311891348780',5.00,'0','1875',60,10,0,'0acf1c4e-7bc7-4482-9472-6060e5b6084e','c3991da4-a688-456e-8fa7-e9e984f7719a','1787c13c-49cb-480c-a269-09b699d1e0f1','8a093ce0-5c0f-48b1-aa44-1b65ed889498',NULL,1,'2020-05-01 00:00:00','2020-07-30 20:31:39','2020-07-30 20:31:39'),('4991db4b-3312-47f4-bd24-88c561d210ec','1182871098485165_1185780691527539','1182871098485165_1185780691527539',13.00,NULL,NULL,60,10,0,'0acf1c4e-7bc7-4482-9472-6060e5b6084e','0ef6ba7f-2926-4bda-9da7-e2ee5c251463','8d4479bf-df75-495d-a375-e50452965398','3b065e40-f4a1-411b-af9d-a80a2f6dece9',NULL,1,'2020-05-01 00:00:00','2020-07-30 20:27:31','2020-07-30 20:27:31'),('49c406f7-abae-4d08-bc8c-426f55bfb6d8','Banner-002','377744832638820_377814582631845',7.00,'232','232',60,10,0,'0acf1c4e-7bc7-4482-9472-6060e5b6084e','952750ee-3c29-4308-8197-704cb617e0db','d6886e77-b17a-4893-b513-9b637b238d67','8a093ce0-5c0f-48b1-aa44-1b65ed889498',NULL,1,'2020-05-01 00:00:00','2020-07-30 20:31:38','2020-07-30 20:31:38'),('4b1a57ce-34c3-493c-81b8-3be6f08eb52c','B10_Interstitial_003','3658089$B10_Interstitial_003',0.60,'unity','unity',60,10,0,'7a1ea1b8-5432-429f-95e0-5cdf8f019214','0ef6ba7f-2926-4bda-9da7-e2ee5c251463','29dc31fc-7134-4baa-9696-1ca9ea88a7ce','8a093ce0-5c0f-48b1-aa44-1b65ed889498',NULL,1,'2020-05-01 00:00:00','2020-07-30 20:31:39','2020-07-30 20:31:39'),('4bc0eda3-bae6-4e34-a5dd-06e832bd388e','290624348052725_290939184687908','290624348052725_290939184687908',13.00,NULL,NULL,60,10,0,'0acf1c4e-7bc7-4482-9472-6060e5b6084e','0ef6ba7f-2926-4bda-9da7-e2ee5c251463','84684225-262a-4063-b049-6aba1f781937','d124a477-3b0d-4190-86db-55089e5833bc',NULL,1,'2020-05-01 00:00:00','2020-07-30 20:27:30','2020-07-30 20:27:30'),('4ddafbed-4576-4e81-9406-8f8ab0fac98b','HB-Interstitial-ABtesting','169256066936095_300756747119359',0.00,'1160','1162',60,10,1,'f4e704f8-aca8-4795-b071-15703fe56ce9','0ef6ba7f-2926-4bda-9da7-e2ee5c251463','78a00f52-d037-4983-b052-bbbe7cf42ed3','1ae04a84-41d3-437a-96b9-0c21b903408b',NULL,1,'2020-05-01 00:00:00','2020-07-30 20:32:19','2020-07-30 20:32:19'),('4e349c1e-3895-4274-840d-d3d17fcc55e0','1152824834828651_1366053116839154','1152824834828651_1366053116839154',6.00,NULL,NULL,60,10,0,'0acf1c4e-7bc7-4482-9472-6060e5b6084e','952750ee-3c29-4308-8197-704cb617e0db','fafd9df6-f7c7-4d92-9b9b-fe6be21247a3','c012ae06-11ee-48db-b3f7-b90e36533b62',NULL,1,'2020-05-01 00:00:00','2020-07-30 20:27:29','2020-07-30 20:27:29'),('4e6cae65-625e-4a58-9ce3-da7fb42d6fe9','New-Interstitial-001','ca-app-pub-3144836196842303/7467645804',40.00,NULL,NULL,60,10,0,'aefd5d30-6c97-4055-bf14-03ec8cc578aa','0ef6ba7f-2926-4bda-9da7-e2ee5c251463','ce2ce4bd-ae70-4a9e-bf50-fdda2ab15b39','c34970c9-459b-4cfe-8c66-8021bbdb4779',NULL,1,'2020-05-01 00:00:00','2020-07-30 20:27:29','2020-07-30 20:27:29'),('4efd5d90-93dd-4edc-b610-51d98f705a86','1625240024185070_1627847317257674','1625240024185070_1627847317257674',13.00,NULL,NULL,60,10,0,'0acf1c4e-7bc7-4482-9472-6060e5b6084e','0ef6ba7f-2926-4bda-9da7-e2ee5c251463','16dfb447-f686-4759-8a62-718d9494b43a','0d5984cc-5fb0-43f4-aa28-7d8e57d6866c',NULL,1,'2020-05-01 00:00:00','2020-07-30 20:27:31','2020-07-30 20:27:31'),('4f5ff0eb-0ab3-427d-9706-e35df18d6624','17JMFLzX1GkJaA0gM7EvLWfhrg5Wg_Ai7T3Mq1vrId8to8T9Go2bIhI8NNf3NqmUIqs6rlx8N409CTJTKL4d2M','17JMFLzX1GkJaA0gM7EvLWfhrg5Wg_Ai7T3Mq1vrId8to8T9Go2bIhI8NNf3NqmUIqs6rlx8N409CTJTKL4d2M',3.00,NULL,NULL,60,10,0,'d653710f-d2a9-4cc9-a2b6-c9709db3ad22','c3991da4-a688-456e-8fa7-e9e984f7719a','be87a385-9cb7-467d-bf15-831d861e1ed0','a3941cbd-8150-42b8-9649-cf54b266ef3b',NULL,1,'2020-05-01 00:00:00','2020-07-30 20:27:29','2020-07-30 20:27:29'),('50069a61-9d8d-4a67-9bbd-7e08d7736b44','B7-Interstitial-002','ca-app-pub-9240980261558928/1977887036',3.15,'0','2',60,10,0,'aefd5d30-6c97-4055-bf14-03ec8cc578aa','0ef6ba7f-2926-4bda-9da7-e2ee5c251463','2f7d4154-6208-45ab-b243-4e08a7999ca2','60b7868d-734a-4a17-93b5-3183e839e720',NULL,1,'2020-05-01 00:00:00','2020-07-30 20:31:39','2020-07-30 20:31:39'),('5038ba0f-cc0d-4cd2-9720-dc158bec691a','384499418589938_384822631890950','384499418589938_384822631890950',2.00,NULL,NULL,60,10,0,'0acf1c4e-7bc7-4482-9472-6060e5b6084e','952750ee-3c29-4308-8197-704cb617e0db','3beffe83-321b-49c9-8a78-595f91cfbc0f','8819d891-d0e1-4fed-a765-8496fd1af2fd',NULL,1,'2020-05-01 00:00:00','2020-07-30 20:27:28','2020-07-30 20:27:28'),('512440af-e1f1-4fd6-bd48-45e576dbc9eb','1614818','1614818',2.00,'unity','unity',60,10,0,'7a1ea1b8-5432-429f-95e0-5cdf8f019214','c3991da4-a688-456e-8fa7-e9e984f7719a','6b65bc01-5d0f-40aa-8b15-45c78ac7d67f','8a093ce0-5c0f-48b1-aa44-1b65ed889498',NULL,1,'2020-05-01 00:00:00','2020-07-30 20:31:38','2020-07-30 20:31:38'),('51b4d6eb-e280-4a5f-805e-ea9916bc6338','1533670669996632_2823921584304861','1533670669996632_2823921584304861',15.00,NULL,NULL,60,10,0,'0acf1c4e-7bc7-4482-9472-6060e5b6084e','0ef6ba7f-2926-4bda-9da7-e2ee5c251463','e391fd45-ab6c-48d5-bb00-374ef1a223cc','b9ce12db-e8b7-4d7b-83b4-4e3a2447e48d',NULL,1,'2020-05-01 00:00:00','2020-07-30 20:27:31','2020-07-30 20:27:31'),('52cbcc65-d4d8-48c2-9220-413f3ac866e5','New-Interstitial-002','ca-app-pub-3144836196842303/1668524217',30.00,NULL,NULL,60,10,0,'aefd5d30-6c97-4055-bf14-03ec8cc578aa','0ef6ba7f-2926-4bda-9da7-e2ee5c251463','8d4479bf-df75-495d-a375-e50452965398','3b065e40-f4a1-411b-af9d-a80a2f6dece9',NULL,1,'2020-05-01 00:00:00','2020-07-30 20:27:31','2020-07-30 20:27:31'),('53e14e87-fa84-47ea-b6dd-25adb1ae2d9f','B7-Interstitial-003','ca-app-pub-9240980261558928/9271969418',1.20,'0','3',60,10,0,'aefd5d30-6c97-4055-bf14-03ec8cc578aa','0ef6ba7f-2926-4bda-9da7-e2ee5c251463','2f7d4154-6208-45ab-b243-4e08a7999ca2','60b7868d-734a-4a17-93b5-3183e839e720',NULL,1,'2020-05-01 00:00:00','2020-07-30 20:31:39','2020-07-30 20:31:39'),('5438ac45-6123-449b-aa44-889db87939ed','B10-RewardVideo-002_Jun','ca-app-pub-1854724225573436/5577709943',19.00,'0','2',60,10,0,'aefd5d30-6c97-4055-bf14-03ec8cc578aa','c3991da4-a688-456e-8fa7-e9e984f7719a','eee98217-ab44-472a-b46a-b2a2013ff3f7','8a093ce0-5c0f-48b1-aa44-1b65ed889498',NULL,1,'2020-05-01 00:00:00','2020-07-30 20:31:39','2020-07-30 20:31:39'),('564b6ebd-0a8b-4463-b885-00b86f174735','445004769225542_445921452467207','445004769225542_445921452467207',15.00,NULL,NULL,30,10,0,'e4d3cb94-651e-4e68-b97d-45859b82309b','0ef6ba7f-2926-4bda-9da7-e2ee5c251463','197e521a-e56d-49a2-8fde-26f89ca6ccb7','51453887-4d52-4f0b-a631-c3343085206b',NULL,1,'2020-05-01 00:00:00','2020-07-30 20:27:31','2020-07-30 20:27:31'),('56817b59-63c8-4765-aeb1-be68130b8aef','New-Interstitial-002','ca-app-pub-3144836196842303/4942011667',30.00,NULL,NULL,60,10,0,'aefd5d30-6c97-4055-bf14-03ec8cc578aa','0ef6ba7f-2926-4bda-9da7-e2ee5c251463','1e8389ef-0928-4d6c-ad96-aecdb1228fea','637c034e-89c2-40d2-a9f8-536f6e300e8a',NULL,1,'2020-05-01 00:00:00','2020-07-30 20:27:31','2020-07-30 20:27:31'),('57091fd7-f06a-4853-8c8e-3c7fa0d0f2fa','New-Banner-001','ca-app-pub-3144836196842303/5450397689',10.00,NULL,NULL,60,10,0,'aefd5d30-6c97-4055-bf14-03ec8cc578aa','952750ee-3c29-4308-8197-704cb617e0db','f7a4a75d-da46-4246-8a86-bd8081a3c360','39851304-52f0-4d31-b931-f8afb6c24b3b',NULL,1,'2020-05-01 00:00:00','2020-07-30 20:27:30','2020-07-30 20:27:30'),('5724918c-b989-480e-a99f-89e8c1bda64d','New-RewardVideo-003','ca-app-pub-3144836196842303/2818465109',20.00,NULL,NULL,60,10,0,'aefd5d30-6c97-4055-bf14-03ec8cc578aa','c3991da4-a688-456e-8fa7-e9e984f7719a','95abbf85-0cdf-4c79-bc60-392cf7c4fcb3','3b2ac62a-6a87-4a52-bc26-f7133eedabe1',NULL,1,'2020-05-01 00:00:00','2020-07-30 20:27:28','2020-07-30 20:27:28'),('579dea3f-0596-4d0c-89d5-6a237930f192','B1-Banner-003','ca-app-pub-9240980261558928/2455530304',2.00,'2','6',60,10,0,'aefd5d30-6c97-4055-bf14-03ec8cc578aa','952750ee-3c29-4308-8197-704cb617e0db','977649ed-a1c8-4026-aeb4-497492401ec2','1ae04a84-41d3-437a-96b9-0c21b903408b',NULL,1,'2020-05-01 00:00:00','2020-07-30 20:32:19','2020-07-30 20:32:19'),('57a4bd99-b769-4d70-a43a-4127ddf7fc23','1587299584644233_1906530406054481','1587299584644233_1906530406054481',6.00,NULL,NULL,60,10,0,'0acf1c4e-7bc7-4482-9472-6060e5b6084e','952750ee-3c29-4308-8197-704cb617e0db','3c2a4c62-060c-405f-b9f2-b77638db6951','667a0566-08f7-4b0d-b794-ac7e6651c6c1',NULL,1,'2020-05-01 00:00:00','2020-07-30 20:27:30','2020-07-30 20:27:30'),('57fc6e36-bac5-4998-99a9-364198fee465','1905987452953806_1906810779538140','1905987452953806_1906810779538140',4.00,NULL,NULL,60,10,0,'0acf1c4e-7bc7-4482-9472-6060e5b6084e','952750ee-3c29-4308-8197-704cb617e0db','2171fe36-64ad-4ff2-9455-b5ec5fc33b3d','c8c7b65c-4f45-49f9-aacf-befaf759a741',NULL,1,'2020-05-01 00:00:00','2020-07-30 20:27:32','2020-07-30 20:27:32'),('58a26810-7fdb-4802-b4b5-9f3fe7413164','B1-Banner-003','169256066936095_729053247623038',3.00,'3','5',60,10,0,'0acf1c4e-7bc7-4482-9472-6060e5b6084e','952750ee-3c29-4308-8197-704cb617e0db','977649ed-a1c8-4026-aeb4-497492401ec2','1ae04a84-41d3-437a-96b9-0c21b903408b',NULL,1,'2020-05-01 00:00:00','2020-07-30 20:32:19','2020-07-30 20:32:19'),('5a84c19d-f334-4030-8d54-ab85cb720e46','B7-RewardVideo-003','ca-app-pub-9240980261558928/5561908825',0.90,'0','3',60,10,0,'aefd5d30-6c97-4055-bf14-03ec8cc578aa','c3991da4-a688-456e-8fa7-e9e984f7719a','e0e6ea04-d46e-4397-a5e2-594f3143745a','60b7868d-734a-4a17-93b5-3183e839e720',NULL,1,'2020-05-01 00:00:00','2020-07-30 20:31:39','2020-07-30 20:31:39'),('5ac0b713-b354-4ff5-a146-07a996948cec','127273884495665_128005551089165','127273884495665_128005551089165',4.00,NULL,NULL,60,10,0,'0acf1c4e-7bc7-4482-9472-6060e5b6084e','952750ee-3c29-4308-8197-704cb617e0db','eebba8c3-9075-4f5f-b412-c315c3e68baa','637c034e-89c2-40d2-a9f8-536f6e300e8a',NULL,1,'2020-05-01 00:00:00','2020-07-30 20:27:31','2020-07-30 20:27:31'),('5c39e6f2-50e6-4b1a-a203-66ee2552b272','Interstitial_001','3506196$Interstitial_001',20.00,'unity','unity',60,10,0,'7a1ea1b8-5432-429f-95e0-5cdf8f019214','0ef6ba7f-2926-4bda-9da7-e2ee5c251463','523d2095-6928-48bd-9769-b757b3ca874d','1ae04a84-41d3-437a-96b9-0c21b903408b',NULL,1,'2020-05-01 00:00:00','2020-07-30 20:32:20','2020-07-30 20:32:20'),('5cb43544-d3a5-4ab0-b8f7-7d2d4c1cb27f','B1-Banner-002','ca-app-pub-9240980261558928/3768611975',4.00,'4','4',60,10,0,'aefd5d30-6c97-4055-bf14-03ec8cc578aa','952750ee-3c29-4308-8197-704cb617e0db','977649ed-a1c8-4026-aeb4-497492401ec2','1ae04a84-41d3-437a-96b9-0c21b903408b',NULL,1,'2020-05-01 00:00:00','2020-07-30 20:32:19','2020-07-30 20:32:19'),('5cddf213-7b48-4cc7-a6c5-6ab50ed3a971','B1-Banner-002','169256066936095_729052704289759',5.00,'5','3',60,10,0,'0acf1c4e-7bc7-4482-9472-6060e5b6084e','952750ee-3c29-4308-8197-704cb617e0db','d14137e1-1c8e-4d9b-931e-1e4116c10d38','1ae04a84-41d3-437a-96b9-0c21b903408b',NULL,1,'2020-05-01 00:00:00','2020-07-30 20:32:20','2020-07-30 20:32:20'),('5d23a1b7-9b43-4c31-9574-0a3959de26ac','137745956751727_252238318635823','137745956751727_252238318635823',7.00,NULL,NULL,60,10,0,'0acf1c4e-7bc7-4482-9472-6060e5b6084e','0ef6ba7f-2926-4bda-9da7-e2ee5c251463','a76e15a7-f225-4338-9297-872cf4cd3c00','a8da3b45-2e15-44cc-874f-886d896068e2',NULL,1,'2020-05-01 00:00:00','2020-07-30 20:27:29','2020-07-30 20:27:29'),('5d9aafca-8d2c-4f62-a0b7-291aef9325af','New-RewardVideo-001','ca-app-pub-3144836196842303/3591850092',40.00,NULL,NULL,60,10,0,'aefd5d30-6c97-4055-bf14-03ec8cc578aa','c3991da4-a688-456e-8fa7-e9e984f7719a','95abbf85-0cdf-4c79-bc60-392cf7c4fcb3','3b2ac62a-6a87-4a52-bc26-f7133eedabe1',NULL,1,'2020-05-01 00:00:00','2020-07-30 20:27:28','2020-07-30 20:27:28'),('5db2c430-c71e-4ee2-9b02-73759596fd6d','B7_RewardVideo_001','3670253$B7_RewardVideo_001',3.65,'unity','unity',60,10,0,'7a1ea1b8-5432-429f-95e0-5cdf8f019214','c3991da4-a688-456e-8fa7-e9e984f7719a','e0e6ea04-d46e-4397-a5e2-594f3143745a','60b7868d-734a-4a17-93b5-3183e839e720',NULL,1,'2020-05-01 00:00:00','2020-07-30 20:31:39','2020-07-30 20:31:39'),('5e42deab-f499-430a-a19e-2b2229e563a6','707790866069843_708772772638319','707790866069843_708772772638319',13.00,NULL,NULL,60,10,0,'0acf1c4e-7bc7-4482-9472-6060e5b6084e','0ef6ba7f-2926-4bda-9da7-e2ee5c251463','f6da64f5-d077-476f-af8c-3c4a9d51c5bb','f4572d9c-0f24-445a-ae9a-010e23c45471',NULL,1,'2020-05-01 00:00:00','2020-07-30 20:27:31','2020-07-30 20:27:31'),('5f15a625-6ab9-434b-83a0-6dd9be12a6b2','New-Interstitial-003','ca-app-pub-3144836196842303/6930359689',20.00,NULL,NULL,60,10,0,'aefd5d30-6c97-4055-bf14-03ec8cc578aa','0ef6ba7f-2926-4bda-9da7-e2ee5c251463','e33cf3cf-1bae-4913-b9b2-9cc59e896592','39851304-52f0-4d31-b931-f8afb6c24b3b',NULL,1,'2020-05-01 00:00:00','2020-07-30 20:27:30','2020-07-30 20:27:30'),('5fa26f1d-fe71-4959-8af4-2d017eaf5db9','Native Banner-002','377744832638820_377815295965107',6.00,'218','218',30,10,0,'0acf1c4e-7bc7-4482-9472-6060e5b6084e','8155d8d8-3a18-45b4-82e7-358061fdab51','0db38469-6376-46e7-9321-61701c5040e3','8a093ce0-5c0f-48b1-aa44-1b65ed889498',NULL,1,'2020-05-01 00:00:00','2020-07-30 20:31:38','2020-07-30 20:31:38'),('5fd2d349-258b-468a-be22-8110781845ea','1365276336827290_1583980654956856','1365276336827290_1583980654956856',6.00,NULL,NULL,60,10,0,'0acf1c4e-7bc7-4482-9472-6060e5b6084e','952750ee-3c29-4308-8197-704cb617e0db','3aa128f3-6342-4359-8c5f-16c4392913dd','3b2ac62a-6a87-4a52-bc26-f7133eedabe1',NULL,1,'2020-05-01 00:00:00','2020-07-30 20:27:28','2020-07-30 20:27:28'),('602f2c13-7dd4-4bf0-8d1e-b695e9ba62bd','New-Interstitial-002','ca-app-pub-9240980261558928/9273451990',30.00,NULL,NULL,60,10,0,'aefd5d30-6c97-4055-bf14-03ec8cc578aa','0ef6ba7f-2926-4bda-9da7-e2ee5c251463','f004f7f0-acf7-4d6b-a1f6-5a4a71580b6f','f03ae1c1-e6c8-47f3-8923-cb276e53d36f',NULL,1,'2020-05-01 00:00:00','2020-07-30 20:27:29','2020-07-30 20:27:29'),('61f55785-a443-4dee-a914-08a624514253','1462770','1462770',2.00,NULL,NULL,60,10,0,'7a1ea1b8-5432-429f-95e0-5cdf8f019214','c3991da4-a688-456e-8fa7-e9e984f7719a','be87a385-9cb7-467d-bf15-831d861e1ed0','a3941cbd-8150-42b8-9649-cf54b266ef3b',NULL,1,'2020-05-01 00:00:00','2020-07-30 20:27:29','2020-07-30 20:27:29'),('62b5f16f-3035-415a-8f15-d897a8066a4b','New-Interstitial-003','ca-app-pub-9240980261558928/3233172116',7.00,'1143','1145',60,10,0,'aefd5d30-6c97-4055-bf14-03ec8cc578aa','0ef6ba7f-2926-4bda-9da7-e2ee5c251463','0cdd753c-a8b4-4c9b-a09e-78f17bef47f7','1ae04a84-41d3-437a-96b9-0c21b903408b',NULL,1,'2020-05-01 00:00:00','2020-07-30 20:32:19','2020-07-30 20:32:19'),('62c598f0-bda0-4ad9-b1d7-7b15f0115d18','1365276336827290_1371116112909979','1365276336827290_1371116112909979',13.00,NULL,NULL,60,10,0,'0acf1c4e-7bc7-4482-9472-6060e5b6084e','0ef6ba7f-2926-4bda-9da7-e2ee5c251463','821f3463-9117-4d2a-b0ed-dda7ed05340f','3b2ac62a-6a87-4a52-bc26-f7133eedabe1',NULL,1,'2020-05-01 00:00:00','2020-07-30 20:27:28','2020-07-30 20:27:28'),('6378c28a-216c-41fa-9b80-f204672c6f84','New-Interstitial-003','ca-app-pub-3144836196842303/6216684446',20.00,NULL,NULL,60,10,0,'aefd5d30-6c97-4055-bf14-03ec8cc578aa','0ef6ba7f-2926-4bda-9da7-e2ee5c251463','e391fd45-ab6c-48d5-bb00-374ef1a223cc','b9ce12db-e8b7-4d7b-83b4-4e3a2447e48d',NULL,1,'2020-05-01 00:00:00','2020-07-30 20:27:31','2020-07-30 20:27:31'),('64c61580-b112-4df7-a9be-361e5933ae55','NativeMenu-002','169256066936095_169267686934933',9.00,'1154','1156',1,10,0,'0acf1c4e-7bc7-4482-9472-6060e5b6084e','474f99bf-b8cc-414c-8630-aae90db8491e','4442cb5d-0f51-4671-8b3e-36fe5f9fb6f3','1ae04a84-41d3-437a-96b9-0c21b903408b',NULL,1,'2020-05-01 00:00:00','2020-07-30 20:32:20','2020-07-30 20:32:20'),('64c93b27-3c56-4236-80a2-bb90245367fd','1365276336827290_1371115942909996','1365276336827290_1371115942909996',2.00,NULL,NULL,60,10,0,'0acf1c4e-7bc7-4482-9472-6060e5b6084e','952750ee-3c29-4308-8197-704cb617e0db','3aa128f3-6342-4359-8c5f-16c4392913dd','3b2ac62a-6a87-4a52-bc26-f7133eedabe1',NULL,1,'2020-05-01 00:00:00','2020-07-30 20:27:28','2020-07-30 20:27:28'),('651aae72-7f3f-48e5-9473-e469effd869b','X2-Interstitial-New','377744832638820_406440459769257',10.00,'1884','1886',60,10,0,'0acf1c4e-7bc7-4482-9472-6060e5b6084e','0ef6ba7f-2926-4bda-9da7-e2ee5c251463','3cc73be6-5c84-4f06-b00f-8dbc50170810','8a093ce0-5c0f-48b1-aa44-1b65ed889498',NULL,1,'2020-05-01 00:00:00','2020-07-30 20:31:39','2020-07-30 20:31:39'),('664f6d57-27eb-424e-bb8e-eceea5387a3a','New-Interstitial-002','ca-app-pub-3144836196842303/9818099671',30.00,NULL,NULL,60,10,0,'aefd5d30-6c97-4055-bf14-03ec8cc578aa','0ef6ba7f-2926-4bda-9da7-e2ee5c251463','095eceeb-e0f6-4bdd-9318-f5b5983079bf','a3941cbd-8150-42b8-9649-cf54b266ef3b',NULL,1,'2020-05-01 00:00:00','2020-07-30 20:27:29','2020-07-30 20:27:29'),('664fd059-57a3-4c46-bbbd-14ca760653d2','New-Interstitial-003','ca-app-pub-3144836196842303/2848285073',20.00,NULL,NULL,60,10,0,'aefd5d30-6c97-4055-bf14-03ec8cc578aa','0ef6ba7f-2926-4bda-9da7-e2ee5c251463','f6da64f5-d077-476f-af8c-3c4a9d51c5bb','f4572d9c-0f24-445a-ae9a-010e23c45471',NULL,1,'2020-05-01 00:00:00','2020-07-30 20:27:31','2020-07-30 20:27:31'),('67283bbb-4880-4823-9680-08a2de15b8f8','New-Interstitial-001','ca-app-pub-9240980261558928/8153492152',8.00,'1127','1129',60,10,0,'aefd5d30-6c97-4055-bf14-03ec8cc578aa','0ef6ba7f-2926-4bda-9da7-e2ee5c251463','523d2095-6928-48bd-9769-b757b3ca874d','1ae04a84-41d3-437a-96b9-0c21b903408b',NULL,1,'2020-05-01 00:00:00','2020-07-30 20:32:20','2020-07-30 20:32:20'),('675db876-7253-49fd-bfc9-e2acce22943a','New-Interstitial-001','ca-app-pub-9240980261558928/8153492152',28.99,'1141','1143',60,10,0,'aefd5d30-6c97-4055-bf14-03ec8cc578aa','0ef6ba7f-2926-4bda-9da7-e2ee5c251463','0cdd753c-a8b4-4c9b-a09e-78f17bef47f7','1ae04a84-41d3-437a-96b9-0c21b903408b',NULL,1,'2020-05-01 00:00:00','2020-07-30 20:32:19','2020-07-30 20:32:19'),('67e14473-8b28-465d-bfa6-67c457f498ab','New-Interstitial-003','ca-app-pub-3144836196842303/2315848320',20.00,NULL,NULL,60,10,0,'aefd5d30-6c97-4055-bf14-03ec8cc578aa','0ef6ba7f-2926-4bda-9da7-e2ee5c251463','1e8389ef-0928-4d6c-ad96-aecdb1228fea','637c034e-89c2-40d2-a9f8-536f6e300e8a',NULL,1,'2020-05-01 00:00:00','2020-07-30 20:27:31','2020-07-30 20:27:31'),('6bede631-889d-4b11-866b-89dfa52f40ea','Interstitial_004','3506196$Interstitial_004',2.00,'unity','unity',60,10,0,'7a1ea1b8-5432-429f-95e0-5cdf8f019214','0ef6ba7f-2926-4bda-9da7-e2ee5c251463','523d2095-6928-48bd-9769-b757b3ca874d','1ae04a84-41d3-437a-96b9-0c21b903408b',NULL,1,'2020-05-01 00:00:00','2020-07-30 20:32:20','2020-07-30 20:32:20'),('6c4ca5ae-aff2-4e67-9d51-d3009ad3b5ef','New-Interstitial-003','ca-app-pub-3144836196842303/3949613753',20.00,NULL,NULL,60,10,0,'aefd5d30-6c97-4055-bf14-03ec8cc578aa','0ef6ba7f-2926-4bda-9da7-e2ee5c251463','095eceeb-e0f6-4bdd-9318-f5b5983079bf','a3941cbd-8150-42b8-9649-cf54b266ef3b',NULL,1,'2020-05-01 00:00:00','2020-07-30 20:27:29','2020-07-30 20:27:29'),('6cc49d23-ea8b-47a4-922d-414317aca978','New-Interstitial-002','ca-app-pub-3144836196842303/3747892640',30.00,NULL,NULL,60,10,0,'aefd5d30-6c97-4055-bf14-03ec8cc578aa','0ef6ba7f-2926-4bda-9da7-e2ee5c251463','a76e15a7-f225-4338-9297-872cf4cd3c00','a8da3b45-2e15-44cc-874f-886d896068e2',NULL,1,'2020-05-01 00:00:00','2020-07-30 20:27:29','2020-07-30 20:27:29'),('6cf0741b-45bc-4d43-97bc-e237f628c187','New-Interstitial-001','ca-app-pub-3144836196842303/4850991254',40.00,NULL,NULL,60,10,0,'aefd5d30-6c97-4055-bf14-03ec8cc578aa','0ef6ba7f-2926-4bda-9da7-e2ee5c251463','f6da64f5-d077-476f-af8c-3c4a9d51c5bb','f4572d9c-0f24-445a-ae9a-010e23c45471',NULL,1,'2020-05-01 00:00:00','2020-07-30 20:27:31','2020-07-30 20:27:31'),('6da9cda7-f283-4c62-8319-4d463894a15e','1670638249908112_1670943476544256','1670638249908112_1670943476544256',15.00,NULL,NULL,30,10,0,'e4d3cb94-651e-4e68-b97d-45859b82309b','0ef6ba7f-2926-4bda-9da7-e2ee5c251463','e9fcc77f-3e01-4b7f-bf4a-2bf848290acb','c7dc3ffc-132d-4404-9579-555111d4bd03',NULL,1,'2020-05-01 00:00:00','2020-07-30 20:27:30','2020-07-30 20:27:30'),('6ee87a41-6a95-4e13-820c-87550f2e9b47','B10_Interstitial_002','3658089$B10_Interstitial_002',2.10,'unity','unity',60,10,0,'7a1ea1b8-5432-429f-95e0-5cdf8f019214','0ef6ba7f-2926-4bda-9da7-e2ee5c251463','29dc31fc-7134-4baa-9696-1ca9ea88a7ce','8a093ce0-5c0f-48b1-aa44-1b65ed889498',NULL,1,'2020-05-01 00:00:00','2020-07-30 20:31:39','2020-07-30 20:31:39'),('700ffb4d-028c-4a86-aa72-f879c8ac0ad3','Interstitial_002','3506196$Interstitial_002',25.00,'unity','unity',60,10,0,'7a1ea1b8-5432-429f-95e0-5cdf8f019214','0ef6ba7f-2926-4bda-9da7-e2ee5c251463','0cdd753c-a8b4-4c9b-a09e-78f17bef47f7','1ae04a84-41d3-437a-96b9-0c21b903408b',NULL,1,'2020-05-01 00:00:00','2020-07-30 20:32:19','2020-07-30 20:32:19'),('707e7510-6977-4548-b8a8-625971cda801','B7-RewardVideo-001','ca-app-pub-9240980261558928/5009769701',9.50,'0','1',60,10,0,'aefd5d30-6c97-4055-bf14-03ec8cc578aa','c3991da4-a688-456e-8fa7-e9e984f7719a','e0e6ea04-d46e-4397-a5e2-594f3143745a','60b7868d-734a-4a17-93b5-3183e839e720',NULL,1,'2020-05-01 00:00:00','2020-07-30 20:31:39','2020-07-30 20:31:39'),('7086f403-e611-4ff7-a673-3ad99848a3d6','New-RewardVideo-001','ca-app-pub-3144836196842303/5563994043',40.00,NULL,NULL,60,10,0,'aefd5d30-6c97-4055-bf14-03ec8cc578aa','c3991da4-a688-456e-8fa7-e9e984f7719a','be87a385-9cb7-467d-bf15-831d861e1ed0','a3941cbd-8150-42b8-9649-cf54b266ef3b',NULL,1,'2020-05-01 00:00:00','2020-07-30 20:27:29','2020-07-30 20:27:29'),('72bb02f6-8747-4474-aa6f-a99b0c19f16b','New-Interstitial-001','ca-app-pub-3144836196842303/2249519276',40.00,NULL,NULL,60,10,0,'aefd5d30-6c97-4055-bf14-03ec8cc578aa','0ef6ba7f-2926-4bda-9da7-e2ee5c251463','821f3463-9117-4d2a-b0ed-dda7ed05340f','3b2ac62a-6a87-4a52-bc26-f7133eedabe1',NULL,1,'2020-05-01 00:00:00','2020-07-30 20:27:28','2020-07-30 20:27:28'),('72ca7e56-d8c2-4111-955a-81ab2fabc089','Native Banner-001','377744832638820_377814889298481',8.00,'1876','1878',30,10,0,'0acf1c4e-7bc7-4482-9472-6060e5b6084e','8155d8d8-3a18-45b4-82e7-358061fdab51','f616c632-2769-4ed1-9caf-759968162891','8a093ce0-5c0f-48b1-aa44-1b65ed889498',NULL,1,'2020-05-01 00:00:00','2020-07-30 20:31:39','2020-07-30 20:31:39'),('73bdb22d-5e80-49c8-bd6d-5e2af008ae0a','New-Banner-001','ca-app-pub-3144836196842303/9364951333',10.00,NULL,NULL,60,10,0,'aefd5d30-6c97-4055-bf14-03ec8cc578aa','952750ee-3c29-4308-8197-704cb617e0db','3aa128f3-6342-4359-8c5f-16c4392913dd','3b2ac62a-6a87-4a52-bc26-f7133eedabe1',NULL,1,'2020-05-01 00:00:00','2020-07-30 20:27:28','2020-07-30 20:27:28'),('73d69fdc-cb4d-4770-82c9-dab09e9b2190','New-Interstitial-002','ca-app-pub-3144836196842303/4705751098',30.00,NULL,NULL,60,10,0,'aefd5d30-6c97-4055-bf14-03ec8cc578aa','0ef6ba7f-2926-4bda-9da7-e2ee5c251463','aebc8225-f365-40c9-8120-7c7934cc4908','8819d891-d0e1-4fed-a765-8496fd1af2fd',NULL,1,'2020-05-01 00:00:00','2020-07-30 20:27:28','2020-07-30 20:27:28'),('744a981a-475d-452b-b2ad-a8e6b5c839f0','2612222','2612222',2.00,'unity','unity',60,10,0,'7a1ea1b8-5432-429f-95e0-5cdf8f019214','c3991da4-a688-456e-8fa7-e9e984f7719a','1787c13c-49cb-480c-a269-09b699d1e0f1','8a093ce0-5c0f-48b1-aa44-1b65ed889498',NULL,1,'2020-05-01 00:00:00','2020-07-30 20:31:39','2020-07-30 20:31:39'),('7517b3bf-e8e9-4abb-8225-7c332c105ed7','New-Interstitial-003','ca-app-pub-3144836196842303/4408778751',20.00,NULL,NULL,60,10,0,'aefd5d30-6c97-4055-bf14-03ec8cc578aa','0ef6ba7f-2926-4bda-9da7-e2ee5c251463','18f75ab8-7b7d-43c3-bf79-8fa56873ff0c','787c40ab-018c-42d5-9b17-33a06177b2d1',NULL,1,'2020-05-01 00:00:00','2020-07-30 20:27:30','2020-07-30 20:27:30'),('75fa7ae4-1e7b-4928-a02d-ce9cd3a0fa67','445004769225542_445921265800559','445004769225542_445921265800559',13.00,NULL,NULL,60,10,0,'0acf1c4e-7bc7-4482-9472-6060e5b6084e','0ef6ba7f-2926-4bda-9da7-e2ee5c251463','197e521a-e56d-49a2-8fde-26f89ca6ccb7','51453887-4d52-4f0b-a631-c3343085206b',NULL,1,'2020-05-01 00:00:00','2020-07-30 20:27:31','2020-07-30 20:27:31'),('76d8f320-4dfc-4b22-bd22-0759be5480c4','192428634586971_192877891208712','192428634586971_192877891208712',13.00,NULL,NULL,60,10,0,'0acf1c4e-7bc7-4482-9472-6060e5b6084e','0ef6ba7f-2926-4bda-9da7-e2ee5c251463','095eceeb-e0f6-4bdd-9318-f5b5983079bf','a3941cbd-8150-42b8-9649-cf54b266ef3b',NULL,1,'2020-05-01 00:00:00','2020-07-30 20:27:29','2020-07-30 20:27:29'),('78c0dd38-86ae-41aa-80a9-b677c2516efa','New-Interstitial-003','ca-app-pub-3144836196842303/5827261071',20.00,NULL,NULL,60,10,0,'aefd5d30-6c97-4055-bf14-03ec8cc578aa','0ef6ba7f-2926-4bda-9da7-e2ee5c251463','aebc8225-f365-40c9-8120-7c7934cc4908','8819d891-d0e1-4fed-a765-8496fd1af2fd',NULL,1,'2020-05-01 00:00:00','2020-07-30 20:27:28','2020-07-30 20:27:28'),('7a2a9fff-5aa1-4080-a7fe-690ed4130f5f','279429432506510_279441569171963','279429432506510_279441569171963',13.00,NULL,NULL,60,10,0,'0acf1c4e-7bc7-4482-9472-6060e5b6084e','0ef6ba7f-2926-4bda-9da7-e2ee5c251463','18f75ab8-7b7d-43c3-bf79-8fa56873ff0c','787c40ab-018c-42d5-9b17-33a06177b2d1',NULL,1,'2020-05-01 00:00:00','2020-07-30 20:27:30','2020-07-30 20:27:30'),('7ade7512-0330-4a08-83bc-2e668d6450f7','125401551347010_125713481315817','125401551347010_125713481315817',13.00,NULL,NULL,60,10,0,'0acf1c4e-7bc7-4482-9472-6060e5b6084e','0ef6ba7f-2926-4bda-9da7-e2ee5c251463','d06a9bb0-e206-476c-97c9-36ab80927486','491e4b7a-ed8c-4a5e-8a63-95c0a3f475b5',NULL,1,'2020-05-01 00:00:00','2020-07-30 20:27:30','2020-07-30 20:27:30'),('7bedd9ae-1285-40ae-a3e7-979babd04397','B1-Banner-002','ca-app-pub-9240980261558928/3768611975',4.00,'4','4',60,10,0,'aefd5d30-6c97-4055-bf14-03ec8cc578aa','952750ee-3c29-4308-8197-704cb617e0db','d14137e1-1c8e-4d9b-931e-1e4116c10d38','1ae04a84-41d3-437a-96b9-0c21b903408b',NULL,1,'2020-05-01 00:00:00','2020-07-30 20:32:20','2020-07-30 20:32:20'),('7cc562b6-40a3-4f6a-9a83-5a0dab0f0d70','ae6f03642f4240f9a25f2cdc97db0873','ae6f03642f4240f9a25f2cdc97db0873',0.50,NULL,NULL,60,10,0,'695a74e2-9f2b-49e8-9bf9-c2cbd5e4c138','0ef6ba7f-2926-4bda-9da7-e2ee5c251463','f004f7f0-acf7-4d6b-a1f6-5a4a71580b6f','f03ae1c1-e6c8-47f3-8923-cb276e53d36f',NULL,1,'2020-05-01 00:00:00','2020-07-30 20:27:29','2020-07-30 20:27:29'),('7e9b068c-0e4f-4fa6-852b-1092d13e2297','banner-001','ca-app-pub-3144836196842303/4897322787',10.00,NULL,NULL,60,10,0,'aefd5d30-6c97-4055-bf14-03ec8cc578aa','952750ee-3c29-4308-8197-704cb617e0db','3beffe83-321b-49c9-8a78-595f91cfbc0f','8819d891-d0e1-4fed-a765-8496fd1af2fd',NULL,1,'2020-05-01 00:00:00','2020-07-30 20:27:28','2020-07-30 20:27:28'),('7ed5851e-1591-4b1a-b2de-4af81a84e950','228706994204213_689092464832328','228706994204213_689092464832328',15.00,NULL,NULL,60,10,0,'0acf1c4e-7bc7-4482-9472-6060e5b6084e','0ef6ba7f-2926-4bda-9da7-e2ee5c251463','e52578a2-91b2-4c90-bdb5-1b86ebf58851','e8110e18-1d83-40dd-9f97-46ae8efed098',NULL,1,'2020-05-01 00:00:00','2020-07-30 20:27:29','2020-07-30 20:27:29'),('7edf80a9-8171-4df1-9b55-c5e20b32df9b','B1-Banner-003','ca-app-pub-9240980261558928/2455530304',2.00,'2','6',60,10,0,'aefd5d30-6c97-4055-bf14-03ec8cc578aa','952750ee-3c29-4308-8197-704cb617e0db','d14137e1-1c8e-4d9b-931e-1e4116c10d38','1ae04a84-41d3-437a-96b9-0c21b903408b',NULL,1,'2020-05-01 00:00:00','2020-07-30 20:32:20','2020-07-30 20:32:20'),('7f9ca747-15c2-4e58-9679-2aa4e5d76581','New-Banner-001','ca-app-pub-3144836196842303/7240871945',10.00,NULL,NULL,60,10,0,'aefd5d30-6c97-4055-bf14-03ec8cc578aa','952750ee-3c29-4308-8197-704cb617e0db','037fde04-bdca-48f2-b750-140c383a6b99','787c40ab-018c-42d5-9b17-33a06177b2d1',NULL,1,'2020-05-01 00:00:00','2020-07-30 20:27:30','2020-07-30 20:27:30'),('803d1bcd-ad94-4ab7-b807-a60762b87444','B10-HB-Interstitial-001','377744832638820_938317083248256',0.00,'0','4',60,10,1,'0acf1c4e-7bc7-4482-9472-6060e5b6084e','0ef6ba7f-2926-4bda-9da7-e2ee5c251463','29dc31fc-7134-4baa-9696-1ca9ea88a7ce','8a093ce0-5c0f-48b1-aa44-1b65ed889498',NULL,1,'2020-05-01 00:00:00','2020-07-30 20:31:39','2020-07-30 20:31:39'),('80b0b471-d303-4f5f-950a-ac95cc230182','cb094b018ed742dd81a3ca3b74efd9ef','cb094b018ed742dd81a3ca3b74efd9ef',1.00,NULL,NULL,60,10,0,'695a74e2-9f2b-49e8-9bf9-c2cbd5e4c138','0ef6ba7f-2926-4bda-9da7-e2ee5c251463','f6da64f5-d077-476f-af8c-3c4a9d51c5bb','f4572d9c-0f24-445a-ae9a-010e23c45471',NULL,1,'2020-05-01 00:00:00','2020-07-30 20:27:31','2020-07-30 20:27:31'),('80d465af-97b5-45c3-aa08-9819724cfdbd','137745956751727_143679842825005','137745956751727_143679842825005',2.00,NULL,NULL,60,10,0,'0acf1c4e-7bc7-4482-9472-6060e5b6084e','952750ee-3c29-4308-8197-704cb617e0db','5d2375ed-e801-4fc1-a7a8-edf29eac0f35','a8da3b45-2e15-44cc-874f-886d896068e2',NULL,1,'2020-05-01 00:00:00','2020-07-30 20:27:29','2020-07-30 20:27:29'),('819567c1-6d2d-467f-99bd-32c723f67715','Interstitial_005','3506196$Interstitial_005',0.10,'unity','unity',60,10,0,'7a1ea1b8-5432-429f-95e0-5cdf8f019214','0ef6ba7f-2926-4bda-9da7-e2ee5c251463','523d2095-6928-48bd-9769-b757b3ca874d','1ae04a84-41d3-437a-96b9-0c21b903408b',NULL,1,'2020-05-01 00:00:00','2020-07-30 20:32:20','2020-07-30 20:32:20'),('81d0181e-a173-4fad-ba87-46b66738a4de','banner-001','ca-app-pub-3144836196842303/6151722371',10.00,NULL,NULL,60,10,0,'aefd5d30-6c97-4055-bf14-03ec8cc578aa','952750ee-3c29-4308-8197-704cb617e0db','4a34c209-1584-4981-a3c5-3b8c22a79b6b','e8110e18-1d83-40dd-9f97-46ae8efed098',NULL,1,'2020-05-01 00:00:00','2020-07-30 20:27:28','2020-07-30 20:27:28'),('820b3c2c-6c3c-4255-a8f8-fdda3f42f1ec','B10_Interstitial_001','3658089$B10_Interstitial_001',6.10,'unity','unity',60,10,0,'7a1ea1b8-5432-429f-95e0-5cdf8f019214','0ef6ba7f-2926-4bda-9da7-e2ee5c251463','29dc31fc-7134-4baa-9696-1ca9ea88a7ce','8a093ce0-5c0f-48b1-aa44-1b65ed889498',NULL,1,'2020-05-01 00:00:00','2020-07-30 20:31:39','2020-07-30 20:31:39'),('821c972c-61e9-4c5d-9000-1ab0bfcb53cf','174994583027515_175808879612752','174994583027515_175808879612752',4.00,NULL,NULL,60,10,0,'0acf1c4e-7bc7-4482-9472-6060e5b6084e','952750ee-3c29-4308-8197-704cb617e0db','4cbbe43a-0469-4f25-be98-870701d301a3','371611ac-4de7-4c3b-9a1d-b636610e0482',NULL,1,'2020-05-01 00:00:00','2020-07-30 20:27:31','2020-07-30 20:27:31'),('825ea807-9078-4e28-9e6a-a673205bfe60','B1-Banner-001','ca-app-pub-9240980261558928/6394775310',6.00,'6','2',60,10,0,'aefd5d30-6c97-4055-bf14-03ec8cc578aa','952750ee-3c29-4308-8197-704cb617e0db','d14137e1-1c8e-4d9b-931e-1e4116c10d38','1ae04a84-41d3-437a-96b9-0c21b903408b',NULL,1,'2020-05-01 00:00:00','2020-07-30 20:32:20','2020-07-30 20:32:20'),('838355fe-a9ec-4e8f-b5ea-2cbf8d315139','New-Interstitial-003','ca-app-pub-3144836196842303/8704420440',20.00,NULL,NULL,60,10,0,'aefd5d30-6c97-4055-bf14-03ec8cc578aa','0ef6ba7f-2926-4bda-9da7-e2ee5c251463','ce2ce4bd-ae70-4a9e-bf50-fdda2ab15b39','c34970c9-459b-4cfe-8c66-8021bbdb4779',NULL,1,'2020-05-01 00:00:00','2020-07-30 20:27:29','2020-07-30 20:27:29'),('85403166-b487-4ba7-b566-f8adc82f8b65','B10-HB-Native Interstitial-001','377744832638820_938317313248233',0.00,'0','5',60,10,1,'e4d3cb94-651e-4e68-b97d-45859b82309b','0ef6ba7f-2926-4bda-9da7-e2ee5c251463','29dc31fc-7134-4baa-9696-1ca9ea88a7ce','8a093ce0-5c0f-48b1-aa44-1b65ed889498',NULL,1,'2020-05-01 00:00:00','2020-07-30 20:31:39','2020-07-30 20:31:39'),('86095964-6ec3-43df-b66a-12b5d972b119','B1-Banner-003','169256066936095_729053247623038',3.00,'3','5',60,10,0,'0acf1c4e-7bc7-4482-9472-6060e5b6084e','952750ee-3c29-4308-8197-704cb617e0db','6b196731-2c35-4c15-9db2-0ced1b6e8009','1ae04a84-41d3-437a-96b9-0c21b903408b',NULL,1,'2020-05-01 00:00:00','2020-07-30 20:32:20','2020-07-30 20:32:20'),('87012959-883b-4117-b6a5-1d311e12e268','New-Interstitial-003','ca-app-pub-3144836196842303/1476952529',20.00,NULL,NULL,60,10,0,'aefd5d30-6c97-4055-bf14-03ec8cc578aa','0ef6ba7f-2926-4bda-9da7-e2ee5c251463','8d4479bf-df75-495d-a375-e50452965398','3b065e40-f4a1-411b-af9d-a80a2f6dece9',NULL,1,'2020-05-01 00:00:00','2020-07-30 20:27:31','2020-07-30 20:27:31'),('8949761e-46df-452f-a0bd-84ce1c71abce','New-Banner-001','ca-app-pub-3144836196842303/6703769602',10.00,NULL,NULL,60,10,0,'aefd5d30-6c97-4055-bf14-03ec8cc578aa','952750ee-3c29-4308-8197-704cb617e0db','eebba8c3-9075-4f5f-b412-c315c3e68baa','637c034e-89c2-40d2-a9f8-536f6e300e8a',NULL,1,'2020-05-01 00:00:00','2020-07-30 20:27:31','2020-07-30 20:27:31'),('89b895de-deb8-4223-bc32-0557251e7284','banner-001','ca-app-pub-3144836196842303/4682728039',10.00,NULL,NULL,60,10,0,'aefd5d30-6c97-4055-bf14-03ec8cc578aa','952750ee-3c29-4308-8197-704cb617e0db','5d2375ed-e801-4fc1-a7a8-edf29eac0f35','a8da3b45-2e15-44cc-874f-886d896068e2',NULL,1,'2020-05-01 00:00:00','2020-07-30 20:27:29','2020-07-30 20:27:29'),('8aa84d57-0268-496e-b38e-c4af85391a70','235389326868924_238388499902340','235389326868924_238388499902340',15.00,NULL,NULL,30,10,0,'e4d3cb94-651e-4e68-b97d-45859b82309b','0ef6ba7f-2926-4bda-9da7-e2ee5c251463','ca456a0a-2344-43d7-9edb-b95d8d467a34','409c9fbc-f883-4ba7-adda-7da6f238d42d',NULL,1,'2020-05-01 00:00:00','2020-07-30 20:27:28','2020-07-30 20:27:28'),('8b90b1b4-f9e6-4cf8-8b55-6be4e4166146','525301407640402_631259480377927','525301407640402_631259480377927',6.00,NULL,NULL,60,10,0,'0acf1c4e-7bc7-4482-9472-6060e5b6084e','952750ee-3c29-4308-8197-704cb617e0db','dcac2f56-637d-4d5e-a176-ef78dac2eca5','c34970c9-459b-4cfe-8c66-8021bbdb4779',NULL,1,'2020-05-01 00:00:00','2020-07-30 20:27:29','2020-07-30 20:27:29'),('8c6b820c-767a-4a83-9ceb-a75b79aa47c3','B7-RewardVideo-002','ca-app-pub-9240980261558928/5800107191',3.55,'0','2',60,10,0,'aefd5d30-6c97-4055-bf14-03ec8cc578aa','c3991da4-a688-456e-8fa7-e9e984f7719a','e0e6ea04-d46e-4397-a5e2-594f3143745a','60b7868d-734a-4a17-93b5-3183e839e720',NULL,1,'2020-05-01 00:00:00','2020-07-30 20:31:39','2020-07-30 20:31:39'),('8d638691-3206-4719-b393-3400cd0fb68b','525301407640402_1113136622190208','525301407640402_1113136622190208',2.00,NULL,NULL,60,10,0,'0acf1c4e-7bc7-4482-9472-6060e5b6084e','0ef6ba7f-2926-4bda-9da7-e2ee5c251463','ce2ce4bd-ae70-4a9e-bf50-fdda2ab15b39','c34970c9-459b-4cfe-8c66-8021bbdb4779',NULL,1,'2020-05-01 00:00:00','2020-07-30 20:27:29','2020-07-30 20:27:29'),('8e8c439a-fcc1-45af-b692-79d1e126ddb2','fe9d7179dfbb4d2097361c9821396da7','fe9d7179dfbb4d2097361c9821396da7',1.00,NULL,NULL,60,10,0,'695a74e2-9f2b-49e8-9bf9-c2cbd5e4c138','0ef6ba7f-2926-4bda-9da7-e2ee5c251463','47723d42-031d-4b94-9ba9-eb42aa08ae21','ea31df77-0aef-4810-b305-742d7456258a',NULL,1,'2020-05-01 00:00:00','2020-07-30 20:27:30','2020-07-30 20:27:30'),('8ead4223-48f5-41cc-8002-c681677e0337','ec8a5316125846e0b2ebf8d193c21e2e','ec8a5316125846e0b2ebf8d193c21e2e',1.00,NULL,NULL,60,10,0,'695a74e2-9f2b-49e8-9bf9-c2cbd5e4c138','0ef6ba7f-2926-4bda-9da7-e2ee5c251463','8d4479bf-df75-495d-a375-e50452965398','3b065e40-f4a1-411b-af9d-a80a2f6dece9',NULL,1,'2020-05-01 00:00:00','2020-07-30 20:27:31','2020-07-30 20:27:31'),('8ed642b2-b55d-4bf8-9566-9777b5394eaa','Interstitial_001','3506196$Interstitial_001',20.00,'unity','unity',60,10,0,'7a1ea1b8-5432-429f-95e0-5cdf8f019214','0ef6ba7f-2926-4bda-9da7-e2ee5c251463','78a00f52-d037-4983-b052-bbbe7cf42ed3','1ae04a84-41d3-437a-96b9-0c21b903408b',NULL,1,'2020-05-01 00:00:00','2020-07-30 20:32:19','2020-07-30 20:32:19'),('8f079eae-b7d0-4b02-9004-902ed7a5ac1e','HB-NativeBrand-ABtesting','169256066936095_300756867119347',0.00,'1159','1161',30,10,1,'4d01f626-cf21-4491-bc9d-0ae38fa978ea','0ef6ba7f-2926-4bda-9da7-e2ee5c251463','78a00f52-d037-4983-b052-bbbe7cf42ed3','1ae04a84-41d3-437a-96b9-0c21b903408b',NULL,1,'2020-05-01 00:00:00','2020-07-30 20:32:19','2020-07-30 20:32:19'),('8f7a316f-0d2a-48fe-88c4-1ba36f0c6a4d','192428634586971_192877351208766','192428634586971_192877351208766',2.00,NULL,NULL,60,10,0,'0acf1c4e-7bc7-4482-9472-6060e5b6084e','952750ee-3c29-4308-8197-704cb617e0db','a01eff52-4362-487f-a7a0-3d4e3d81b7c5','a3941cbd-8150-42b8-9649-cf54b266ef3b',NULL,1,'2020-05-01 00:00:00','2020-07-30 20:27:29','2020-07-30 20:27:29'),('905d3d2e-92c9-4ae7-a550-436653db4e5d','1118251971613872_1119479934824409','1118251971613872_1119479934824409',4.00,NULL,NULL,60,10,0,'0acf1c4e-7bc7-4482-9472-6060e5b6084e','952750ee-3c29-4308-8197-704cb617e0db','6274c54a-95ab-43f8-bdc1-6185de1f2e52','ea31df77-0aef-4810-b305-742d7456258a',NULL,1,'2020-05-01 00:00:00','2020-07-30 20:27:30','2020-07-30 20:27:30'),('90e9ed32-88d8-4678-a14c-1ae0e24bab18','New-Banner-001','ca-app-pub-3144836196842303/7936852429',10.00,NULL,NULL,60,10,0,'aefd5d30-6c97-4055-bf14-03ec8cc578aa','952750ee-3c29-4308-8197-704cb617e0db','089f936c-caed-4424-9253-ab80bb5cb179','70464d3c-215c-41f2-b162-47d00d841f65',NULL,1,'2020-05-01 00:00:00','2020-07-30 20:27:31','2020-07-30 20:27:31'),('910c623b-3a11-435b-b9d0-8d8492dd8abe','251888718550502_252337731838934','251888718550502_252337731838934',15.00,NULL,NULL,30,10,0,'e4d3cb94-651e-4e68-b97d-45859b82309b','0ef6ba7f-2926-4bda-9da7-e2ee5c251463','1e58ae8f-2baa-405b-8786-3a5b6e286593','3ec48dec-0f54-4931-97e3-e49cf7e2c5b5',NULL,1,'2020-05-01 00:00:00','2020-07-30 20:27:31','2020-07-30 20:27:31'),('91298993-0f1f-4a54-bc91-b0e42f0ee700','192428634586971_298148297348337','192428634586971_298148297348337',6.00,NULL,NULL,60,10,0,'0acf1c4e-7bc7-4482-9472-6060e5b6084e','952750ee-3c29-4308-8197-704cb617e0db','a01eff52-4362-487f-a7a0-3d4e3d81b7c5','a3941cbd-8150-42b8-9649-cf54b266ef3b',NULL,1,'2020-05-01 00:00:00','2020-07-30 20:27:29','2020-07-30 20:27:29'),('916d43dc-146a-4b45-8ba2-6694f0d438e9','eb02cdf3e4474c7c87deced4e807a18a','eb02cdf3e4474c7c87deced4e807a18a',3.00,'1130','1132',60,10,0,'695a74e2-9f2b-49e8-9bf9-c2cbd5e4c138','0ef6ba7f-2926-4bda-9da7-e2ee5c251463','523d2095-6928-48bd-9769-b757b3ca874d','1ae04a84-41d3-437a-96b9-0c21b903408b',NULL,1,'2020-05-01 00:00:00','2020-07-30 20:32:20','2020-07-30 20:32:20'),('92589637-8978-405a-be45-5e592f002527','279429432506510_279506149165505','279429432506510_279506149165505',15.00,NULL,NULL,30,10,0,'e4d3cb94-651e-4e68-b97d-45859b82309b','0ef6ba7f-2926-4bda-9da7-e2ee5c251463','18f75ab8-7b7d-43c3-bf79-8fa56873ff0c','787c40ab-018c-42d5-9b17-33a06177b2d1',NULL,1,'2020-05-01 00:00:00','2020-07-30 20:27:30','2020-07-30 20:27:30'),('926ac98c-e503-42e0-937a-b34afce29364','banner-001','ca-app-pub-3144836196842303/1045707682',10.00,NULL,NULL,60,10,0,'aefd5d30-6c97-4055-bf14-03ec8cc578aa','952750ee-3c29-4308-8197-704cb617e0db','5f8543ee-fc23-471c-ad23-a235e5e5426d','c012ae06-11ee-48db-b3f7-b90e36533b62',NULL,1,'2020-05-01 00:00:00','2020-07-30 20:27:29','2020-07-30 20:27:29'),('9537287c-860d-40cc-81b0-0767a2b14eaf','445004769225542_445920645800621','445004769225542_445920645800621',4.00,NULL,NULL,60,10,0,'0acf1c4e-7bc7-4482-9472-6060e5b6084e','952750ee-3c29-4308-8197-704cb617e0db','358df626-663c-4eed-b05a-08a3bf34dd5b','51453887-4d52-4f0b-a631-c3343085206b',NULL,1,'2020-05-01 00:00:00','2020-07-30 20:27:31','2020-07-30 20:27:31'),('9644d757-8ef8-4716-811e-3e6fdfede16d','1429341','1429341',2.00,NULL,NULL,60,10,0,'7a1ea1b8-5432-429f-95e0-5cdf8f019214','c3991da4-a688-456e-8fa7-e9e984f7719a','8f67b8b4-49dd-45fe-b093-95cc6f89f18c','787c40ab-018c-42d5-9b17-33a06177b2d1',NULL,1,'2020-05-01 00:00:00','2020-07-30 20:27:30','2020-07-30 20:27:30'),('96aa831f-62f9-48f5-a250-03177ddf5313','Interstitial_005','3506196$Interstitial_005',0.10,'unity','unity',60,10,0,'7a1ea1b8-5432-429f-95e0-5cdf8f019214','0ef6ba7f-2926-4bda-9da7-e2ee5c251463','78a00f52-d037-4983-b052-bbbe7cf42ed3','1ae04a84-41d3-437a-96b9-0c21b903408b',NULL,1,'2020-05-01 00:00:00','2020-07-30 20:32:19','2020-07-30 20:32:19'),('97c4e823-b33f-4151-ba8f-5919ce009c2b','HB-NativeBrand-ABtesting','169256066936095_300756867119347',0.00,'1145','1147',30,10,1,'4d01f626-cf21-4491-bc9d-0ae38fa978ea','0ef6ba7f-2926-4bda-9da7-e2ee5c251463','0cdd753c-a8b4-4c9b-a09e-78f17bef47f7','1ae04a84-41d3-437a-96b9-0c21b903408b',NULL,1,'2020-05-01 00:00:00','2020-07-30 20:32:19','2020-07-30 20:32:19'),('98bb0242-a988-47fb-a266-82ea815d2476','New-Banner-001','ca-app-pub-3144836196842303/6547216301',10.00,NULL,NULL,60,10,0,'aefd5d30-6c97-4055-bf14-03ec8cc578aa','952750ee-3c29-4308-8197-704cb617e0db','6274c54a-95ab-43f8-bdc1-6185de1f2e52','ea31df77-0aef-4810-b305-742d7456258a',NULL,1,'2020-05-01 00:00:00','2020-07-30 20:27:30','2020-07-30 20:27:30'),('99bcb686-cb41-4008-b0ba-02254668ea72','New-Interstitial-001','ca-app-pub-3144836196842303/7331914431',40.00,NULL,NULL,60,10,0,'aefd5d30-6c97-4055-bf14-03ec8cc578aa','0ef6ba7f-2926-4bda-9da7-e2ee5c251463','aebc8225-f365-40c9-8120-7c7934cc4908','8819d891-d0e1-4fed-a765-8496fd1af2fd',NULL,1,'2020-05-01 00:00:00','2020-07-30 20:27:28','2020-07-30 20:27:28'),('9a223b74-4fe6-47ab-9ca2-6feecacd69b4','192428634586971_253534798476354','192428634586971_253534798476354',5.00,NULL,NULL,30,10,0,'0acf1c4e-7bc7-4482-9472-6060e5b6084e','c3991da4-a688-456e-8fa7-e9e984f7719a','be87a385-9cb7-467d-bf15-831d861e1ed0','a3941cbd-8150-42b8-9649-cf54b266ef3b',NULL,1,'2020-05-01 00:00:00','2020-07-30 20:27:29','2020-07-30 20:27:29'),('9ae0344e-b9dd-4238-8acd-3d3d84e04258','137745956751727_257020881490900','137745956751727_257020881490900',6.00,NULL,NULL,60,10,0,'0acf1c4e-7bc7-4482-9472-6060e5b6084e','952750ee-3c29-4308-8197-704cb617e0db','5d2375ed-e801-4fc1-a7a8-edf29eac0f35','a8da3b45-2e15-44cc-874f-886d896068e2',NULL,1,'2020-05-01 00:00:00','2020-07-30 20:27:29','2020-07-30 20:27:29'),('9afc08b0-7445-43d8-908d-4f9e8925bd53','New-Banner-001','ca-app-pub-3144836196842303/9311667361',10.00,NULL,NULL,60,10,0,'aefd5d30-6c97-4055-bf14-03ec8cc578aa','952750ee-3c29-4308-8197-704cb617e0db','ca5babfd-ec44-4831-a064-4d0bbe1521ea','b9ce12db-e8b7-4d7b-83b4-4e3a2447e48d',NULL,1,'2020-05-01 00:00:00','2020-07-30 20:27:31','2020-07-30 20:27:31'),('9b00ce3b-3ade-446c-9f27-92fbfbc749e1','eb02cdf3e4474c7c87deced4e807a18a','eb02cdf3e4474c7c87deced4e807a18a',3.50,'1144','1146',60,10,0,'695a74e2-9f2b-49e8-9bf9-c2cbd5e4c138','0ef6ba7f-2926-4bda-9da7-e2ee5c251463','0cdd753c-a8b4-4c9b-a09e-78f17bef47f7','1ae04a84-41d3-437a-96b9-0c21b903408b',NULL,1,'2020-05-01 00:00:00','2020-07-30 20:32:19','2020-07-30 20:32:19'),('9be0e4cc-8c23-4e56-a7cb-4c0613544519','New-Interstitial-002','ca-app-pub-3144836196842303/8553953616',30.00,NULL,NULL,60,10,0,'aefd5d30-6c97-4055-bf14-03ec8cc578aa','0ef6ba7f-2926-4bda-9da7-e2ee5c251463','18f75ab8-7b7d-43c3-bf79-8fa56873ff0c','787c40ab-018c-42d5-9b17-33a06177b2d1',NULL,1,'2020-05-01 00:00:00','2020-07-30 20:27:30','2020-07-30 20:27:30'),('9be6dbc1-38a9-4d46-afba-3728a2438cdd','New-Interstitial-001','ca-app-pub-3144836196842303/9577344955',40.00,NULL,NULL,60,10,0,'aefd5d30-6c97-4055-bf14-03ec8cc578aa','0ef6ba7f-2926-4bda-9da7-e2ee5c251463','ca456a0a-2344-43d7-9edb-b95d8d467a34','409c9fbc-f883-4ba7-adda-7da6f238d42d',NULL,1,'2020-05-01 00:00:00','2020-07-30 20:27:28','2020-07-30 20:27:28'),('9c5f0ede-5a1b-442b-a7ec-d3f86e377240','17JMFLzX1GkJaA0gM7EvLWfhrg5Wg_Ai7T3Mq1vrId8to8T9Go2bIhI8NNf3NqmUIqs6rlx8N409CTJTKL4d2M','17JMFLzX1GkJaA0gM7EvLWfhrg5Wg_Ai7T3Mq1vrId8to8T9Go2bIhI8NNf3NqmUIqs6rlx8N409CTJTKL4d2M',3.00,NULL,NULL,60,10,0,'d653710f-d2a9-4cc9-a2b6-c9709db3ad22','c3991da4-a688-456e-8fa7-e9e984f7719a','95abbf85-0cdf-4c79-bc60-392cf7c4fcb3','3b2ac62a-6a87-4a52-bc26-f7133eedabe1',NULL,1,'2020-05-01 00:00:00','2020-07-30 20:27:28','2020-07-30 20:27:28'),('9c612afe-cc39-4c10-96fc-9f082a26b56d','NativeMenu-001','169256066936095_169267530268282',10.00,'1139','1141',1,10,0,'0acf1c4e-7bc7-4482-9472-6060e5b6084e','474f99bf-b8cc-414c-8630-aae90db8491e','14144258-016b-4dfb-94f9-c7e0783f9388','1ae04a84-41d3-437a-96b9-0c21b903408b',NULL,1,'2020-05-01 00:00:00','2020-07-30 20:32:19','2020-07-30 20:32:19'),('9c629543-0145-446f-bcdc-2d9a513c61bc','137745956751727_252237791969209','137745956751727_252237791969209',18.00,NULL,NULL,60,10,0,'0acf1c4e-7bc7-4482-9472-6060e5b6084e','0ef6ba7f-2926-4bda-9da7-e2ee5c251463','a76e15a7-f225-4338-9297-872cf4cd3c00','a8da3b45-2e15-44cc-874f-886d896068e2',NULL,1,'2020-05-01 00:00:00','2020-07-30 20:27:29','2020-07-30 20:27:29'),('9daa3bbb-3bb8-4b56-a45d-13cac729110f','New-Banner-001','ca-app-pub-9240980261558928/7960370325',10.00,NULL,NULL,60,10,0,'aefd5d30-6c97-4055-bf14-03ec8cc578aa','952750ee-3c29-4308-8197-704cb617e0db','cf997f2f-a413-45c2-8d77-6194064a53dd','f03ae1c1-e6c8-47f3-8923-cb276e53d36f',NULL,1,'2020-05-01 00:00:00','2020-07-30 20:27:29','2020-07-30 20:27:29'),('a0d9d409-073e-4c73-a591-771acf12a4e0','B7-Native Banner-003','1953267231660120_2707584692895033',3.00,'0','3',60,10,0,'e4d3cb94-651e-4e68-b97d-45859b82309b','952750ee-3c29-4308-8197-704cb617e0db','de915ab0-62f0-4e3b-a7e3-1fd66b78f2da','60b7868d-734a-4a17-93b5-3183e839e720',NULL,1,'2020-05-01 00:00:00','2020-07-30 20:31:39','2020-07-30 20:31:39'),('a1d4300a-4f18-4a5b-a902-1e750af5721f','182871098485165_1185779184861023','182871098485165_1185779184861023',4.00,NULL,NULL,60,10,0,'0acf1c4e-7bc7-4482-9472-6060e5b6084e','952750ee-3c29-4308-8197-704cb617e0db','6cd6b135-0e5b-4fd2-8836-0c158196c5cf','3b065e40-f4a1-411b-af9d-a80a2f6dece9',NULL,1,'2020-05-01 00:00:00','2020-07-30 20:27:31','2020-07-30 20:27:31'),('a23f8377-a32d-4dac-9d43-edb9fc44f2e7','B1-Banner-002','ca-app-pub-9240980261558928/3768611975',4.00,'4','4',60,10,0,'aefd5d30-6c97-4055-bf14-03ec8cc578aa','952750ee-3c29-4308-8197-704cb617e0db','6b196731-2c35-4c15-9db2-0ced1b6e8009','1ae04a84-41d3-437a-96b9-0c21b903408b',NULL,1,'2020-05-01 00:00:00','2020-07-30 20:32:20','2020-07-30 20:32:20'),('a2a61160-3bdc-4791-a932-de5f31e9c7fe','New-Interstitial-001','ca-app-pub-3144836196842303/4647069015',40.00,NULL,NULL,60,10,0,'aefd5d30-6c97-4055-bf14-03ec8cc578aa','0ef6ba7f-2926-4bda-9da7-e2ee5c251463','e52578a2-91b2-4c90-bdb5-1b86ebf58851','e8110e18-1d83-40dd-9f97-46ae8efed098',NULL,1,'2020-05-01 00:00:00','2020-07-30 20:27:29','2020-07-30 20:27:29'),('a3de9005-0de1-4580-9e0b-01f4bee04861','New-Interstitial-002','ca-app-pub-3144836196842303/6931000318',30.00,NULL,NULL,60,10,0,'aefd5d30-6c97-4055-bf14-03ec8cc578aa','0ef6ba7f-2926-4bda-9da7-e2ee5c251463','e391fd45-ab6c-48d5-bb00-374ef1a223cc','b9ce12db-e8b7-4d7b-83b4-4e3a2447e48d',NULL,1,'2020-05-01 00:00:00','2020-07-30 20:27:31','2020-07-30 20:27:31'),('a3e9a57a-4545-49c6-bef9-74fa35b888d1','New-Banner-001','ca-app-pub-3144836196842303/2706730569',10.00,NULL,NULL,60,10,0,'aefd5d30-6c97-4055-bf14-03ec8cc578aa','952750ee-3c29-4308-8197-704cb617e0db','6d5098be-698b-479d-8999-f6bd6e947db0','3ec48dec-0f54-4931-97e3-e49cf7e2c5b5',NULL,1,'2020-05-01 00:00:00','2020-07-30 20:27:31','2020-07-30 20:27:31'),('a505755e-6776-4747-ab3c-36b6beaa1965','NativeMenu-001','169256066936095_169267530268282',10.00,'1167','1169',1,10,0,'0acf1c4e-7bc7-4482-9472-6060e5b6084e','474f99bf-b8cc-414c-8630-aae90db8491e','fb8f7819-4679-4963-92d1-c28de2a867fe','1ae04a84-41d3-437a-96b9-0c21b903408b',NULL,1,'2020-05-01 00:00:00','2020-07-30 20:32:19','2020-07-30 20:32:19'),('a520aecc-3c15-4725-a4fa-6dcf3ffc9f85','80cdd69bfa374caaaa2d5a7cbd0bd210','80cdd69bfa374caaaa2d5a7cbd0bd210',9.00,'987','987',60,10,0,'695a74e2-9f2b-49e8-9bf9-c2cbd5e4c138','0ef6ba7f-2926-4bda-9da7-e2ee5c251463','395b0d59-16ae-443f-a300-fd4dad257775','8a093ce0-5c0f-48b1-aa44-1b65ed889498',NULL,1,'2020-05-01 00:00:00','2020-07-30 20:31:38','2020-07-30 20:31:38'),('a5dc4097-1a78-4d8f-897d-407ae58a258f','192428634586971_253534848476349','192428634586971_253534848476349',7.00,NULL,NULL,30,10,0,'0acf1c4e-7bc7-4482-9472-6060e5b6084e','c3991da4-a688-456e-8fa7-e9e984f7719a','be87a385-9cb7-467d-bf15-831d861e1ed0','a3941cbd-8150-42b8-9649-cf54b266ef3b',NULL,1,'2020-05-01 00:00:00','2020-07-30 20:27:29','2020-07-30 20:27:29'),('a76ac634-a73d-4caa-99de-dfca8cffb94e','525301407640402_1113135655523638','525301407640402_1113135655523638',1.00,NULL,NULL,60,10,0,'0acf1c4e-7bc7-4482-9472-6060e5b6084e','0ef6ba7f-2926-4bda-9da7-e2ee5c251463','ce2ce4bd-ae70-4a9e-bf50-fdda2ab15b39','c34970c9-459b-4cfe-8c66-8021bbdb4779',NULL,1,'2020-05-01 00:00:00','2020-07-30 20:27:29','2020-07-30 20:27:29'),('a7e37cd9-f1f5-4044-a88c-17e7026c0d7b','NativeMenu-002','169256066936095_169267686934933',9.00,'1168','1170',1,10,0,'0acf1c4e-7bc7-4482-9472-6060e5b6084e','474f99bf-b8cc-414c-8630-aae90db8491e','fb8f7819-4679-4963-92d1-c28de2a867fe','1ae04a84-41d3-437a-96b9-0c21b903408b',NULL,1,'2020-05-01 00:00:00','2020-07-30 20:32:19','2020-07-30 20:32:19'),('a7ffaa4e-f9ff-4e25-821d-d5f1f3064172','235389326868924_235574716850385','235389326868924_235574716850385',2.00,NULL,NULL,60,10,0,'0acf1c4e-7bc7-4482-9472-6060e5b6084e','952750ee-3c29-4308-8197-704cb617e0db','a45be481-2c27-439d-85a0-5b7aa259e265','409c9fbc-f883-4ba7-adda-7da6f238d42d',NULL,1,'2020-05-01 00:00:00','2020-07-30 20:27:28','2020-07-30 20:27:28'),('a8b6c7bb-ffe2-4134-8ba2-951ecb10850a','B10-HB-RewardVideo-001','377744832638820_938316866581611',0.00,'0','4',60,10,1,'0acf1c4e-7bc7-4482-9472-6060e5b6084e','c3991da4-a688-456e-8fa7-e9e984f7719a','eee98217-ab44-472a-b46a-b2a2013ff3f7','8a093ce0-5c0f-48b1-aa44-1b65ed889498',NULL,1,'2020-05-01 00:00:00','2020-07-30 20:31:39','2020-07-30 20:31:39'),('a93da86b-fe2f-4290-bb9e-ddac4dea40d6','639389546249770_640074492847942','639389546249770_640074492847942',4.00,NULL,NULL,60,10,0,'0acf1c4e-7bc7-4482-9472-6060e5b6084e','952750ee-3c29-4308-8197-704cb617e0db','089f936c-caed-4424-9253-ab80bb5cb179','70464d3c-215c-41f2-b162-47d00d841f65',NULL,1,'2020-05-01 00:00:00','2020-07-30 20:27:31','2020-07-30 20:27:31'),('a944fe00-4eb2-4802-a02e-a7c1046fa165','595c91323a2c0ffd040013a9','595c91323a2c0ffd040013a9',1.00,NULL,NULL,30,10,0,'2c39a09c-9438-42da-8f2e-cee1ce123a89','c3991da4-a688-456e-8fa7-e9e984f7719a','be87a385-9cb7-467d-bf15-831d861e1ed0','a3941cbd-8150-42b8-9649-cf54b266ef3b',NULL,1,'2020-05-01 00:00:00','2020-07-30 20:27:29','2020-07-30 20:27:29'),('aafafb85-7f04-41f7-8b33-b4bd48cfa9da','290624348052725_290938834687943','290624348052725_290938834687943',4.00,NULL,NULL,60,10,0,'0acf1c4e-7bc7-4482-9472-6060e5b6084e','952750ee-3c29-4308-8197-704cb617e0db','88af0eee-38d4-4da6-8556-a8ba31bc7ce9','d124a477-3b0d-4190-86db-55089e5833bc',NULL,1,'2020-05-01 00:00:00','2020-07-30 20:27:30','2020-07-30 20:27:30'),('abd6bbb8-3f23-4a32-997e-34ace51a7c62','1533670669996632_1535469229816776','1533670669996632_1535469229816776',4.00,NULL,NULL,60,10,0,'0acf1c4e-7bc7-4482-9472-6060e5b6084e','952750ee-3c29-4308-8197-704cb617e0db','ca5babfd-ec44-4831-a064-4d0bbe1521ea','b9ce12db-e8b7-4d7b-83b4-4e3a2447e48d',NULL,1,'2020-05-01 00:00:00','2020-07-30 20:27:31','2020-07-30 20:27:31'),('ad3ed877-6ab3-4051-89db-161567545032','3250dabe77934734a8108be719be205a','3250dabe77934734a8108be719be205a',1.00,NULL,NULL,60,10,0,'695a74e2-9f2b-49e8-9bf9-c2cbd5e4c138','0ef6ba7f-2926-4bda-9da7-e2ee5c251463','1e58ae8f-2baa-405b-8786-3a5b6e286593','3ec48dec-0f54-4931-97e3-e49cf7e2c5b5',NULL,1,'2020-05-01 00:00:00','2020-07-30 20:27:31','2020-07-30 20:27:31'),('ad929465-d103-403c-9106-33670719f188','1587299584644233_1588030451237813','1587299584644233_1588030451237813',2.00,NULL,NULL,60,10,0,'0acf1c4e-7bc7-4482-9472-6060e5b6084e','952750ee-3c29-4308-8197-704cb617e0db','3c2a4c62-060c-405f-b9f2-b77638db6951','667a0566-08f7-4b0d-b794-ac7e6651c6c1',NULL,1,'2020-05-01 00:00:00','2020-07-30 20:27:30','2020-07-30 20:27:30'),('ae6353ed-976c-46be-a52d-202bccd797b8','125401551347010_125713304649168','125401551347010_125713304649168',4.00,NULL,NULL,60,10,0,'0acf1c4e-7bc7-4482-9472-6060e5b6084e','952750ee-3c29-4308-8197-704cb617e0db','6bfba396-96f5-4ea8-bd52-5b44629b2706','491e4b7a-ed8c-4a5e-8a63-95c0a3f475b5',NULL,1,'2020-05-01 00:00:00','2020-07-30 20:27:30','2020-07-30 20:27:30'),('b3c5eeec-4685-451a-a2ba-a3bc8ba503ed','1625240024185070_1627846803924392','1625240024185070_1627846803924392',4.00,NULL,NULL,60,10,0,'0acf1c4e-7bc7-4482-9472-6060e5b6084e','952750ee-3c29-4308-8197-704cb617e0db','96027f3d-41f2-46c4-ba5c-77c73091400f','0d5984cc-5fb0-43f4-aa28-7d8e57d6866c',NULL,1,'2020-05-01 00:00:00','2020-07-30 20:27:31','2020-07-30 20:27:31'),('b4c3c104-b999-48fe-aff8-c2c5ba115e1d','1118251971613872_1119480584824344','1118251971613872_1119480584824344',13.00,NULL,NULL,60,10,0,'0acf1c4e-7bc7-4482-9472-6060e5b6084e','0ef6ba7f-2926-4bda-9da7-e2ee5c251463','47723d42-031d-4b94-9ba9-eb42aa08ae21','ea31df77-0aef-4810-b305-742d7456258a',NULL,1,'2020-05-01 00:00:00','2020-07-30 20:27:30','2020-07-30 20:27:30'),('b4cc1c57-dfe3-4f1e-8f36-7715ae8c02f7','New-Interstitial-003','ca-app-pub-3144836196842303/5879688819',20.00,NULL,NULL,60,10,0,'aefd5d30-6c97-4055-bf14-03ec8cc578aa','0ef6ba7f-2926-4bda-9da7-e2ee5c251463','1e58ae8f-2baa-405b-8786-3a5b6e286593','3ec48dec-0f54-4931-97e3-e49cf7e2c5b5',NULL,1,'2020-05-01 00:00:00','2020-07-30 20:27:31','2020-07-30 20:27:31'),('b5648caa-ee8b-4246-b72b-9a86b6b64c7c','B7_RewardVideo_002','3670253$B7_RewardVideo_002',1.53,'unity','unity',60,10,0,'7a1ea1b8-5432-429f-95e0-5cdf8f019214','c3991da4-a688-456e-8fa7-e9e984f7719a','e0e6ea04-d46e-4397-a5e2-594f3143745a','60b7868d-734a-4a17-93b5-3183e839e720',NULL,1,'2020-05-01 00:00:00','2020-07-30 20:31:39','2020-07-30 20:31:39'),('b585a916-f389-4c36-ad19-fb53ff255e04','B10-Interstitial-002_Jun','ca-app-pub-1854724225573436/3393280178',4.00,'0','2',60,10,0,'aefd5d30-6c97-4055-bf14-03ec8cc578aa','0ef6ba7f-2926-4bda-9da7-e2ee5c251463','29dc31fc-7134-4baa-9696-1ca9ea88a7ce','8a093ce0-5c0f-48b1-aa44-1b65ed889498',NULL,1,'2020-05-01 00:00:00','2020-07-30 20:31:39','2020-07-30 20:31:39'),('b671baec-9ddc-41ae-9321-e1d14447965f','1152824834828651_2412232595554529','1152824834828651_2412232595554529',15.00,NULL,NULL,60,10,0,'0acf1c4e-7bc7-4482-9472-6060e5b6084e','0ef6ba7f-2926-4bda-9da7-e2ee5c251463','9804dd89-800d-4649-ac12-155acef7040a','c012ae06-11ee-48db-b3f7-b90e36533b62',NULL,1,'2020-05-01 00:00:00','2020-07-30 20:27:29','2020-07-30 20:27:29'),('b6d095d7-0f9c-411f-9863-e43cfe4cb1af','reward-video-002','377744832638820_378023435944293',8.00,'0','211',60,10,0,'0acf1c4e-7bc7-4482-9472-6060e5b6084e','c3991da4-a688-456e-8fa7-e9e984f7719a','6b65bc01-5d0f-40aa-8b15-45c78ac7d67f','8a093ce0-5c0f-48b1-aa44-1b65ed889498',NULL,1,'2020-05-01 00:00:00','2020-07-30 20:31:38','2020-07-30 20:31:38'),('b6d7dad0-f040-47bf-ac1c-9a3049fc99bc','129969547553430_130270004190051','129969547553430_130270004190051',13.00,NULL,NULL,60,10,0,'0acf1c4e-7bc7-4482-9472-6060e5b6084e','0ef6ba7f-2926-4bda-9da7-e2ee5c251463','0009c4db-8334-4672-8112-296a52f41da2','85d4878d-dc23-4c5f-a5d1-9d3f682c02f7',NULL,1,'2020-05-01 00:00:00','2020-07-30 20:27:30','2020-07-30 20:27:30'),('b928c76a-326a-45ca-9fbf-d5fa600c3860','New-Interstitial-003','ca-app-pub-3144836196842303/2956096284',20.00,NULL,NULL,60,10,0,'aefd5d30-6c97-4055-bf14-03ec8cc578aa','0ef6ba7f-2926-4bda-9da7-e2ee5c251463','ca456a0a-2344-43d7-9edb-b95d8d467a34','409c9fbc-f883-4ba7-adda-7da6f238d42d',NULL,1,'2020-05-01 00:00:00','2020-07-30 20:27:28','2020-07-30 20:27:28'),('b980d94d-f859-4f6c-8f29-1905a8ed890c','Interstitial_003','3506196$Interstitial_003',15.00,'unity','unity',60,10,0,'7a1ea1b8-5432-429f-95e0-5cdf8f019214','0ef6ba7f-2926-4bda-9da7-e2ee5c251463','0cdd753c-a8b4-4c9b-a09e-78f17bef47f7','1ae04a84-41d3-437a-96b9-0c21b903408b',NULL,1,'2020-05-01 00:00:00','2020-07-30 20:32:19','2020-07-30 20:32:19'),('b9d46fe3-07a8-4813-855a-d419d687f6ef','B10_RewardVideo_002','3658089$B10_RewardVideo_002',11.70,'unity','unity',60,10,0,'7a1ea1b8-5432-429f-95e0-5cdf8f019214','c3991da4-a688-456e-8fa7-e9e984f7719a','eee98217-ab44-472a-b46a-b2a2013ff3f7','8a093ce0-5c0f-48b1-aa44-1b65ed889498',NULL,1,'2020-05-01 00:00:00','2020-07-30 20:31:39','2020-07-30 20:31:39'),('ba229c1b-50ef-4626-9145-da80103756fd','B1-Banner-001','169256066936095_729052257623137',7.00,'7','1',60,10,0,'0acf1c4e-7bc7-4482-9472-6060e5b6084e','952750ee-3c29-4308-8197-704cb617e0db','d14137e1-1c8e-4d9b-931e-1e4116c10d38','1ae04a84-41d3-437a-96b9-0c21b903408b',NULL,1,'2020-05-01 00:00:00','2020-07-30 20:32:19','2020-07-30 20:32:19'),('bad74c98-3752-4f0e-9292-306ddb1f0128','New-Interstitial-002','ca-app-pub-3144836196842303/7787666859',30.00,NULL,NULL,60,10,0,'aefd5d30-6c97-4055-bf14-03ec8cc578aa','0ef6ba7f-2926-4bda-9da7-e2ee5c251463','ca456a0a-2344-43d7-9edb-b95d8d467a34','409c9fbc-f883-4ba7-adda-7da6f238d42d',NULL,1,'2020-05-01 00:00:00','2020-07-30 20:27:28','2020-07-30 20:27:28'),('bb24e065-ad6c-45b4-b3a2-76bfe991aa58','384499418589938_490284241344788','384499418589938_490284241344788',6.00,NULL,NULL,60,10,0,'0acf1c4e-7bc7-4482-9472-6060e5b6084e','952750ee-3c29-4308-8197-704cb617e0db','3beffe83-321b-49c9-8a78-595f91cfbc0f','8819d891-d0e1-4fed-a765-8496fd1af2fd',NULL,1,'2020-05-01 00:00:00','2020-07-30 20:27:28','2020-07-30 20:27:28'),('bb2c93e0-7557-40d2-8d17-d0e7bf703b1a','Banner-003','377744832638820_377814679298502',11.00,'1879','1881',60,10,0,'0acf1c4e-7bc7-4482-9472-6060e5b6084e','952750ee-3c29-4308-8197-704cb617e0db','a37ef371-93a4-4259-b27a-075c66f1d6d1','8a093ce0-5c0f-48b1-aa44-1b65ed889498',NULL,1,'2020-05-01 00:00:00','2020-07-30 20:31:39','2020-07-30 20:31:39'),('bb6ec378-5995-4516-a173-9de1436327d3','1118251971613872_2263310257108032','1118251971613872_2263310257108032',15.00,NULL,NULL,60,10,0,'0acf1c4e-7bc7-4482-9472-6060e5b6084e','0ef6ba7f-2926-4bda-9da7-e2ee5c251463','47723d42-031d-4b94-9ba9-eb42aa08ae21','ea31df77-0aef-4810-b305-742d7456258a',NULL,1,'2020-05-01 00:00:00','2020-07-30 20:27:30','2020-07-30 20:27:30'),('bbaa5dce-23cb-44ec-bed2-559cd3b81e21','B7-Banner-001','ca-app-pub-9240980261558928/8818627553',6.00,'0','1',60,10,0,'aefd5d30-6c97-4055-bf14-03ec8cc578aa','952750ee-3c29-4308-8197-704cb617e0db','de915ab0-62f0-4e3b-a7e3-1fd66b78f2da','60b7868d-734a-4a17-93b5-3183e839e720',NULL,1,'2020-05-01 00:00:00','2020-07-30 20:31:39','2020-07-30 20:31:39'),('bbd65bba-80cb-49be-a464-8f7f761f0f44','New-Interstitial-001','ca-app-pub-3144836196842303/3091187023',40.00,NULL,NULL,60,10,0,'aefd5d30-6c97-4055-bf14-03ec8cc578aa','0ef6ba7f-2926-4bda-9da7-e2ee5c251463','1e8389ef-0928-4d6c-ad96-aecdb1228fea','637c034e-89c2-40d2-a9f8-536f6e300e8a',NULL,1,'2020-05-01 00:00:00','2020-07-30 20:27:31','2020-07-30 20:27:31'),('bc051d93-c2a7-4faf-995a-81f5a12b2f9c','New-RewardVideo-003','ca-app-pub-3144836196842303/7745388534',20.00,NULL,NULL,60,10,0,'aefd5d30-6c97-4055-bf14-03ec8cc578aa','c3991da4-a688-456e-8fa7-e9e984f7719a','8f67b8b4-49dd-45fe-b093-95cc6f89f18c','787c40ab-018c-42d5-9b17-33a06177b2d1',NULL,1,'2020-05-01 00:00:00','2020-07-30 20:27:30','2020-07-30 20:27:30'),('bc5a6772-8858-434d-90cb-9617f8732099','d0c1185b62fe4b2ea59311215901c718','d0c1185b62fe4b2ea59311215901c718',1.00,NULL,NULL,60,10,0,'695a74e2-9f2b-49e8-9bf9-c2cbd5e4c138','0ef6ba7f-2926-4bda-9da7-e2ee5c251463','ca456a0a-2344-43d7-9edb-b95d8d467a34','409c9fbc-f883-4ba7-adda-7da6f238d42d',NULL,1,'2020-05-01 00:00:00','2020-07-30 20:27:28','2020-07-30 20:27:28'),('bd32cfd9-3e72-42bc-a21a-de805991a00c','New-Interstitial-001','ca-app-pub-3144836196842303/8272002145',40.00,NULL,NULL,60,10,0,'aefd5d30-6c97-4055-bf14-03ec8cc578aa','0ef6ba7f-2926-4bda-9da7-e2ee5c251463','1e58ae8f-2baa-405b-8786-3a5b6e286593','3ec48dec-0f54-4931-97e3-e49cf7e2c5b5',NULL,1,'2020-05-01 00:00:00','2020-07-30 20:27:31','2020-07-30 20:27:31'),('be5f58b5-3bd9-47c5-878d-fd58b0ee4ac6','192428634586971_196545270841974','192428634586971_196545270841974',15.00,NULL,NULL,30,10,0,'0acf1c4e-7bc7-4482-9472-6060e5b6084e','0ef6ba7f-2926-4bda-9da7-e2ee5c251463','095eceeb-e0f6-4bdd-9318-f5b5983079bf','a3941cbd-8150-42b8-9649-cf54b266ef3b',NULL,1,'2020-05-01 00:00:00','2020-07-30 20:27:29','2020-07-30 20:27:29'),('be73b8d6-cc17-4f35-b2d5-d9bfec78dbef','174530109742162_175494632979043','174530109742162_175494632979043',4.00,NULL,NULL,60,10,0,'0acf1c4e-7bc7-4482-9472-6060e5b6084e','952750ee-3c29-4308-8197-704cb617e0db','c518e82f-81c5-4380-8140-d8c884d570f8','5581c819-2fd2-4fdc-9cd7-69ab990b15df',NULL,1,'2020-05-01 00:00:00','2020-07-30 20:27:32','2020-07-30 20:27:32'),('bea51926-7362-4f21-b70d-049402ce2f6d','New-Interstitial-001','ca-app-pub-3144836196842303/4244486591',40.00,NULL,NULL,60,10,0,'aefd5d30-6c97-4055-bf14-03ec8cc578aa','0ef6ba7f-2926-4bda-9da7-e2ee5c251463','e391fd45-ab6c-48d5-bb00-374ef1a223cc','b9ce12db-e8b7-4d7b-83b4-4e3a2447e48d',NULL,1,'2020-05-01 00:00:00','2020-07-30 20:27:31','2020-07-30 20:27:31'),('c0d58501-20ae-47df-b3f1-6ff521733339','1343558665737832_2538575709569449','1343558665737832_2538575709569449',15.00,NULL,NULL,60,10,0,'0acf1c4e-7bc7-4482-9472-6060e5b6084e','0ef6ba7f-2926-4bda-9da7-e2ee5c251463','d2651457-d0ef-4748-b41b-f5adf3ec47a7','98fa0896-1cbc-485f-ac07-d7d67698b6f1',NULL,1,'2020-05-01 00:00:00','2020-07-30 20:27:30','2020-07-30 20:27:30'),('c0fef458-659d-4fb8-ab44-fae901be95a5','1152824834828651_1158993470878454','1152824834828651_1158993470878454',2.00,NULL,NULL,60,10,0,'0acf1c4e-7bc7-4482-9472-6060e5b6084e','952750ee-3c29-4308-8197-704cb617e0db','fafd9df6-f7c7-4d92-9b9b-fe6be21247a3','c012ae06-11ee-48db-b3f7-b90e36533b62',NULL,1,'2020-05-01 00:00:00','2020-07-30 20:27:29','2020-07-30 20:27:29'),('c14b842d-1fc6-4769-80c8-34e03aa0a86b','New-Interstitial-002','ca-app-pub-9240980261558928/8364889926',12.00,'1142','1144',60,10,0,'aefd5d30-6c97-4055-bf14-03ec8cc578aa','0ef6ba7f-2926-4bda-9da7-e2ee5c251463','0cdd753c-a8b4-4c9b-a09e-78f17bef47f7','1ae04a84-41d3-437a-96b9-0c21b903408b',NULL,1,'2020-05-01 00:00:00','2020-07-30 20:32:19','2020-07-30 20:32:19'),('c1f5e69d-9177-40f7-b19e-9888a7faf30b','639389546249770_640075042847887','639389546249770_640075042847887',13.00,NULL,NULL,60,10,0,'0acf1c4e-7bc7-4482-9472-6060e5b6084e','0ef6ba7f-2926-4bda-9da7-e2ee5c251463','20820a4b-3923-446f-922e-3e2019f54027','70464d3c-215c-41f2-b162-47d00d841f65',NULL,1,'2020-05-01 00:00:00','2020-07-30 20:27:31','2020-07-30 20:27:31'),('c241150a-031b-4e45-b2a4-587e36899c8c','New-Interstitial-001','ca-app-pub-3144836196842303/2269059945',40.00,NULL,NULL,60,10,0,'aefd5d30-6c97-4055-bf14-03ec8cc578aa','0ef6ba7f-2926-4bda-9da7-e2ee5c251463','47723d42-031d-4b94-9ba9-eb42aa08ae21','ea31df77-0aef-4810-b305-742d7456258a',NULL,1,'2020-05-01 00:00:00','2020-07-30 20:27:30','2020-07-30 20:27:30'),('c43ac9a0-ade1-4151-b239-873d6d06786c','437644346591922_438349546521402','437644346591922_438349546521402',4.00,NULL,NULL,60,10,0,'0acf1c4e-7bc7-4482-9472-6060e5b6084e','952750ee-3c29-4308-8197-704cb617e0db','5a80e2ef-0848-476d-8aae-40cae9c27980','a3dd8486-2340-4502-99ef-44297546d589',NULL,1,'2020-05-01 00:00:00','2020-07-30 20:27:30','2020-07-30 20:27:30'),('c514b536-d283-4915-a8a0-2aa00e916df8','c29ba9f918fd47ed87ce1ecdf6ab3f84','c29ba9f918fd47ed87ce1ecdf6ab3f84',1.00,NULL,NULL,60,10,0,'695a74e2-9f2b-49e8-9bf9-c2cbd5e4c138','0ef6ba7f-2926-4bda-9da7-e2ee5c251463','20820a4b-3923-446f-922e-3e2019f54027','70464d3c-215c-41f2-b162-47d00d841f65',NULL,1,'2020-05-01 00:00:00','2020-07-30 20:27:31','2020-07-30 20:27:31'),('c5d254cf-625f-4c00-9a88-62d38a8e9dd8','New-Interstitial-003','ca-app-pub-3144836196842303/7665497481',20.00,NULL,NULL,60,10,0,'aefd5d30-6c97-4055-bf14-03ec8cc578aa','0ef6ba7f-2926-4bda-9da7-e2ee5c251463','d06a9bb0-e206-476c-97c9-36ab80927486','491e4b7a-ed8c-4a5e-8a63-95c0a3f475b5',NULL,1,'2020-05-01 00:00:00','2020-07-30 20:27:30','2020-07-30 20:27:30'),('c61cd36f-5c60-4874-bd02-74bbaae3385b','1670638249908112_1670943413210929','1670638249908112_1670943413210929',13.00,NULL,NULL,60,10,0,'0acf1c4e-7bc7-4482-9472-6060e5b6084e','0ef6ba7f-2926-4bda-9da7-e2ee5c251463','e9fcc77f-3e01-4b7f-bf4a-2bf848290acb','c7dc3ffc-132d-4404-9579-555111d4bd03',NULL,1,'2020-05-01 00:00:00','2020-07-30 20:27:30','2020-07-30 20:27:30'),('c62cb5d5-eb0d-44c4-942c-83a0723ae363','B7_Interstitial_002','3670253$B7_Interstitial_002',2.00,'unity','unity',60,10,0,'7a1ea1b8-5432-429f-95e0-5cdf8f019214','0ef6ba7f-2926-4bda-9da7-e2ee5c251463','2f7d4154-6208-45ab-b243-4e08a7999ca2','60b7868d-734a-4a17-93b5-3183e839e720',NULL,1,'2020-05-01 00:00:00','2020-07-30 20:31:39','2020-07-30 20:31:39'),('c8ed9557-ef18-45e1-bcc0-8f0a87e63c5b','B7-HB-Native Interstitial-001','1953267231660120_2707583999561769',0.00,'0','5',60,10,1,'e4d3cb94-651e-4e68-b97d-45859b82309b','0ef6ba7f-2926-4bda-9da7-e2ee5c251463','2f7d4154-6208-45ab-b243-4e08a7999ca2','60b7868d-734a-4a17-93b5-3183e839e720',NULL,1,'2020-05-01 00:00:00','2020-07-30 20:31:39','2020-07-30 20:31:39'),('caf79285-6e5f-4609-aaa1-a55eb02e8549','New-Interstitial-002','ca-app-pub-9240980261558928/8364889926',3.60,'1156','1158',60,10,0,'aefd5d30-6c97-4055-bf14-03ec8cc578aa','0ef6ba7f-2926-4bda-9da7-e2ee5c251463','78a00f52-d037-4983-b052-bbbe7cf42ed3','1ae04a84-41d3-437a-96b9-0c21b903408b',NULL,1,'2020-05-01 00:00:00','2020-07-30 20:32:19','2020-07-30 20:32:19'),('cb6163e9-f2db-40e5-b953-67bdc3f2f58c','279429432506510_313521359097317','279429432506510_313521359097317',6.00,NULL,NULL,30,10,0,'0acf1c4e-7bc7-4482-9472-6060e5b6084e','c3991da4-a688-456e-8fa7-e9e984f7719a','8f67b8b4-49dd-45fe-b093-95cc6f89f18c','787c40ab-018c-42d5-9b17-33a06177b2d1',NULL,1,'2020-05-01 00:00:00','2020-07-30 20:27:30','2020-07-30 20:27:30'),('cbb993ba-d65d-46a7-87c6-1f16be2202ba','290390348086882_291178411341409','290390348086882_291178411341409',13.00,NULL,NULL,60,10,0,'0acf1c4e-7bc7-4482-9472-6060e5b6084e','0ef6ba7f-2926-4bda-9da7-e2ee5c251463','e33cf3cf-1bae-4913-b9b2-9cc59e896592','39851304-52f0-4d31-b931-f8afb6c24b3b',NULL,1,'2020-05-01 00:00:00','2020-07-30 20:27:30','2020-07-30 20:27:30'),('cc682161-93ab-45ff-98db-b4cb340d1eb5','Interstitial_003','3506196$Interstitial_003',5.00,'unity','unity',60,10,0,'7a1ea1b8-5432-429f-95e0-5cdf8f019214','0ef6ba7f-2926-4bda-9da7-e2ee5c251463','78a00f52-d037-4983-b052-bbbe7cf42ed3','1ae04a84-41d3-437a-96b9-0c21b903408b',NULL,1,'2020-05-01 00:00:00','2020-07-30 20:32:19','2020-07-30 20:32:19'),('cf0582b1-7b1f-4a81-a13d-57f248c95db5','New-RewardVideo-002','ca-app-pub-3144836196842303/7122572002',30.00,NULL,NULL,60,10,0,'aefd5d30-6c97-4055-bf14-03ec8cc578aa','c3991da4-a688-456e-8fa7-e9e984f7719a','be87a385-9cb7-467d-bf15-831d861e1ed0','a3941cbd-8150-42b8-9649-cf54b266ef3b',NULL,1,'2020-05-01 00:00:00','2020-07-30 20:27:29','2020-07-30 20:27:29'),('cf2820ed-59a7-4645-a12f-bbdb89b94182','New-Interstitial-001','ca-app-pub-3144836196842303/7553816845',40.00,NULL,NULL,60,10,0,'aefd5d30-6c97-4055-bf14-03ec8cc578aa','0ef6ba7f-2926-4bda-9da7-e2ee5c251463','20820a4b-3923-446f-922e-3e2019f54027','70464d3c-215c-41f2-b162-47d00d841f65',NULL,1,'2020-05-01 00:00:00','2020-07-30 20:27:31','2020-07-30 20:27:31'),('cfaca52f-e843-4363-865f-808253b0c86d','B7_RewardVideo_003','3670253$B7_RewardVideo_003',0.25,'unity','unity',60,10,0,'7a1ea1b8-5432-429f-95e0-5cdf8f019214','c3991da4-a688-456e-8fa7-e9e984f7719a','e0e6ea04-d46e-4397-a5e2-594f3143745a','60b7868d-734a-4a17-93b5-3183e839e720',NULL,1,'2020-05-01 00:00:00','2020-07-30 20:31:39','2020-07-30 20:31:39'),('d0230c6c-067e-48ec-b3b0-dd06372d4f67','New-RewardVideo-003','ca-app-pub-3144836196842303/9141590058',20.00,NULL,NULL,60,10,0,'aefd5d30-6c97-4055-bf14-03ec8cc578aa','c3991da4-a688-456e-8fa7-e9e984f7719a','be87a385-9cb7-467d-bf15-831d861e1ed0','a3941cbd-8150-42b8-9649-cf54b266ef3b',NULL,1,'2020-05-01 00:00:00','2020-07-30 20:27:29','2020-07-30 20:27:29'),('d0d57995-84dd-490d-8c3d-fe53def13836','New-Interstitial-003','ca-app-pub-9240980261558928/3233172116',1.20,'1157','1159',60,10,0,'aefd5d30-6c97-4055-bf14-03ec8cc578aa','0ef6ba7f-2926-4bda-9da7-e2ee5c251463','78a00f52-d037-4983-b052-bbbe7cf42ed3','1ae04a84-41d3-437a-96b9-0c21b903408b',NULL,1,'2020-05-01 00:00:00','2020-07-30 20:32:19','2020-07-30 20:32:19'),('d0fb5aa7-2de5-463f-9b0f-ab2327c521fb','B7-Native Banner-001','1953267231660120_2707584196228416',7.00,'0','1',60,10,0,'e4d3cb94-651e-4e68-b97d-45859b82309b','952750ee-3c29-4308-8197-704cb617e0db','de915ab0-62f0-4e3b-a7e3-1fd66b78f2da','60b7868d-734a-4a17-93b5-3183e839e720',NULL,1,'2020-05-01 00:00:00','2020-07-30 20:31:39','2020-07-30 20:31:39'),('d13662d0-a242-4538-b459-8b5b9db07f77','Interstitial_004','3506196$Interstitial_004',5.00,'unity','unity',60,10,0,'7a1ea1b8-5432-429f-95e0-5cdf8f019214','0ef6ba7f-2926-4bda-9da7-e2ee5c251463','0cdd753c-a8b4-4c9b-a09e-78f17bef47f7','1ae04a84-41d3-437a-96b9-0c21b903408b',NULL,1,'2020-05-01 00:00:00','2020-07-30 20:32:19','2020-07-30 20:32:19'),('d215754d-94f9-43bc-8949-cfe05392cf44','X2-Native-brand-002-new','377744832638820_406440226435947',14.00,'1882','1884',30,10,0,'e4d3cb94-651e-4e68-b97d-45859b82309b','0ef6ba7f-2926-4bda-9da7-e2ee5c251463','3cc73be6-5c84-4f06-b00f-8dbc50170810','8a093ce0-5c0f-48b1-aa44-1b65ed889498',NULL,1,'2020-05-01 00:00:00','2020-07-30 20:31:39','2020-07-30 20:31:39'),('d293ecd1-b170-4ae7-962c-a78579ded43f','New-Interstitial-001','ca-app-pub-3144836196842303/3554221452',40.00,NULL,NULL,60,10,0,'aefd5d30-6c97-4055-bf14-03ec8cc578aa','0ef6ba7f-2926-4bda-9da7-e2ee5c251463','18f75ab8-7b7d-43c3-bf79-8fa56873ff0c','787c40ab-018c-42d5-9b17-33a06177b2d1',NULL,1,'2020-05-01 00:00:00','2020-07-30 20:27:30','2020-07-30 20:27:30'),('d2aefeb3-953a-4317-a50b-a08baf6340ea','1152824834828651_1366053116839154','1152824834828651_1366053116839154',6.00,NULL,NULL,60,10,0,'0acf1c4e-7bc7-4482-9472-6060e5b6084e','952750ee-3c29-4308-8197-704cb617e0db','5f8543ee-fc23-471c-ad23-a235e5e5426d','c012ae06-11ee-48db-b3f7-b90e36533b62',NULL,1,'2020-05-01 00:00:00','2020-07-30 20:27:29','2020-07-30 20:27:29'),('d2e42f1c-54ee-4657-ab30-5c5592c44fa9','X2-Interstitial-New','377744832638820_406440459769257',10.00,'986','986',60,10,0,'0acf1c4e-7bc7-4482-9472-6060e5b6084e','0ef6ba7f-2926-4bda-9da7-e2ee5c251463','395b0d59-16ae-443f-a300-fd4dad257775','8a093ce0-5c0f-48b1-aa44-1b65ed889498',NULL,1,'2020-05-01 00:00:00','2020-07-30 20:31:38','2020-07-30 20:31:38'),('d3c723bb-fbf2-4b27-b889-290dfbb22b6b','Interstitial_003','3506196$Interstitial_003',5.00,'unity','unity',60,10,0,'7a1ea1b8-5432-429f-95e0-5cdf8f019214','0ef6ba7f-2926-4bda-9da7-e2ee5c251463','523d2095-6928-48bd-9769-b757b3ca874d','1ae04a84-41d3-437a-96b9-0c21b903408b',NULL,1,'2020-05-01 00:00:00','2020-07-30 20:32:20','2020-07-30 20:32:20'),('d4610061-61f2-4363-8953-39fbeff4d641','B7-HB-Interstitial-001','1953267231660120_2707583689561800',0.00,'0','4',60,10,1,'0acf1c4e-7bc7-4482-9472-6060e5b6084e','0ef6ba7f-2926-4bda-9da7-e2ee5c251463','2f7d4154-6208-45ab-b243-4e08a7999ca2','60b7868d-734a-4a17-93b5-3183e839e720',NULL,1,'2020-05-01 00:00:00','2020-07-30 20:31:39','2020-07-30 20:31:39'),('d48e4e1b-e8ce-4c64-b2f3-b03b45a0a28b','New-Banner-001','ca-app-pub-3144836196842303/3565829749',10.00,NULL,NULL,60,10,0,'aefd5d30-6c97-4055-bf14-03ec8cc578aa','952750ee-3c29-4308-8197-704cb617e0db','a01eff52-4362-487f-a7a0-3d4e3d81b7c5','a3941cbd-8150-42b8-9649-cf54b266ef3b',NULL,1,'2020-05-01 00:00:00','2020-07-30 20:27:29','2020-07-30 20:27:29'),('d4e61e29-5e77-4458-ae49-315fb227a8bf','1152824834828651_1158993640878437','1152824834828651_1158993640878437',13.00,NULL,NULL,60,10,0,'0acf1c4e-7bc7-4482-9472-6060e5b6084e','0ef6ba7f-2926-4bda-9da7-e2ee5c251463','38bc2764-359b-4cb8-9c9c-9ad1c5c2e56b','c012ae06-11ee-48db-b3f7-b90e36533b62',NULL,1,'2020-05-01 00:00:00','2020-07-30 20:27:29','2020-07-30 20:27:29'),('d6952332-6ba7-4e57-a008-be1fd8051258','80cdd69bfa374caaaa2d5a7cbd0bd210','80cdd69bfa374caaaa2d5a7cbd0bd210',9.00,'1885','1887',60,10,0,'695a74e2-9f2b-49e8-9bf9-c2cbd5e4c138','0ef6ba7f-2926-4bda-9da7-e2ee5c251463','3cc73be6-5c84-4f06-b00f-8dbc50170810','8a093ce0-5c0f-48b1-aa44-1b65ed889498',NULL,1,'2020-05-01 00:00:00','2020-07-30 20:31:39','2020-07-30 20:31:39'),('d7cd9701-26ab-4e29-b9a9-0aa2234ede1f','437644346591922_438349719854718','437644346591922_438349719854718',13.00,NULL,NULL,60,10,0,'0acf1c4e-7bc7-4482-9472-6060e5b6084e','0ef6ba7f-2926-4bda-9da7-e2ee5c251463','961855a4-1c1e-47f7-8dbc-10d95ae48b59','a3dd8486-2340-4502-99ef-44297546d589',NULL,1,'2020-05-01 00:00:00','2020-07-30 20:27:30','2020-07-30 20:27:30'),('d81e1d21-8d9c-46da-b9b8-d8c8a9aae3cf','1365276336827290_1487746274580295','1365276336827290_1487746274580295',5.00,NULL,NULL,30,10,0,'0acf1c4e-7bc7-4482-9472-6060e5b6084e','c3991da4-a688-456e-8fa7-e9e984f7719a','95abbf85-0cdf-4c79-bc60-392cf7c4fcb3','3b2ac62a-6a87-4a52-bc26-f7133eedabe1',NULL,1,'2020-05-01 00:00:00','2020-07-30 20:27:28','2020-07-30 20:27:28'),('d88f26f6-1a7b-4d0d-bd36-7f1ca49220c6','New-Banner-001','ca-app-pub-3144836196842303/5161503514',10.00,NULL,NULL,60,10,0,'aefd5d30-6c97-4055-bf14-03ec8cc578aa','952750ee-3c29-4308-8197-704cb617e0db','a45be481-2c27-439d-85a0-5b7aa259e265','409c9fbc-f883-4ba7-adda-7da6f238d42d',NULL,1,'2020-05-01 00:00:00','2020-07-30 20:27:28','2020-07-30 20:27:28'),('d91bfe23-e740-433b-98de-57856a4d770d','05b760b50d3e45d1b58b1659cbfaae5c','05b760b50d3e45d1b58b1659cbfaae5c',1.00,NULL,NULL,60,10,0,'695a74e2-9f2b-49e8-9bf9-c2cbd5e4c138','0ef6ba7f-2926-4bda-9da7-e2ee5c251463','aebc8225-f365-40c9-8120-7c7934cc4908','8819d891-d0e1-4fed-a765-8496fd1af2fd',NULL,1,'2020-05-01 00:00:00','2020-07-30 20:27:28','2020-07-30 20:27:28'),('d9262e4d-017f-4914-b9c8-4adbe9674e3b','290624348052725_290939228021237','290624348052725_290939228021237',15.00,NULL,NULL,30,10,0,'e4d3cb94-651e-4e68-b97d-45859b82309b','0ef6ba7f-2926-4bda-9da7-e2ee5c251463','84684225-262a-4063-b049-6aba1f781937','d124a477-3b0d-4190-86db-55089e5833bc',NULL,1,'2020-05-01 00:00:00','2020-07-30 20:27:30','2020-07-30 20:27:30'),('d9d49cb6-fe97-4f71-8c97-46c43448e75e','New-Interstitial-002','ca-app-pub-3144836196842303/9792326745',30.00,NULL,NULL,60,10,0,'aefd5d30-6c97-4055-bf14-03ec8cc578aa','0ef6ba7f-2926-4bda-9da7-e2ee5c251463','d06a9bb0-e206-476c-97c9-36ab80927486','491e4b7a-ed8c-4a5e-8a63-95c0a3f475b5',NULL,1,'2020-05-01 00:00:00','2020-07-30 20:27:30','2020-07-30 20:27:30'),('da84023a-e899-4c4d-a183-bcb8741a163c','New-Interstitial-001','ca-app-pub-3144836196842303/5252546002',40.00,NULL,NULL,60,10,0,'aefd5d30-6c97-4055-bf14-03ec8cc578aa','0ef6ba7f-2926-4bda-9da7-e2ee5c251463','a76e15a7-f225-4338-9297-872cf4cd3c00','a8da3b45-2e15-44cc-874f-886d896068e2',NULL,1,'2020-05-01 00:00:00','2020-07-30 20:27:29','2020-07-30 20:27:29'),('db6f8fb9-6e3d-4eca-8fff-85444fc09b5c','B7_Interstitial_001','3670253$B7_Interstitial_001',3.05,'unity','unity',60,10,0,'7a1ea1b8-5432-429f-95e0-5cdf8f019214','0ef6ba7f-2926-4bda-9da7-e2ee5c251463','2f7d4154-6208-45ab-b243-4e08a7999ca2','60b7868d-734a-4a17-93b5-3183e839e720',NULL,1,'2020-05-01 00:00:00','2020-07-30 20:31:39','2020-07-30 20:31:39'),('dba2298f-42f2-4a08-bd6b-2ba817ef2d5d','New-Interstitial-002','ca-app-pub-3144836196842303/7168719753',30.00,NULL,NULL,60,10,0,'aefd5d30-6c97-4055-bf14-03ec8cc578aa','0ef6ba7f-2926-4bda-9da7-e2ee5c251463','821f3463-9117-4d2a-b0ed-dda7ed05340f','3b2ac62a-6a87-4a52-bc26-f7133eedabe1',NULL,1,'2020-05-01 00:00:00','2020-07-30 20:27:28','2020-07-30 20:27:28'),('dbde81e8-6cc9-43ae-a323-13e73b7ac9ec','Banner-002','377744832638820_377814582631845',7.00,'1881','1883',60,10,0,'0acf1c4e-7bc7-4482-9472-6060e5b6084e','952750ee-3c29-4308-8197-704cb617e0db','a37ef371-93a4-4259-b27a-075c66f1d6d1','8a093ce0-5c0f-48b1-aa44-1b65ed889498',NULL,1,'2020-05-01 00:00:00','2020-07-30 20:31:39','2020-07-30 20:31:39'),('dc2b36ce-cb88-425d-91ba-d2d97fde7b4f','707790866069843_1327662324082691','707790866069843_1327662324082691',15.00,NULL,NULL,60,10,0,'0acf1c4e-7bc7-4482-9472-6060e5b6084e','0ef6ba7f-2926-4bda-9da7-e2ee5c251463','f6da64f5-d077-476f-af8c-3c4a9d51c5bb','f4572d9c-0f24-445a-ae9a-010e23c45471',NULL,1,'2020-05-01 00:00:00','2020-07-30 20:27:31','2020-07-30 20:27:31'),('dd580231-a66a-47ea-94a2-f93d36a2a958','New-Banner-001','ca-app-pub-3144836196842303/1535203403',10.00,NULL,NULL,60,10,0,'aefd5d30-6c97-4055-bf14-03ec8cc578aa','952750ee-3c29-4308-8197-704cb617e0db','db83dfee-8808-4ca6-889d-f50001a823fd','f4572d9c-0f24-445a-ae9a-010e23c45471',NULL,1,'2020-05-01 00:00:00','2020-07-30 20:27:31','2020-07-30 20:27:31'),('dddb1d8c-2295-4671-836c-5928bdcdac13','680d6439808d436ba4002085cc8ff0fb','680d6439808d436ba4002085cc8ff0fb',1.00,NULL,NULL,60,10,0,'695a74e2-9f2b-49e8-9bf9-c2cbd5e4c138','0ef6ba7f-2926-4bda-9da7-e2ee5c251463','095eceeb-e0f6-4bdd-9318-f5b5983079bf','a3941cbd-8150-42b8-9649-cf54b266ef3b',NULL,1,'2020-05-01 00:00:00','2020-07-30 20:27:29','2020-07-30 20:27:29'),('de1887c6-6af5-40f6-be7b-bb1d24ddf727','banner-001','ca-app-pub-3144836196842303/2139012091',10.00,NULL,NULL,60,10,0,'aefd5d30-6c97-4055-bf14-03ec8cc578aa','952750ee-3c29-4308-8197-704cb617e0db','dcac2f56-637d-4d5e-a176-ef78dac2eca5','c34970c9-459b-4cfe-8c66-8021bbdb4779',NULL,1,'2020-05-01 00:00:00','2020-07-30 20:27:29','2020-07-30 20:27:29'),('df3b931b-6d1f-41ec-959c-f5fe51b818d9','New-Interstitial-003','ca-app-pub-3144836196842303/2987885873',20.00,NULL,NULL,60,10,0,'aefd5d30-6c97-4055-bf14-03ec8cc578aa','0ef6ba7f-2926-4bda-9da7-e2ee5c251463','821f3463-9117-4d2a-b0ed-dda7ed05340f','3b2ac62a-6a87-4a52-bc26-f7133eedabe1',NULL,1,'2020-05-01 00:00:00','2020-07-30 20:27:28','2020-07-30 20:27:28'),('df845457-a400-4d30-a4e5-6f8ddf2b246a','127273884495665_128005804422473','127273884495665_128005804422473',13.00,NULL,NULL,60,10,0,'0acf1c4e-7bc7-4482-9472-6060e5b6084e','0ef6ba7f-2926-4bda-9da7-e2ee5c251463','1e8389ef-0928-4d6c-ad96-aecdb1228fea','637c034e-89c2-40d2-a9f8-536f6e300e8a',NULL,1,'2020-05-01 00:00:00','2020-07-30 20:27:31','2020-07-30 20:27:31'),('e0612f36-235c-4288-abf4-f68b27970794','525301407640402_1113137652190105','525301407640402_1113137652190105',3.00,NULL,NULL,60,10,0,'0acf1c4e-7bc7-4482-9472-6060e5b6084e','0ef6ba7f-2926-4bda-9da7-e2ee5c251463','ce2ce4bd-ae70-4a9e-bf50-fdda2ab15b39','c34970c9-459b-4cfe-8c66-8021bbdb4779',NULL,1,'2020-05-01 00:00:00','2020-07-30 20:27:29','2020-07-30 20:27:29'),('e0cc20a3-bf90-480f-9743-d7bc32135816','1625240024185070_1627847523924320','1625240024185070_1627847523924320',15.00,NULL,NULL,30,10,0,'e4d3cb94-651e-4e68-b97d-45859b82309b','0ef6ba7f-2926-4bda-9da7-e2ee5c251463','16dfb447-f686-4759-8a62-718d9494b43a','0d5984cc-5fb0-43f4-aa28-7d8e57d6866c',NULL,1,'2020-05-01 00:00:00','2020-07-30 20:27:31','2020-07-30 20:27:31'),('e1455821-126e-40c7-8e10-15b5238e26a3','B10_RewardVideo_003','3658089$B10_RewardVideo_003',6.10,'unity','unity',60,10,0,'7a1ea1b8-5432-429f-95e0-5cdf8f019214','c3991da4-a688-456e-8fa7-e9e984f7719a','eee98217-ab44-472a-b46a-b2a2013ff3f7','8a093ce0-5c0f-48b1-aa44-1b65ed889498',NULL,1,'2020-05-01 00:00:00','2020-07-30 20:31:39','2020-07-30 20:31:39'),('e2019632-db7a-4063-81fe-6b83bac9559d','251888718550502_252337701838937','251888718550502_252337701838937',13.00,NULL,NULL,60,10,0,'0acf1c4e-7bc7-4482-9472-6060e5b6084e','0ef6ba7f-2926-4bda-9da7-e2ee5c251463','1e58ae8f-2baa-405b-8786-3a5b6e286593','3ec48dec-0f54-4931-97e3-e49cf7e2c5b5',NULL,1,'2020-05-01 00:00:00','2020-07-30 20:27:31','2020-07-30 20:27:31'),('e3333d36-23f9-4caf-a4db-f3399a1721a3','New-Interstitial-001-new','ca-app-pub-3144836196842303/7032531533',40.00,NULL,NULL,60,10,0,'aefd5d30-6c97-4055-bf14-03ec8cc578aa','0ef6ba7f-2926-4bda-9da7-e2ee5c251463','38bc2764-359b-4cb8-9c9c-9ad1c5c2e56b','c012ae06-11ee-48db-b3f7-b90e36533b62',NULL,1,'2020-05-01 00:00:00','2020-07-30 20:27:29','2020-07-30 20:27:29'),('e3aac67a-1845-4a1e-ac3f-37166747ef02','4dba5b21d3bc4fd78006fa5cdd383015','4dba5b21d3bc4fd78006fa5cdd383015',1.00,NULL,NULL,60,10,0,'695a74e2-9f2b-49e8-9bf9-c2cbd5e4c138','0ef6ba7f-2926-4bda-9da7-e2ee5c251463','821f3463-9117-4d2a-b0ed-dda7ed05340f','3b2ac62a-6a87-4a52-bc26-f7133eedabe1',NULL,1,'2020-05-01 00:00:00','2020-07-30 20:27:28','2020-07-30 20:27:28'),('e462dc02-f2b4-4de0-9240-06b01480a358','B1-Banner-002','169256066936095_729052704289759',5.00,'5','3',60,10,0,'0acf1c4e-7bc7-4482-9472-6060e5b6084e','952750ee-3c29-4308-8197-704cb617e0db','6b196731-2c35-4c15-9db2-0ced1b6e8009','1ae04a84-41d3-437a-96b9-0c21b903408b',NULL,1,'2020-05-01 00:00:00','2020-07-30 20:32:20','2020-07-30 20:32:20'),('e4889f34-b783-4468-a5b7-0ef3ef91391c','B10-Native Banner-002','377744832638820_938318079914823',2.00,'0','3',60,10,0,'e4d3cb94-651e-4e68-b97d-45859b82309b','952750ee-3c29-4308-8197-704cb617e0db','6aecfc90-10ba-4d95-9a75-61b45fe2d86b','8a093ce0-5c0f-48b1-aa44-1b65ed889498',NULL,1,'2020-05-01 00:00:00','2020-07-30 20:31:39','2020-07-30 20:31:39'),('e4a2a68a-9e5a-41a8-a800-19943cdbfd2a','Native Banner-001','377744832638820_377814889298481',8.00,'217','217',30,10,0,'0acf1c4e-7bc7-4482-9472-6060e5b6084e','8155d8d8-3a18-45b4-82e7-358061fdab51','0db38469-6376-46e7-9321-61701c5040e3','8a093ce0-5c0f-48b1-aa44-1b65ed889498',NULL,1,'2020-05-01 00:00:00','2020-07-30 20:31:38','2020-07-30 20:31:38'),('e4d290a1-6a7d-4a0d-8cac-1f6df6f71a2a','173213536540391_174150496446695','173213536540391_174150496446695',4.00,NULL,NULL,60,10,0,'0acf1c4e-7bc7-4482-9472-6060e5b6084e','952750ee-3c29-4308-8197-704cb617e0db','1c2da959-0861-4dc2-b6bc-3441f1002043','0d325427-bb0a-46ce-ae9d-17a08430df2b',NULL,1,'2020-05-01 00:00:00','2020-07-30 20:27:32','2020-07-30 20:27:32'),('e51ec035-f609-4b3c-a37b-134b7a763bd5','Interstitial_005','3506196$Interstitial_005',0.10,'unity','unity',60,10,0,'7a1ea1b8-5432-429f-95e0-5cdf8f019214','0ef6ba7f-2926-4bda-9da7-e2ee5c251463','0cdd753c-a8b4-4c9b-a09e-78f17bef47f7','1ae04a84-41d3-437a-96b9-0c21b903408b',NULL,1,'2020-05-01 00:00:00','2020-07-30 20:32:19','2020-07-30 20:32:19'),('e54f7dcb-24bc-450a-bffd-aa66c095f3fe','New-Interstitial-001','ca-app-pub-3144836196842303/1106445102',40.00,NULL,NULL,60,10,0,'aefd5d30-6c97-4055-bf14-03ec8cc578aa','0ef6ba7f-2926-4bda-9da7-e2ee5c251463','8d4479bf-df75-495d-a375-e50452965398','3b065e40-f4a1-411b-af9d-a80a2f6dece9',NULL,1,'2020-05-01 00:00:00','2020-07-30 20:27:31','2020-07-30 20:27:31'),('e59dda8b-4198-46e5-8c0b-2dd896c16cb1','384499418589938_384822901890923','384499418589938_384822901890923',11.00,NULL,NULL,60,10,0,'0acf1c4e-7bc7-4482-9472-6060e5b6084e','0ef6ba7f-2926-4bda-9da7-e2ee5c251463','aebc8225-f365-40c9-8120-7c7934cc4908','8819d891-d0e1-4fed-a765-8496fd1af2fd',NULL,1,'2020-05-01 00:00:00','2020-07-30 20:27:28','2020-07-30 20:27:28'),('e625d099-f942-4a58-a50f-2d00016ab8a6','f7447e8dbd6442e9bc0421ff4a7a85d7','f7447e8dbd6442e9bc0421ff4a7a85d7',1.00,NULL,NULL,60,10,0,'695a74e2-9f2b-49e8-9bf9-c2cbd5e4c138','0ef6ba7f-2926-4bda-9da7-e2ee5c251463','ce2ce4bd-ae70-4a9e-bf50-fdda2ab15b39','c34970c9-459b-4cfe-8c66-8021bbdb4779',NULL,1,'2020-05-01 00:00:00','2020-07-30 20:27:29','2020-07-30 20:27:29'),('e7c86b1d-49bd-47f2-bf1a-a9da63e0914f','4bb9f57d0b0e48d79e7a1fe208ff3781','4bb9f57d0b0e48d79e7a1fe208ff3781',1.00,NULL,NULL,60,10,0,'695a74e2-9f2b-49e8-9bf9-c2cbd5e4c138','0ef6ba7f-2926-4bda-9da7-e2ee5c251463','e33cf3cf-1bae-4913-b9b2-9cc59e896592','39851304-52f0-4d31-b931-f8afb6c24b3b',NULL,1,'2020-05-01 00:00:00','2020-07-30 20:27:30','2020-07-30 20:27:30'),('e80fc7ee-ff6c-474c-bc59-48678e3e7251','X2-Native-brand-002-new','377744832638820_406440226435947',14.00,'984','984',30,10,0,'e4d3cb94-651e-4e68-b97d-45859b82309b','0ef6ba7f-2926-4bda-9da7-e2ee5c251463','395b0d59-16ae-443f-a300-fd4dad257775','8a093ce0-5c0f-48b1-aa44-1b65ed889498',NULL,1,'2020-05-01 00:00:00','2020-07-30 20:31:38','2020-07-30 20:31:38'),('ea03dc7d-49fd-4063-abc5-2493706ef01d','e3847fcbd40f401bb27a85be836d1de6','e3847fcbd40f401bb27a85be836d1de6',1.00,NULL,NULL,60,10,0,'695a74e2-9f2b-49e8-9bf9-c2cbd5e4c138','0ef6ba7f-2926-4bda-9da7-e2ee5c251463','a76e15a7-f225-4338-9297-872cf4cd3c00','a8da3b45-2e15-44cc-874f-886d896068e2',NULL,1,'2020-05-01 00:00:00','2020-07-30 20:27:29','2020-07-30 20:27:29'),('ea6df8e8-6eb1-4477-8822-e4c983f2d8ad','HB-Interstitial-ABtesting','169256066936095_300756747119359',0.00,'1132','1134',60,10,1,'f4e704f8-aca8-4795-b071-15703fe56ce9','0ef6ba7f-2926-4bda-9da7-e2ee5c251463','523d2095-6928-48bd-9769-b757b3ca874d','1ae04a84-41d3-437a-96b9-0c21b903408b',NULL,1,'2020-05-01 00:00:00','2020-07-30 20:32:20','2020-07-30 20:32:20'),('eb20cba3-710d-4888-bf10-bf32eda8169c','228706994204213_232926510448928','228706994204213_232926510448928',2.00,NULL,NULL,60,10,0,'0acf1c4e-7bc7-4482-9472-6060e5b6084e','952750ee-3c29-4308-8197-704cb617e0db','4a34c209-1584-4981-a3c5-3b8c22a79b6b','e8110e18-1d83-40dd-9f97-46ae8efed098',NULL,1,'2020-05-01 00:00:00','2020-07-30 20:27:28','2020-07-30 20:27:28'),('ec23a515-74e5-4991-b978-5b752506f00e','New-Interstitial-002','ca-app-pub-3144836196842303/4956747121',30.00,NULL,NULL,60,10,0,'aefd5d30-6c97-4055-bf14-03ec8cc578aa','0ef6ba7f-2926-4bda-9da7-e2ee5c251463','ce2ce4bd-ae70-4a9e-bf50-fdda2ab15b39','c34970c9-459b-4cfe-8c66-8021bbdb4779',NULL,1,'2020-05-01 00:00:00','2020-07-30 20:27:29','2020-07-30 20:27:29'),('ec504926-9b07-4d18-b65d-d47c61ce47ee','129969547553430_521455915071456','129969547553430_521455915071456',15.00,NULL,NULL,60,10,0,'0acf1c4e-7bc7-4482-9472-6060e5b6084e','0ef6ba7f-2926-4bda-9da7-e2ee5c251463','0009c4db-8334-4672-8112-296a52f41da2','85d4878d-dc23-4c5f-a5d1-9d3f682c02f7',NULL,1,'2020-05-01 00:00:00','2020-07-30 20:27:30','2020-07-30 20:27:30'),('ed45242e-d1ec-43a9-bf13-c062e127541c','B1-Banner-003','169256066936095_729053247623038',3.00,'3','5',60,10,0,'0acf1c4e-7bc7-4482-9472-6060e5b6084e','952750ee-3c29-4308-8197-704cb617e0db','d14137e1-1c8e-4d9b-931e-1e4116c10d38','1ae04a84-41d3-437a-96b9-0c21b903408b',NULL,1,'2020-05-01 00:00:00','2020-07-30 20:32:20','2020-07-30 20:32:20'),('f0c267fa-1f64-45f2-885f-ce6206999203','1152824834828651_2412232595554529','1152824834828651_2412232595554529',15.00,NULL,NULL,60,10,0,'0acf1c4e-7bc7-4482-9472-6060e5b6084e','0ef6ba7f-2926-4bda-9da7-e2ee5c251463','38bc2764-359b-4cb8-9c9c-9ad1c5c2e56b','c012ae06-11ee-48db-b3f7-b90e36533b62',NULL,1,'2020-05-01 00:00:00','2020-07-30 20:27:29','2020-07-30 20:27:29'),('f17bd7f3-0eec-4d33-92a8-2ce0a65952f2','New-Interstitial-003','ca-app-pub-3144836196842303/3843261418',20.00,NULL,NULL,60,10,0,'aefd5d30-6c97-4055-bf14-03ec8cc578aa','0ef6ba7f-2926-4bda-9da7-e2ee5c251463','a76e15a7-f225-4338-9297-872cf4cd3c00','a8da3b45-2e15-44cc-874f-886d896068e2',NULL,1,'2020-05-01 00:00:00','2020-07-30 20:27:29','2020-07-30 20:27:29'),('f1a45aca-92a4-4d82-845b-9f8b47fe156e','B10_RewardVideo_004','3658089$B10_RewardVideo_004',0.66,'unity','unity',60,10,0,'7a1ea1b8-5432-429f-95e0-5cdf8f019214','c3991da4-a688-456e-8fa7-e9e984f7719a','eee98217-ab44-472a-b46a-b2a2013ff3f7','8a093ce0-5c0f-48b1-aa44-1b65ed889498',NULL,1,'2020-05-01 00:00:00','2020-07-30 20:31:39','2020-07-30 20:31:39'),('f30a93b5-76cb-4f15-969d-84c2e87c0573','269817426796261_270096523435018','269817426796261_270096523435018',11.00,NULL,NULL,60,10,0,'0acf1c4e-7bc7-4482-9472-6060e5b6084e','0ef6ba7f-2926-4bda-9da7-e2ee5c251463','f004f7f0-acf7-4d6b-a1f6-5a4a71580b6f','f03ae1c1-e6c8-47f3-8923-cb276e53d36f',NULL,1,'2020-05-01 00:00:00','2020-07-30 20:27:29','2020-07-30 20:27:29'),('f477a501-41f5-4fb1-953a-b8f48446c21a','228706994204213_232926600448919','228706994204213_232926600448919',13.00,NULL,NULL,60,10,0,'0acf1c4e-7bc7-4482-9472-6060e5b6084e','0ef6ba7f-2926-4bda-9da7-e2ee5c251463','e52578a2-91b2-4c90-bdb5-1b86ebf58851','e8110e18-1d83-40dd-9f97-46ae8efed098',NULL,1,'2020-05-01 00:00:00','2020-07-30 20:27:29','2020-07-30 20:27:29'),('f4934fd6-cbfa-4a59-abf3-2295555b5218','1343558665737832_1345160475577651','1343558665737832_1345160475577651',13.00,NULL,NULL,60,10,0,'0acf1c4e-7bc7-4482-9472-6060e5b6084e','0ef6ba7f-2926-4bda-9da7-e2ee5c251463','d2651457-d0ef-4748-b41b-f5adf3ec47a7','98fa0896-1cbc-485f-ac07-d7d67698b6f1',NULL,1,'2020-05-01 00:00:00','2020-07-30 20:27:30','2020-07-30 20:27:30'),('f65d3f00-27aa-4022-9cca-9c3e1b6fd054','072725a1d4ba4ddbb8819f66e8adeefa','072725a1d4ba4ddbb8819f66e8adeefa',1.00,NULL,NULL,60,10,0,'695a74e2-9f2b-49e8-9bf9-c2cbd5e4c138','0ef6ba7f-2926-4bda-9da7-e2ee5c251463','1e8389ef-0928-4d6c-ad96-aecdb1228fea','637c034e-89c2-40d2-a9f8-536f6e300e8a',NULL,1,'2020-05-01 00:00:00','2020-07-30 20:27:31','2020-07-30 20:27:31'),('f8762965-a45c-42c2-af94-744ba758033e','1365276336827290_1371116329576624','1365276336827290_1371116329576624',15.00,NULL,NULL,30,10,0,'0acf1c4e-7bc7-4482-9472-6060e5b6084e','0ef6ba7f-2926-4bda-9da7-e2ee5c251463','821f3463-9117-4d2a-b0ed-dda7ed05340f','3b2ac62a-6a87-4a52-bc26-f7133eedabe1',NULL,1,'2020-05-01 00:00:00','2020-07-30 20:27:28','2020-07-30 20:27:28'),('f927c24d-33b5-42f5-88e9-e69624703766','1533670669996632_1535469663150066','1533670669996632_1535469663150066',13.00,NULL,NULL,60,10,0,'0acf1c4e-7bc7-4482-9472-6060e5b6084e','0ef6ba7f-2926-4bda-9da7-e2ee5c251463','e391fd45-ab6c-48d5-bb00-374ef1a223cc','b9ce12db-e8b7-4d7b-83b4-4e3a2447e48d',NULL,1,'2020-05-01 00:00:00','2020-07-30 20:27:31','2020-07-30 20:27:31'),('f93adce8-7c95-4090-980a-731b336e256a','New-Interstitial-001','ca-app-pub-3144836196842303/4520459394',40.00,NULL,NULL,60,10,0,'aefd5d30-6c97-4055-bf14-03ec8cc578aa','0ef6ba7f-2926-4bda-9da7-e2ee5c251463','e33cf3cf-1bae-4913-b9b2-9cc59e896592','39851304-52f0-4d31-b931-f8afb6c24b3b',NULL,1,'2020-05-01 00:00:00','2020-07-30 20:27:30','2020-07-30 20:27:30'),('fa2b3de4-5fcd-4541-98f6-22bea1f3f104','B7-Native Banner-002','1953267231660120_2707584432895059',5.00,'0','2',60,10,0,'e4d3cb94-651e-4e68-b97d-45859b82309b','952750ee-3c29-4308-8197-704cb617e0db','de915ab0-62f0-4e3b-a7e3-1fd66b78f2da','60b7868d-734a-4a17-93b5-3183e839e720',NULL,1,'2020-05-01 00:00:00','2020-07-30 20:31:39','2020-07-30 20:31:39'),('fbd72190-d7f4-4fa6-a362-524f05885321','B1-Banner-001','ca-app-pub-9240980261558928/6394775310',6.00,'6','2',60,10,0,'aefd5d30-6c97-4055-bf14-03ec8cc578aa','952750ee-3c29-4308-8197-704cb617e0db','977649ed-a1c8-4026-aeb4-497492401ec2','1ae04a84-41d3-437a-96b9-0c21b903408b',NULL,1,'2020-05-01 00:00:00','2020-07-30 20:32:19','2020-07-30 20:32:19'),('fcdad74e-f7e1-41df-8def-8c9c62d918dd','290390348086882_291178148008102','290390348086882_291178148008102',4.00,NULL,NULL,60,10,0,'0acf1c4e-7bc7-4482-9472-6060e5b6084e','952750ee-3c29-4308-8197-704cb617e0db','f7a4a75d-da46-4246-8a86-bd8081a3c360','39851304-52f0-4d31-b931-f8afb6c24b3b',NULL,1,'2020-05-01 00:00:00','2020-07-30 20:27:30','2020-07-30 20:27:30'),('fcdb4617-0164-4072-8c87-6ee0f9e523a0','NativeMenu-002','169256066936095_169267686934933',9.00,'1140','1142',1,10,0,'0acf1c4e-7bc7-4482-9472-6060e5b6084e','474f99bf-b8cc-414c-8630-aae90db8491e','14144258-016b-4dfb-94f9-c7e0783f9388','1ae04a84-41d3-437a-96b9-0c21b903408b',NULL,1,'2020-05-01 00:00:00','2020-07-30 20:32:19','2020-07-30 20:32:19'),('fdd89caa-25a0-4572-9647-926408c151c3','269817426796261_270095536768450','269817426796261_270095536768450',2.00,NULL,NULL,60,10,0,'0acf1c4e-7bc7-4482-9472-6060e5b6084e','952750ee-3c29-4308-8197-704cb617e0db','cf997f2f-a413-45c2-8d77-6194064a53dd','f03ae1c1-e6c8-47f3-8923-cb276e53d36f',NULL,1,'2020-05-01 00:00:00','2020-07-30 20:27:29','2020-07-30 20:27:29'),('fde96dea-0b99-494d-90a0-0d57a314a64f','New-Interstitial-002','ca-app-pub-3144836196842303/2301490164',30.00,NULL,NULL,60,10,0,'aefd5d30-6c97-4055-bf14-03ec8cc578aa','0ef6ba7f-2926-4bda-9da7-e2ee5c251463','20820a4b-3923-446f-922e-3e2019f54027','70464d3c-215c-41f2-b162-47d00d841f65',NULL,1,'2020-05-01 00:00:00','2020-07-30 20:27:31','2020-07-30 20:27:31'),('fe4d2286-b094-4fcc-9a8f-aff61a3c5da3','New-Interstitial-001','ca-app-pub-3144836196842303/1913836728',40.00,NULL,NULL,60,10,0,'aefd5d30-6c97-4055-bf14-03ec8cc578aa','0ef6ba7f-2926-4bda-9da7-e2ee5c251463','d06a9bb0-e206-476c-97c9-36ab80927486','491e4b7a-ed8c-4a5e-8a63-95c0a3f475b5',NULL,1,'2020-05-01 00:00:00','2020-07-30 20:27:30','2020-07-30 20:27:30'),('ff63b7d3-37bf-4c2d-a263-b09f2dc92d1d','B10_RewardVideo_001','3658089$B10_RewardVideo_001',23.70,'unity','unity',60,10,0,'7a1ea1b8-5432-429f-95e0-5cdf8f019214','c3991da4-a688-456e-8fa7-e9e984f7719a','eee98217-ab44-472a-b46a-b2a2013ff3f7','8a093ce0-5c0f-48b1-aa44-1b65ed889498',NULL,1,'2020-05-01 00:00:00','2020-07-30 20:31:39','2020-07-30 20:31:39');
/*!40000 ALTER TABLE `ad` ENABLE KEYS */;
UNLOCK TABLES;

--
-- Table structure for table `adChannel`
--

DROP TABLE IF EXISTS `adChannel`;
/*!40101 SET @saved_cs_client     = @@character_set_client */;
/*!40101 SET character_set_client = utf8 */;
CREATE TABLE `adChannel` (
  `id` char(36) NOT NULL,
  `channel` varchar(20) NOT NULL,
  `key1` varchar(50) DEFAULT NULL,
  `key2` varchar(50) DEFAULT NULL,
  `key3` varchar(50) DEFAULT NULL,
  `test` tinyint(1) NOT NULL,
  `active` tinyint(1) NOT NULL,
  `createdAt` timestamp NOT NULL DEFAULT CURRENT_TIMESTAMP,
  `updatedAt` timestamp NOT NULL DEFAULT CURRENT_TIMESTAMP ON UPDATE CURRENT_TIMESTAMP,
  PRIMARY KEY (`id`),
  UNIQUE KEY `channel` (`channel`)
) ENGINE=InnoDB DEFAULT CHARSET=utf8mb4;
/*!40101 SET character_set_client = @saved_cs_client */;

--
-- Dumping data for table `adChannel`
--

LOCK TABLES `adChannel` WRITE;
/*!40000 ALTER TABLE `adChannel` DISABLE KEYS */;
INSERT INTO `adChannel` VALUES ('0acf1c4e-7bc7-4482-9472-6060e5b6084e','facebook',NULL,NULL,NULL,0,1,'2020-07-30 20:25:17','2020-07-30 20:25:17'),('2c39a09c-9438-42da-8f2e-cee1ce123a89','vungle',NULL,NULL,NULL,0,1,'2020-07-30 20:25:17','2020-07-30 20:25:17'),('2ea7581c-f2e8-47af-b2e9-e458382a59ac','tapjoy',NULL,NULL,NULL,0,1,'2020-07-30 20:25:18','2020-07-30 20:25:18'),('4d01f626-cf21-4491-bc9d-0ae38fa978ea','fullfbhb',NULL,NULL,NULL,0,1,'2020-07-30 20:25:21','2020-07-30 20:25:21'),('561b503e-fe05-478e-a12e-0ad5f7db9a9c','fyber',NULL,NULL,NULL,0,1,'2020-07-30 20:25:17','2020-07-30 20:25:17'),('63696309-5ceb-4709-ab8a-11355bdcc65d','admob-mediation',NULL,NULL,NULL,0,1,'2020-07-30 20:25:57','2020-07-30 20:25:57'),('695a74e2-9f2b-49e8-9bf9-c2cbd5e4c138','mopub',NULL,NULL,NULL,0,1,'2020-07-30 20:25:17','2020-07-30 20:25:17'),('7a1ea1b8-5432-429f-95e0-5cdf8f019214','unity',NULL,NULL,NULL,0,1,'2020-07-30 20:25:17','2020-07-30 20:25:17'),('9a0408d4-2687-40b6-a1db-aa8616ac1f94','helium',NULL,NULL,NULL,0,1,'2020-07-30 20:25:17','2020-07-30 20:25:17'),('a930b818-6acf-4511-bd53-7da5a7ba248e','ironsource',NULL,NULL,NULL,0,1,'2020-07-30 20:25:18','2020-07-30 20:25:18'),('ab8bcb76-33ee-4470-8fec-862090115921','chartboost',NULL,NULL,NULL,0,1,'2020-07-30 20:25:54','2020-07-30 20:25:54'),('aefd5d30-6c97-4055-bf14-03ec8cc578aa','admob',NULL,NULL,NULL,0,1,'2020-07-30 20:25:17','2020-07-30 20:25:17'),('d653710f-d2a9-4cc9-a2b6-c9709db3ad22','applovin',NULL,NULL,NULL,0,1,'2020-07-30 20:25:20','2020-07-30 20:25:20'),('e4d3cb94-651e-4e68-b97d-45859b82309b','fullfacebook',NULL,NULL,NULL,0,1,'2020-07-30 20:25:17','2020-07-30 20:25:17'),('f4e704f8-aca8-4795-b071-15703fe56ce9','fbhb',NULL,NULL,NULL,0,1,'2020-07-30 20:25:20','2020-07-30 20:25:20'),('fb7d2aa0-6778-49dd-af7d-786ea2071a26','tiktok',NULL,NULL,NULL,0,1,'2020-07-30 20:25:21','2020-07-30 20:25:21');
/*!40000 ALTER TABLE `adChannel` ENABLE KEYS */;
UNLOCK TABLES;

--
-- Table structure for table `adChannelMap`
--

DROP TABLE IF EXISTS `adChannelMap`;
/*!40101 SET @saved_cs_client     = @@character_set_client */;
/*!40101 SET character_set_client = utf8 */;
CREATE TABLE `adChannelMap` (
  `id` char(36) NOT NULL,
  `adChannelId` char(36) NOT NULL,
  `adTypeId` char(36) NOT NULL,
  `createdAt` timestamp NOT NULL DEFAULT CURRENT_TIMESTAMP,
  `updatedAt` timestamp NOT NULL DEFAULT CURRENT_TIMESTAMP ON UPDATE CURRENT_TIMESTAMP,
  PRIMARY KEY (`id`),
  UNIQUE KEY `channel_type` (`adChannelId`,`adTypeId`)
) ENGINE=InnoDB DEFAULT CHARSET=utf8mb4;
/*!40101 SET character_set_client = @saved_cs_client */;

--
-- Dumping data for table `adChannelMap`
--

LOCK TABLES `adChannelMap` WRITE;
/*!40000 ALTER TABLE `adChannelMap` DISABLE KEYS */;
/*!40000 ALTER TABLE `adChannelMap` ENABLE KEYS */;
UNLOCK TABLES;

--
-- Table structure for table `adGroup`
--

DROP TABLE IF EXISTS `adGroup`;
/*!40101 SET @saved_cs_client     = @@character_set_client */;
/*!40101 SET character_set_client = utf8 */;
CREATE TABLE `adGroup` (
  `id` char(36) NOT NULL,
  `name` varchar(50) NOT NULL,
  `description` varchar(50) NOT NULL,
  `adTypeId` char(36) NOT NULL,
  `productId` char(36) NOT NULL,
  `creatorId` char(36) DEFAULT NULL,
  `active` tinyint(1) NOT NULL,
  `createdAt` timestamp NOT NULL DEFAULT CURRENT_TIMESTAMP,
  `updatedAt` timestamp NOT NULL DEFAULT CURRENT_TIMESTAMP ON UPDATE CURRENT_TIMESTAMP,
  PRIMARY KEY (`id`),
  UNIQUE KEY `idx_name` (`name`,`adTypeId`,`productId`)
) ENGINE=InnoDB DEFAULT CHARSET=utf8mb4;
/*!40101 SET character_set_client = @saved_cs_client */;

--
-- Dumping data for table `adGroup`
--

LOCK TABLES `adGroup` WRITE;
/*!40000 ALTER TABLE `adGroup` DISABLE KEYS */;
INSERT INTO `adGroup` VALUES ('0009c4db-8334-4672-8112-296a52f41da2','a27_interstitial','a27_interstitial','0ef6ba7f-2926-4bda-9da7-e2ee5c251463','85d4878d-dc23-4c5f-a5d1-9d3f682c02f7',NULL,1,'2020-07-30 20:27:30','2020-07-30 20:27:30'),('037fde04-bdca-48f2-b750-140c383a6b99','a23_banner','a23_banner','952750ee-3c29-4308-8197-704cb617e0db','787c40ab-018c-42d5-9b17-33a06177b2d1',NULL,1,'2020-07-30 20:27:30','2020-07-30 20:27:30'),('089f936c-caed-4424-9253-ab80bb5cb179','a37_banner','a37_banner','952750ee-3c29-4308-8197-704cb617e0db','70464d3c-215c-41f2-b162-47d00d841f65',NULL,1,'2020-07-30 20:27:31','2020-07-30 20:27:31'),('095eceeb-e0f6-4bdd-9318-f5b5983079bf','a17_interstitial','a17_interstitial','0ef6ba7f-2926-4bda-9da7-e2ee5c251463','a3941cbd-8150-42b8-9649-cf54b266ef3b',NULL,1,'2020-07-30 20:27:29','2020-07-30 20:27:29'),('09a9b6d9-0ad5-423d-a326-ce880fbdb597','a44_banner','a44_banner','952750ee-3c29-4308-8197-704cb617e0db','b76cc914-a0d4-4eab-ac10-e927c5054c9a',NULL,1,'2020-07-30 20:27:32','2020-07-30 20:27:32'),('0cdd753c-a8b4-4c9b-a09e-78f17bef47f7','a18Bt1NewAadmobB_interstitial','a18Bt1NewAadmobB_interstitial','0ef6ba7f-2926-4bda-9da7-e2ee5c251463','1ae04a84-41d3-437a-96b9-0c21b903408b',NULL,1,'2020-07-30 20:32:19','2020-07-30 20:32:19'),('0db38469-6376-46e7-9321-61701c5040e3','w18_native','w18_native','8155d8d8-3a18-45b4-82e7-358061fdab51','8a093ce0-5c0f-48b1-aa44-1b65ed889498',NULL,1,'2020-07-30 20:31:38','2020-07-30 20:31:38'),('13417e9e-d73e-486d-808d-c625a64c9f28','a41_banner','a41_banner','952750ee-3c29-4308-8197-704cb617e0db','c3a51587-2496-4a3e-98d6-3285b047c3f3',NULL,1,'2020-07-30 20:27:31','2020-07-30 20:27:31'),('14144258-016b-4dfb-94f9-c7e0783f9388','a18Bt1NewAadmobB_native_menu','a18Bt1NewAadmobB_native_menu','474f99bf-b8cc-414c-8630-aae90db8491e','1ae04a84-41d3-437a-96b9-0c21b903408b',NULL,1,'2020-07-30 20:32:19','2020-07-30 20:32:19'),('16dfb447-f686-4759-8a62-718d9494b43a','a42_interstitial','a42_interstitial','0ef6ba7f-2926-4bda-9da7-e2ee5c251463','0d5984cc-5fb0-43f4-aa28-7d8e57d6866c',NULL,1,'2020-07-30 20:27:31','2020-07-30 20:27:31'),('1787c13c-49cb-480c-a269-09b699d1e0f1','w18A_rewardvideo','w18A_rewardvideo','c3991da4-a688-456e-8fa7-e9e984f7719a','8a093ce0-5c0f-48b1-aa44-1b65ed889498',NULL,1,'2020-07-30 20:31:39','2020-07-30 20:31:39'),('18f75ab8-7b7d-43c3-bf79-8fa56873ff0c','a23_interstitial','a23_interstitial','0ef6ba7f-2926-4bda-9da7-e2ee5c251463','787c40ab-018c-42d5-9b17-33a06177b2d1',NULL,1,'2020-07-30 20:27:30','2020-07-30 20:27:30'),('197e521a-e56d-49a2-8fde-26f89ca6ccb7','a35_interstitial','a35_interstitial','0ef6ba7f-2926-4bda-9da7-e2ee5c251463','51453887-4d52-4f0b-a631-c3343085206b',NULL,1,'2020-07-30 20:27:31','2020-07-30 20:27:31'),('1c2da959-0861-4dc2-b6bc-3441f1002043','a45_banner','a45_banner','952750ee-3c29-4308-8197-704cb617e0db','0d325427-bb0a-46ce-ae9d-17a08430df2b',NULL,1,'2020-07-30 20:27:32','2020-07-30 20:27:32'),('1e58ae8f-2baa-405b-8786-3a5b6e286593','a32_interstitial','a32_interstitial','0ef6ba7f-2926-4bda-9da7-e2ee5c251463','3ec48dec-0f54-4931-97e3-e49cf7e2c5b5',NULL,1,'2020-07-30 20:27:31','2020-07-30 20:27:31'),('1e8389ef-0928-4d6c-ad96-aecdb1228fea','a38_interstitial','a38_interstitial','0ef6ba7f-2926-4bda-9da7-e2ee5c251463','637c034e-89c2-40d2-a9f8-536f6e300e8a',NULL,1,'2020-07-30 20:27:31','2020-07-30 20:27:31'),('20820a4b-3923-446f-922e-3e2019f54027','a37_interstitial','a37_interstitial','0ef6ba7f-2926-4bda-9da7-e2ee5c251463','70464d3c-215c-41f2-b162-47d00d841f65',NULL,1,'2020-07-30 20:27:31','2020-07-30 20:27:31'),('2171fe36-64ad-4ff2-9455-b5ec5fc33b3d','a47_banner','a47_banner','952750ee-3c29-4308-8197-704cb617e0db','c8c7b65c-4f45-49f9-aacf-befaf759a741',NULL,1,'2020-07-30 20:27:32','2020-07-30 20:27:32'),('29dc31fc-7134-4baa-9696-1ca9ea88a7ce','w18t2B10_interstitial','w18t2B10_interstitial','0ef6ba7f-2926-4bda-9da7-e2ee5c251463','8a093ce0-5c0f-48b1-aa44-1b65ed889498',NULL,1,'2020-07-30 20:31:39','2020-07-30 20:31:39'),('2f7d4154-6208-45ab-b243-4e08a7999ca2','w36B7_interstitial','w36B7_interstitial','0ef6ba7f-2926-4bda-9da7-e2ee5c251463','60b7868d-734a-4a17-93b5-3183e839e720',NULL,1,'2020-07-30 20:31:39','2020-07-30 20:31:39'),('358df626-663c-4eed-b05a-08a3bf34dd5b','a35_banner','a35_banner','952750ee-3c29-4308-8197-704cb617e0db','51453887-4d52-4f0b-a631-c3343085206b',NULL,1,'2020-07-30 20:27:31','2020-07-30 20:27:31'),('38bc2764-359b-4cb8-9c9c-9ad1c5c2e56b','a16NewVersion_interstitial','a16NewVersion_interstitial','0ef6ba7f-2926-4bda-9da7-e2ee5c251463','c012ae06-11ee-48db-b3f7-b90e36533b62',NULL,1,'2020-07-30 20:27:29','2020-07-30 20:27:29'),('395b0d59-16ae-443f-a300-fd4dad257775','w18_interstitial','w18_interstitial','0ef6ba7f-2926-4bda-9da7-e2ee5c251463','8a093ce0-5c0f-48b1-aa44-1b65ed889498',NULL,1,'2020-07-30 20:31:38','2020-07-30 20:31:38'),('3aa128f3-6342-4359-8c5f-16c4392913dd','a15_banner','a15_banner','952750ee-3c29-4308-8197-704cb617e0db','3b2ac62a-6a87-4a52-bc26-f7133eedabe1',NULL,1,'2020-07-30 20:27:28','2020-07-30 20:27:28'),('3beffe83-321b-49c9-8a78-595f91cfbc0f','a12_banner','a12_banner','952750ee-3c29-4308-8197-704cb617e0db','8819d891-d0e1-4fed-a765-8496fd1af2fd',NULL,1,'2020-07-30 20:27:28','2020-07-30 20:27:28'),('3c2a4c62-060c-405f-b9f2-b77638db6951','a21_banner','a21_banner','952750ee-3c29-4308-8197-704cb617e0db','667a0566-08f7-4b0d-b794-ac7e6651c6c1',NULL,1,'2020-07-30 20:27:30','2020-07-30 20:27:30'),('3cc73be6-5c84-4f06-b00f-8dbc50170810','w18A_interstitial','w18A_interstitial','0ef6ba7f-2926-4bda-9da7-e2ee5c251463','8a093ce0-5c0f-48b1-aa44-1b65ed889498',NULL,1,'2020-07-30 20:31:39','2020-07-30 20:31:39'),('4442cb5d-0f51-4671-8b3e-36fe5f9fb6f3','a18Bt2NewAadmobB_native_menu','a18Bt2NewAadmobB_native_menu','474f99bf-b8cc-414c-8630-aae90db8491e','1ae04a84-41d3-437a-96b9-0c21b903408b',NULL,1,'2020-07-30 20:32:20','2020-07-30 20:32:20'),('47723d42-031d-4b94-9ba9-eb42aa08ae21','a28_interstitial','a28_interstitial','0ef6ba7f-2926-4bda-9da7-e2ee5c251463','ea31df77-0aef-4810-b305-742d7456258a',NULL,1,'2020-07-30 20:27:30','2020-07-30 20:27:30'),('486da8b2-c31b-43fc-8f2f-d3af074fa4b4','a31_banner','a31_banner','952750ee-3c29-4308-8197-704cb617e0db','98fa0896-1cbc-485f-ac07-d7d67698b6f1',NULL,1,'2020-07-30 20:27:30','2020-07-30 20:27:30'),('4a34c209-1584-4981-a3c5-3b8c22a79b6b','a14_banner','a14_banner','952750ee-3c29-4308-8197-704cb617e0db','e8110e18-1d83-40dd-9f97-46ae8efed098',NULL,1,'2020-07-30 20:27:28','2020-07-30 20:27:28'),('4cbbe43a-0469-4f25-be98-870701d301a3','a33_banner','a33_banner','952750ee-3c29-4308-8197-704cb617e0db','371611ac-4de7-4c3b-9a1d-b636610e0482',NULL,1,'2020-07-30 20:27:31','2020-07-30 20:27:31'),('523d2095-6928-48bd-9769-b757b3ca874d','a18Bt2NewAadmobB_interstitial','a18Bt2NewAadmobB_interstitial','0ef6ba7f-2926-4bda-9da7-e2ee5c251463','1ae04a84-41d3-437a-96b9-0c21b903408b',NULL,1,'2020-07-30 20:32:20','2020-07-30 20:32:20'),('5a80e2ef-0848-476d-8aae-40cae9c27980','a29_banner','a29_banner','952750ee-3c29-4308-8197-704cb617e0db','a3dd8486-2340-4502-99ef-44297546d589',NULL,1,'2020-07-30 20:27:30','2020-07-30 20:27:30'),('5d2375ed-e801-4fc1-a7a8-edf29eac0f35','a18_banner','a18_banner','952750ee-3c29-4308-8197-704cb617e0db','a8da3b45-2e15-44cc-874f-886d896068e2',NULL,1,'2020-07-30 20:27:29','2020-07-30 20:27:29'),('5f8543ee-fc23-471c-ad23-a235e5e5426d','a16NewVersion_banner','a16NewVersion_banner','952750ee-3c29-4308-8197-704cb617e0db','c012ae06-11ee-48db-b3f7-b90e36533b62',NULL,1,'2020-07-30 20:27:29','2020-07-30 20:27:29'),('6274c54a-95ab-43f8-bdc1-6185de1f2e52','a28_banner','a28_banner','952750ee-3c29-4308-8197-704cb617e0db','ea31df77-0aef-4810-b305-742d7456258a',NULL,1,'2020-07-30 20:27:30','2020-07-30 20:27:30'),('697409ed-f487-4c8b-b378-6244b64134e2','a43_banner','a43_banner','952750ee-3c29-4308-8197-704cb617e0db','9ef428c8-5ff8-4823-8937-616cf284b84a',NULL,1,'2020-07-30 20:27:31','2020-07-30 20:27:31'),('6aecfc90-10ba-4d95-9a75-61b45fe2d86b','w18t2B10_banner','w18t2B10_banner','952750ee-3c29-4308-8197-704cb617e0db','8a093ce0-5c0f-48b1-aa44-1b65ed889498',NULL,1,'2020-07-30 20:31:39','2020-07-30 20:31:39'),('6b196731-2c35-4c15-9db2-0ced1b6e8009','a18Bt2NewAadmobB_banner','a18Bt2NewAadmobB_banner','952750ee-3c29-4308-8197-704cb617e0db','1ae04a84-41d3-437a-96b9-0c21b903408b',NULL,1,'2020-07-30 20:32:20','2020-07-30 20:32:20'),('6b65bc01-5d0f-40aa-8b15-45c78ac7d67f','w18_rewardvideo','w18_rewardvideo','c3991da4-a688-456e-8fa7-e9e984f7719a','8a093ce0-5c0f-48b1-aa44-1b65ed889498',NULL,1,'2020-07-30 20:31:38','2020-07-30 20:31:38'),('6bfba396-96f5-4ea8-bd52-5b44629b2706','a24_banner','a24_banner','952750ee-3c29-4308-8197-704cb617e0db','491e4b7a-ed8c-4a5e-8a63-95c0a3f475b5',NULL,1,'2020-07-30 20:27:30','2020-07-30 20:27:30'),('6cd6b135-0e5b-4fd2-8836-0c158196c5cf','a36_banner','a36_banner','952750ee-3c29-4308-8197-704cb617e0db','3b065e40-f4a1-411b-af9d-a80a2f6dece9',NULL,1,'2020-07-30 20:27:31','2020-07-30 20:27:31'),('6d5098be-698b-479d-8999-f6bd6e947db0','a32_banner','a32_banner','952750ee-3c29-4308-8197-704cb617e0db','3ec48dec-0f54-4931-97e3-e49cf7e2c5b5',NULL,1,'2020-07-30 20:27:31','2020-07-30 20:27:31'),('78a00f52-d037-4983-b052-bbbe7cf42ed3','a18BNewAadmobB_interstitial','a18BNewAadmobB_interstitial','0ef6ba7f-2926-4bda-9da7-e2ee5c251463','1ae04a84-41d3-437a-96b9-0c21b903408b',NULL,1,'2020-07-30 20:32:19','2020-07-30 20:32:19'),('7b1a8c8f-5f9a-47b4-8964-5746b63cbc8d','a25_banner','a25_banner','952750ee-3c29-4308-8197-704cb617e0db','c7dc3ffc-132d-4404-9579-555111d4bd03',NULL,1,'2020-07-30 20:27:30','2020-07-30 20:27:30'),('821f3463-9117-4d2a-b0ed-dda7ed05340f','a15_interstitial','a15_interstitial','0ef6ba7f-2926-4bda-9da7-e2ee5c251463','3b2ac62a-6a87-4a52-bc26-f7133eedabe1',NULL,1,'2020-07-30 20:27:28','2020-07-30 20:27:28'),('84684225-262a-4063-b049-6aba1f781937','a26_interstitial','a26_interstitial','0ef6ba7f-2926-4bda-9da7-e2ee5c251463','d124a477-3b0d-4190-86db-55089e5833bc',NULL,1,'2020-07-30 20:27:30','2020-07-30 20:27:30'),('88af0eee-38d4-4da6-8556-a8ba31bc7ce9','a26_banner','a26_banner','952750ee-3c29-4308-8197-704cb617e0db','d124a477-3b0d-4190-86db-55089e5833bc',NULL,1,'2020-07-30 20:27:30','2020-07-30 20:27:30'),('8d4479bf-df75-495d-a375-e50452965398','a36_interstitial','a36_interstitial','0ef6ba7f-2926-4bda-9da7-e2ee5c251463','3b065e40-f4a1-411b-af9d-a80a2f6dece9',NULL,1,'2020-07-30 20:27:31','2020-07-30 20:27:31'),('8f67b8b4-49dd-45fe-b093-95cc6f89f18c','a23_rewardvideo','a23_rewardvideo','c3991da4-a688-456e-8fa7-e9e984f7719a','787c40ab-018c-42d5-9b17-33a06177b2d1',NULL,1,'2020-07-30 20:27:30','2020-07-30 20:27:30'),('95abbf85-0cdf-4c79-bc60-392cf7c4fcb3','a15_rewardvideo','a15_rewardvideo','c3991da4-a688-456e-8fa7-e9e984f7719a','3b2ac62a-6a87-4a52-bc26-f7133eedabe1',NULL,1,'2020-07-30 20:27:28','2020-07-30 20:27:28'),('96027f3d-41f2-46c4-ba5c-77c73091400f','a42_banner','a42_banner','952750ee-3c29-4308-8197-704cb617e0db','0d5984cc-5fb0-43f4-aa28-7d8e57d6866c',NULL,1,'2020-07-30 20:27:31','2020-07-30 20:27:31'),('961855a4-1c1e-47f7-8dbc-10d95ae48b59','a29_interstitial','a29_interstitial','0ef6ba7f-2926-4bda-9da7-e2ee5c251463','a3dd8486-2340-4502-99ef-44297546d589',NULL,1,'2020-07-30 20:27:30','2020-07-30 20:27:30'),('977649ed-a1c8-4026-aeb4-497492401ec2','a18BNewAadmobB_banner','a18BNewAadmobB_banner','952750ee-3c29-4308-8197-704cb617e0db','1ae04a84-41d3-437a-96b9-0c21b903408b',NULL,1,'2020-07-30 20:32:19','2020-07-30 20:32:19'),('9804dd89-800d-4649-ac12-155acef7040a','a16_interstitial','a16_interstitial','0ef6ba7f-2926-4bda-9da7-e2ee5c251463','c012ae06-11ee-48db-b3f7-b90e36533b62',NULL,1,'2020-07-30 20:27:29','2020-07-30 20:27:29'),('a01eff52-4362-487f-a7a0-3d4e3d81b7c5','a17_banner','a17_banner','952750ee-3c29-4308-8197-704cb617e0db','a3941cbd-8150-42b8-9649-cf54b266ef3b',NULL,1,'2020-07-30 20:27:29','2020-07-30 20:27:29'),('a21eabb1-8bae-4726-9b8d-7d6d5765dcad','a27_banner','a27_banner','952750ee-3c29-4308-8197-704cb617e0db','85d4878d-dc23-4c5f-a5d1-9d3f682c02f7',NULL,1,'2020-07-30 20:27:30','2020-07-30 20:27:30'),('a37ef371-93a4-4259-b27a-075c66f1d6d1','w18A_banner','w18A_banner','952750ee-3c29-4308-8197-704cb617e0db','8a093ce0-5c0f-48b1-aa44-1b65ed889498',NULL,1,'2020-07-30 20:31:39','2020-07-30 20:31:39'),('a45be481-2c27-439d-85a0-5b7aa259e265','a13_banner','a13_banner','952750ee-3c29-4308-8197-704cb617e0db','409c9fbc-f883-4ba7-adda-7da6f238d42d',NULL,1,'2020-07-30 20:27:28','2020-07-30 20:27:28'),('a76e15a7-f225-4338-9297-872cf4cd3c00','a18_interstitial','a18_interstitial','0ef6ba7f-2926-4bda-9da7-e2ee5c251463','a8da3b45-2e15-44cc-874f-886d896068e2',NULL,1,'2020-07-30 20:27:29','2020-07-30 20:27:29'),('aebc8225-f365-40c9-8120-7c7934cc4908','a12_interstitial','a12_interstitial','0ef6ba7f-2926-4bda-9da7-e2ee5c251463','8819d891-d0e1-4fed-a765-8496fd1af2fd',NULL,1,'2020-07-30 20:27:28','2020-07-30 20:27:28'),('be87a385-9cb7-467d-bf15-831d861e1ed0','a17_rewardvideo','a17_rewardvideo','c3991da4-a688-456e-8fa7-e9e984f7719a','a3941cbd-8150-42b8-9649-cf54b266ef3b',NULL,1,'2020-07-30 20:27:29','2020-07-30 20:27:29'),('c518e82f-81c5-4380-8140-d8c884d570f8','a46_banner','a46_banner','952750ee-3c29-4308-8197-704cb617e0db','5581c819-2fd2-4fdc-9cd7-69ab990b15df',NULL,1,'2020-07-30 20:27:32','2020-07-30 20:27:32'),('ca456a0a-2344-43d7-9edb-b95d8d467a34','a13_interstitial','a13_interstitial','0ef6ba7f-2926-4bda-9da7-e2ee5c251463','409c9fbc-f883-4ba7-adda-7da6f238d42d',NULL,1,'2020-07-30 20:27:28','2020-07-30 20:27:28'),('ca5babfd-ec44-4831-a064-4d0bbe1521ea','a39_banner','a39_banner','952750ee-3c29-4308-8197-704cb617e0db','b9ce12db-e8b7-4d7b-83b4-4e3a2447e48d',NULL,1,'2020-07-30 20:27:31','2020-07-30 20:27:31'),('ce2ce4bd-ae70-4a9e-bf50-fdda2ab15b39','a20_interstitial','a20_interstitial','0ef6ba7f-2926-4bda-9da7-e2ee5c251463','c34970c9-459b-4cfe-8c66-8021bbdb4779',NULL,1,'2020-07-30 20:27:29','2020-07-30 20:27:29'),('cf997f2f-a413-45c2-8d77-6194064a53dd','a19_banner','a19_banner','952750ee-3c29-4308-8197-704cb617e0db','f03ae1c1-e6c8-47f3-8923-cb276e53d36f',NULL,1,'2020-07-30 20:27:29','2020-07-30 20:27:29'),('d06a9bb0-e206-476c-97c9-36ab80927486','a24_interstitial','a24_interstitial','0ef6ba7f-2926-4bda-9da7-e2ee5c251463','491e4b7a-ed8c-4a5e-8a63-95c0a3f475b5',NULL,1,'2020-07-30 20:27:30','2020-07-30 20:27:30'),('d14137e1-1c8e-4d9b-931e-1e4116c10d38','a18Bt1NewAadmobB_banner','a18Bt1NewAadmobB_banner','952750ee-3c29-4308-8197-704cb617e0db','1ae04a84-41d3-437a-96b9-0c21b903408b',NULL,1,'2020-07-30 20:32:19','2020-07-30 20:32:19'),('d2651457-d0ef-4748-b41b-f5adf3ec47a7','a31_interstitial','a31_interstitial','0ef6ba7f-2926-4bda-9da7-e2ee5c251463','98fa0896-1cbc-485f-ac07-d7d67698b6f1',NULL,1,'2020-07-30 20:27:30','2020-07-30 20:27:30'),('d6886e77-b17a-4893-b513-9b637b238d67','w18_banner','w18_banner','952750ee-3c29-4308-8197-704cb617e0db','8a093ce0-5c0f-48b1-aa44-1b65ed889498',NULL,1,'2020-07-30 20:31:38','2020-07-30 20:31:38'),('db83dfee-8808-4ca6-889d-f50001a823fd','a40_banner','a40_banner','952750ee-3c29-4308-8197-704cb617e0db','f4572d9c-0f24-445a-ae9a-010e23c45471',NULL,1,'2020-07-30 20:27:31','2020-07-30 20:27:31'),('dcac2f56-637d-4d5e-a176-ef78dac2eca5','a20_banner','a20_banner','952750ee-3c29-4308-8197-704cb617e0db','c34970c9-459b-4cfe-8c66-8021bbdb4779',NULL,1,'2020-07-30 20:27:29','2020-07-30 20:27:29'),('de915ab0-62f0-4e3b-a7e3-1fd66b78f2da','w36B7_banner','w36B7_banner','952750ee-3c29-4308-8197-704cb617e0db','60b7868d-734a-4a17-93b5-3183e839e720',NULL,1,'2020-07-30 20:31:39','2020-07-30 20:31:39'),('e0e6ea04-d46e-4397-a5e2-594f3143745a','w36B7_rewardvideo','w36B7_rewardvideo','c3991da4-a688-456e-8fa7-e9e984f7719a','60b7868d-734a-4a17-93b5-3183e839e720',NULL,1,'2020-07-30 20:31:38','2020-07-30 20:31:38'),('e33cf3cf-1bae-4913-b9b2-9cc59e896592','a30_interstitial','a30_interstitial','0ef6ba7f-2926-4bda-9da7-e2ee5c251463','39851304-52f0-4d31-b931-f8afb6c24b3b',NULL,1,'2020-07-30 20:27:30','2020-07-30 20:27:30'),('e391fd45-ab6c-48d5-bb00-374ef1a223cc','a39_interstitial','a39_interstitial','0ef6ba7f-2926-4bda-9da7-e2ee5c251463','b9ce12db-e8b7-4d7b-83b4-4e3a2447e48d',NULL,1,'2020-07-30 20:27:31','2020-07-30 20:27:31'),('e52578a2-91b2-4c90-bdb5-1b86ebf58851','a14_interstitial','a14_interstitial','0ef6ba7f-2926-4bda-9da7-e2ee5c251463','e8110e18-1d83-40dd-9f97-46ae8efed098',NULL,1,'2020-07-30 20:27:28','2020-07-30 20:27:28'),('e9fcc77f-3e01-4b7f-bf4a-2bf848290acb','a25_interstitial','a25_interstitial','0ef6ba7f-2926-4bda-9da7-e2ee5c251463','c7dc3ffc-132d-4404-9579-555111d4bd03',NULL,1,'2020-07-30 20:27:30','2020-07-30 20:27:30'),('eebba8c3-9075-4f5f-b412-c315c3e68baa','a38_banner','a38_banner','952750ee-3c29-4308-8197-704cb617e0db','637c034e-89c2-40d2-a9f8-536f6e300e8a',NULL,1,'2020-07-30 20:27:31','2020-07-30 20:27:31'),('eee98217-ab44-472a-b46a-b2a2013ff3f7','w18t2B10_rewardvideo','w18t2B10_rewardvideo','c3991da4-a688-456e-8fa7-e9e984f7719a','8a093ce0-5c0f-48b1-aa44-1b65ed889498',NULL,1,'2020-07-30 20:31:39','2020-07-30 20:31:39'),('f004f7f0-acf7-4d6b-a1f6-5a4a71580b6f','a19_interstitial','a19_interstitial','0ef6ba7f-2926-4bda-9da7-e2ee5c251463','f03ae1c1-e6c8-47f3-8923-cb276e53d36f',NULL,1,'2020-07-30 20:27:29','2020-07-30 20:27:29'),('f616c632-2769-4ed1-9caf-759968162891','w18A_native','w18A_native','8155d8d8-3a18-45b4-82e7-358061fdab51','8a093ce0-5c0f-48b1-aa44-1b65ed889498',NULL,1,'2020-07-30 20:31:39','2020-07-30 20:31:39'),('f6da64f5-d077-476f-af8c-3c4a9d51c5bb','a40_interstitial','a40_interstitial','0ef6ba7f-2926-4bda-9da7-e2ee5c251463','f4572d9c-0f24-445a-ae9a-010e23c45471',NULL,1,'2020-07-30 20:27:31','2020-07-30 20:27:31'),('f7a4a75d-da46-4246-8a86-bd8081a3c360','a30_banner','a30_banner','952750ee-3c29-4308-8197-704cb617e0db','39851304-52f0-4d31-b931-f8afb6c24b3b',NULL,1,'2020-07-30 20:27:30','2020-07-30 20:27:30'),('fafd9df6-f7c7-4d92-9b9b-fe6be21247a3','a16_banner','a16_banner','952750ee-3c29-4308-8197-704cb617e0db','c012ae06-11ee-48db-b3f7-b90e36533b62',NULL,1,'2020-07-30 20:27:29','2020-07-30 20:27:29'),('fb8f7819-4679-4963-92d1-c28de2a867fe','a18BNewAadmobB_native_menu','a18BNewAadmobB_native_menu','474f99bf-b8cc-414c-8630-aae90db8491e','1ae04a84-41d3-437a-96b9-0c21b903408b',NULL,1,'2020-07-30 20:32:19','2020-07-30 20:32:19');
/*!40000 ALTER TABLE `adGroup` ENABLE KEYS */;
UNLOCK TABLES;

--
-- Table structure for table `adType`
--

DROP TABLE IF EXISTS `adType`;
/*!40101 SET @saved_cs_client     = @@character_set_client */;
/*!40101 SET character_set_client = utf8 */;
CREATE TABLE `adType` (
  `id` char(36) NOT NULL,
  `type` varchar(30) NOT NULL,
  `name` varchar(30) NOT NULL,
  `test` tinyint(1) NOT NULL,
  `active` tinyint(1) NOT NULL,
  `createdAt` timestamp NOT NULL DEFAULT CURRENT_TIMESTAMP,
  `updatedAt` timestamp NOT NULL DEFAULT CURRENT_TIMESTAMP ON UPDATE CURRENT_TIMESTAMP,
  PRIMARY KEY (`id`),
  UNIQUE KEY `type` (`type`),
  UNIQUE KEY `name` (`name`)
) ENGINE=InnoDB DEFAULT CHARSET=utf8mb4;
/*!40101 SET character_set_client = @saved_cs_client */;

--
-- Dumping data for table `adType`
--

LOCK TABLES `adType` WRITE;
/*!40000 ALTER TABLE `adType` DISABLE KEYS */;
INSERT INTO `adType` VALUES ('0ef6ba7f-2926-4bda-9da7-e2ee5c251463','interstitial','插屏',0,1,'2020-07-30 20:25:11','2020-07-30 20:25:11'),('474f99bf-b8cc-414c-8630-aae90db8491e','native_menu','native_menu',0,1,'2020-07-30 20:25:50','2020-07-30 20:25:50'),('8155d8d8-3a18-45b4-82e7-358061fdab51','native','原生',0,1,'2020-07-30 20:25:11','2020-07-30 20:25:11'),('94abe93f-6fa2-43d8-9b8c-1ac2bcb23c8a','open','open',0,1,'2020-07-30 20:25:11','2020-07-30 20:25:11'),('952750ee-3c29-4308-8197-704cb617e0db','banner','横幅',0,1,'2020-07-30 20:25:11','2020-07-30 20:25:11'),('a47d0232-45e6-4f74-a306-14735764d1f4','ingame','ingame',0,1,'2020-07-30 20:25:50','2020-07-30 20:25:50'),('c3991da4-a688-456e-8fa7-e9e984f7719a','rewardvideo','激励视频',0,1,'2020-07-30 20:25:11','2020-07-30 20:25:11');
/*!40000 ALTER TABLE `adType` ENABLE KEYS */;
UNLOCK TABLES;

--
-- Table structure for table `baseConfig`
--

DROP TABLE IF EXISTS `baseConfig`;
/*!40101 SET @saved_cs_client     = @@character_set_client */;
/*!40101 SET character_set_client = utf8 */;
CREATE TABLE `baseConfig` (
  `id` char(36) NOT NULL,
  `key` varchar(50) NOT NULL,
  `value` varchar(100) NOT NULL,
  `description` varchar(150) NOT NULL,
  `test` tinyint(1) NOT NULL,
  `active` tinyint(1) NOT NULL,
  `createdAt` timestamp NOT NULL DEFAULT CURRENT_TIMESTAMP,
  `updatedAt` timestamp NOT NULL DEFAULT CURRENT_TIMESTAMP ON UPDATE CURRENT_TIMESTAMP,
  PRIMARY KEY (`id`),
  UNIQUE KEY `key` (`key`)
) ENGINE=InnoDB DEFAULT CHARSET=utf8mb4;
/*!40101 SET character_set_client = @saved_cs_client */;

--
-- Dumping data for table `baseConfig`
--

LOCK TABLES `baseConfig` WRITE;
/*!40000 ALTER TABLE `baseConfig` DISABLE KEYS */;
INSERT INTO `baseConfig` VALUES ('0262b576-fbaf-48b3-b437-0ee77ad1d191','config040','false','prediction重复打点开关',0,1,'2020-07-30 20:25:23','2020-07-30 20:25:23'),('066a0227-43e2-40fc-9e2f-4c7a488adf12','tryCacheTimes','0','广告重试次数',0,1,'2020-07-30 20:25:22','2020-07-30 20:25:22'),('07d58ccd-cecf-4602-bf4d-32c6f910d98d','config045','1','控制ecpm需要开几次方',0,1,'2020-07-30 20:25:23','2020-07-30 20:25:23'),('13ce86af-aa01-4d4f-ab1f-2e8474d9d213','delayToNextCache','10','广告重试间隔',0,1,'2020-07-30 20:25:22','2020-07-30 20:25:22'),('1a29fcf1-78e3-4b44-b550-269bb4d7474b','nativeRefreshInterval','1','menu和ingame刷新展示N次刷新',0,1,'2020-07-30 20:25:23','2020-07-30 20:25:23'),('313ed0f3-7482-4a3c-9e88-edd1a6efb725','bannerTimeCD','30','banner展示多久之后更换一条',0,1,'2020-07-30 20:25:23','2020-07-30 20:25:23'),('3713230f-01ce-44ae-a033-12bd47759692','config048','false','开启GDPR弹窗,\"true\"显示弹窗,\"false\"是不开启弹窗',0,1,'2020-07-30 20:25:23','2020-07-30 20:25:23'),('3d0e632f-0798-4a09-9bb3-84dff1211ec6','delayToChangeText','5','native中的title和body内容互换间隔',0,1,'2020-07-30 20:25:22','2020-07-30 20:25:22'),('3dc6a6b6-13dd-43cf-a57b-821f8228c49e','discardRewardVideo','1800','激励视频失效时间',0,1,'2020-07-30 20:25:22','2020-07-30 20:25:22'),('49464f1f-6d42-47ef-9af5-8c834e414ea0','shopUrl','','商店地址',0,1,'2020-07-30 20:25:23','2020-07-30 20:25:23'),('4fcd6dbd-27c1-4a28-8148-38cb19f8f42c','config001','1800','用户多久之后算是老用户',0,1,'2020-07-30 20:25:23','2020-07-30 20:25:23'),('537dd397-5f69-47e1-a654-95494ae1be26','config061','0','激励视频加载成功是否加载更多广告,\"0\"不加载更多,\"1\"加载更多',0,1,'2020-07-30 20:25:23','2020-07-30 20:25:23'),('5c595fb6-6b3b-4916-ab5c-41e25093504a','config002','3','控制nativemenu点击范围(新用户)',0,1,'2020-07-30 20:25:23','2020-07-30 20:25:23'),('5d07ddce-7a46-4c9f-a2d2-d74eff4af600','config052','','用户价值打点配置,\";\"分割,例\"1;5;15\"则第1,5,15在同一天价值分别达到1,5,15时打一个点',0,1,'2020-07-30 20:25:23','2020-07-30 20:25:23'),('5f856fad-a3df-441b-8097-e1c82543180a','interstitialTimeCD','0','插屏播放时间间隔(最好配置为0,间隔交由游戏控制)',0,1,'2020-07-30 20:25:23','2020-07-30 20:25:23'),('61e82308-12e0-4cd6-9f42-fd6a93227fef','interstitialCD','1','插屏播放间隔(调用展示插屏的次数)(最好配置为0,间隔交由游戏控制)',0,1,'2020-07-30 20:25:23','2020-07-30 20:25:23'),('6275e2af-f520-4e47-a80b-e5ff724f7ab1','loadVideoMaxTime','30','视频或激励视频加载超时时间(废弃)',0,1,'2020-07-30 20:25:22','2020-07-30 20:25:22'),('634ecee0-3909-4b5e-a347-bdd55ba34583','config041','','prediction打点事件名列表,\";\"分割',0,1,'2020-07-30 20:25:23','2020-07-30 20:25:23'),('79c5e4f3-a0ac-4304-9466-4bab42454459','nativeMenuTimeCD','0','menu多久展示一次',0,1,'2020-07-30 20:25:23','2020-07-30 20:25:23'),('8372eb9a-e648-444a-ad7b-1e657f536aa5','config005','3','控制native插屏点击范围(老用户)',0,1,'2020-07-30 20:25:23','2020-07-30 20:25:23'),('8f1c4f3b-8388-4887-b633-36a107dbf6c7','config042','0.5','插屏前的遮罩跳转广告的时间',0,1,'2020-07-30 20:25:23','2020-07-30 20:25:23'),('9981e89c-4df3-41d5-8780-b257dc27a0fd','config046','1','控制ecpm开方后乘以的倍数',0,1,'2020-07-30 20:25:23','2020-07-30 20:25:23'),('a13f8ac9-305b-4d19-ace4-e9f54dcd7fa7','nativeAdsCloseTime','3','native插屏展示后多级可关闭',0,1,'2020-07-30 20:25:22','2020-07-30 20:25:22'),('a221b608-0a83-4132-a89c-74363e2a65dc','discardNative','1800','native失效时间',0,1,'2020-07-30 20:25:22','2020-07-30 20:25:22'),('a2ad8da0-131d-42ce-841f-d3732906e9e5','bannerRefreshTime','30','banner刷新间隔',0,1,'2020-07-30 20:25:22','2020-07-30 20:25:22'),('a759c117-dadf-4e7e-84f4-fe22776b7e13','loadTimeCD','0','两次加载需要的间隔',0,1,'2020-07-30 20:25:23','2020-07-30 20:25:23'),('bc989cfb-2025-4306-9bd3-f91a6e3750cb','config050','','服务条款说明地址',0,1,'2020-07-30 20:25:23','2020-07-30 20:25:23'),('be506449-0430-4936-8911-d78f313ddf78','config043','0','版本更新弹窗配置',0,1,'2020-07-30 20:25:23','2020-07-30 20:25:23'),('c4acbf7f-1ebb-4947-b643-b4478053075c','config047','0','控制显示弹窗的类型,\"1\"是显示小弹窗;\"2\"是显示全屏弹窗;\"3\"没有年龄选择框,只有确认按钮;\"4\"没有年龄选择框,两个按钮,文案包括\"OK\";\"5\"没有年龄选择框,两个按钮,文案包括\"Accept\"',0,1,'2020-07-30 20:25:23','2020-07-30 20:25:23'),('c68abdff-ee62-4e3f-9eb0-d266e30d7360','config051','','gdpr隐私说明地址',0,1,'2020-07-30 20:25:23','2020-07-30 20:25:23'),('ce406cb5-c122-4a7e-b736-958e7ee26851','discardBanner','1800','banner失效时间',0,1,'2020-07-30 20:25:22','2020-07-30 20:25:22'),('d4860e76-9f9e-4e1f-b177-bdb1e0327389','discardVideo','1800','视频失效时间',0,1,'2020-07-30 20:25:22','2020-07-30 20:25:22'),('d98a2671-515e-4400-80da-241089545655','InterstitialCoverTime','1.5','插屏前的遮罩持续时间',0,1,'2020-07-30 20:25:23','2020-07-30 20:25:23'),('dec78d79-15b6-48c5-85ea-d6963ae569ee','config060','0','插屏加载成功是否加载更多广告,\"0\"不加载更多,\"1\"加载更多',0,1,'2020-07-30 20:25:23','2020-07-30 20:25:23'),('ded4741c-a537-4c96-a64f-77fe5a162435','discardInterstitial','1800','插屏失效时间',0,1,'2020-07-30 20:25:22','2020-07-30 20:25:22'),('e0dc2a36-7d18-4067-a481-b5061114c486','config044','false','控制是否打unity价格回传的点',0,1,'2020-07-30 20:25:23','2020-07-30 20:25:23'),('e3a576f8-55a1-4fcb-ac5e-35d277181923','config004','3','控制native插屏点击范围(新用户)',0,1,'2020-07-30 20:25:23','2020-07-30 20:25:23'),('e3f952b9-41bf-484d-833e-f695e75420e2','nativeTemplateId','1','控制nativebanner的模板',0,1,'2020-07-30 20:25:23','2020-07-30 20:25:23'),('e68805b0-3fb9-42f4-8b57-dfd818767a4d','videoLoadWaitingTime','10','视频类广告加载超时时间',0,1,'2020-07-30 20:25:23','2020-07-30 20:25:23'),('eabb144d-72df-4c7f-9fe6-e765ed01f6f2','config003','3','控制nativemenu点击范围(老用户)',0,1,'2020-07-30 20:25:23','2020-07-30 20:25:23'),('ec333775-96dd-43dc-8881-591c54be217a','interstitialNPV','-1','插屏中插入视频的间隔',0,1,'2020-07-30 20:25:22','2020-07-30 20:25:22'),('f3a33c7c-3cdf-4fd9-bd77-1d29a9f9b8da','discardMenu','1800','menu失效时间',0,1,'2020-07-30 20:25:22','2020-07-30 20:25:22'),('f56857b4-e5f2-4302-9958-3d024512084f','adLoadWaitingTime','5','插屏加载超时时间',0,1,'2020-07-30 20:25:22','2020-07-30 20:25:22'),('f98bfbfa-612d-46dc-9aa7-4855f7b6049f','aolBannerRefreshTime','30','banner刷新间隔',0,1,'2020-07-30 20:25:22','2020-07-30 20:25:22');
/*!40000 ALTER TABLE `baseConfig` ENABLE KEYS */;
UNLOCK TABLES;

--
-- Table structure for table `channelParamConf`
--

DROP TABLE IF EXISTS `channelParamConf`;
/*!40101 SET @saved_cs_client     = @@character_set_client */;
/*!40101 SET character_set_client = utf8 */;
CREATE TABLE `channelParamConf` (
  `id` char(36) NOT NULL,
  `value1` varchar(100) DEFAULT NULL,
  `value2` varchar(100) DEFAULT NULL,
  `value3` varchar(100) DEFAULT NULL,
  `adChannelId` char(36) NOT NULL,
  `productId` char(36) NOT NULL,
  `test` tinyint(1) NOT NULL,
  `active` tinyint(1) NOT NULL,
  `createdAt` timestamp NOT NULL DEFAULT CURRENT_TIMESTAMP,
  `updatedAt` timestamp NOT NULL DEFAULT CURRENT_TIMESTAMP ON UPDATE CURRENT_TIMESTAMP,
  PRIMARY KEY (`id`),
  UNIQUE KEY `pid_channel` (`adChannelId`,`productId`)
) ENGINE=InnoDB DEFAULT CHARSET=utf8mb4;
/*!40101 SET character_set_client = @saved_cs_client */;

--
-- Dumping data for table `channelParamConf`
--

LOCK TABLES `channelParamConf` WRITE;
/*!40000 ALTER TABLE `channelParamConf` DISABLE KEYS */;
/*!40000 ALTER TABLE `channelParamConf` ENABLE KEYS */;
UNLOCK TABLES;

--
-- Table structure for table `config`
--

DROP TABLE IF EXISTS `config`;
/*!40101 SET @saved_cs_client     = @@character_set_client */;
/*!40101 SET character_set_client = utf8 */;
CREATE TABLE `config` (
  `id` char(36) NOT NULL,
  `key` varchar(50) NOT NULL,
  `value` varchar(2000) NOT NULL,
  `description` varchar(200) NOT NULL,
  `configGroupId` char(36) NOT NULL,
  `creatorId` char(36) DEFAULT NULL,
  `active` tinyint(1) NOT NULL,
  `activeTime` timestamp NOT NULL DEFAULT '2020-05-01 00:00:00',
  `createdAt` timestamp NOT NULL DEFAULT CURRENT_TIMESTAMP,
  `updatedAt` timestamp NOT NULL DEFAULT CURRENT_TIMESTAMP ON UPDATE CURRENT_TIMESTAMP,
  PRIMARY KEY (`id`),
  UNIQUE KEY `idx_key` (`key`,`configGroupId`,`activeTime`)
) ENGINE=InnoDB DEFAULT CHARSET=utf8mb4;
/*!40101 SET character_set_client = @saved_cs_client */;

--
-- Dumping data for table `config`
--

LOCK TABLES `config` WRITE;
/*!40000 ALTER TABLE `config` DISABLE KEYS */;
INSERT INTO `config` VALUES ('0016c6fa-832d-4681-b91e-409516637936','normalCollectCDMax','1.5','norma对手的收牌用时最大值','02ef1912-6a65-4281-a694-43d8b75007bb',NULL,1,'2020-05-01 00:00:00','2020-07-30 20:32:16','2020-07-30 20:32:16'),('00ec1f21-459a-468a-b5c3-545f5439161f','config011','13','判断为儿童的最高年龄','8d8704e5-3987-4334-b9cc-bac2416110e6',NULL,1,'2020-05-01 00:00:00','2020-07-30 20:27:19','2020-07-30 20:27:19'),('01599399-6f5c-4601-9598-f16497af17b9','OpenAd','5','开始展示插屏的关卡','917a71bc-8002-45e5-8c9e-1fe259a6a1dc',NULL,1,'2020-05-01 00:00:00','2020-07-30 20:27:23','2020-07-30 20:27:23'),('01b4c014-d80c-406d-a1c0-793d48fcb819','OpenAd','5','开始展示插屏的关卡','dea0ddbf-68a3-4fdb-a488-84aaf2494671',NULL,1,'2020-05-01 00:00:00','2020-07-30 20:27:19','2020-07-30 20:27:19'),('01de472e-b0ec-4762-bfbe-3d891350ed94','videoTipsShuffleCount','3','连续shuffle多少次出现激励视频弹窗','26a8b698-9802-48d5-aa53-65630c7a8813',NULL,1,'2020-05-01 00:00:00','2020-07-30 20:31:35','2020-07-30 20:31:35'),('01fdc0d0-d607-427d-937a-5dcf3e81ac66','delayToChangeText','5','native文本切换倒计时','e7c95fb2-3797-4212-adb1-68b4f861a1e1',NULL,1,'2020-05-01 00:00:00','2020-07-30 20:27:19','2020-07-30 20:27:19'),('02142a06-dd45-4b78-95a1-9d067f52d040','interstitialTimeCD','90','插屏时间cd','2daaed44-e5e5-4b53-867f-987b995dc698',NULL,1,'2020-05-01 00:00:00','2020-07-30 20:27:27','2020-07-30 20:27:27'),('02556b88-061d-43a5-8fcb-b9d4386897b9','interstitialTimeCD','90','插屏时间cd','835c0271-34cf-455d-b1e7-45627a2e3788',NULL,1,'2020-05-01 00:00:00','2020-07-30 20:27:23','2020-07-30 20:27:23'),('027751cf-4457-4afa-9f26-9bf6f4263e2f','passStageReward_chapterVideoMul','4','章节激励视频奖励倍率','53896149-bf28-4c6d-bc07-9e28fc92880e',NULL,1,'2020-05-01 00:00:00','2020-07-30 20:31:35','2020-07-30 20:31:35'),('028eddde-be30-4613-9b1a-3c1e30b05d99','nativeTemplateId','1','NativeBanner模板(0旧模板，1新模板）','77322dfb-045a-4f53-92b5-c3aae9192500',NULL,1,'2020-05-01 00:00:00','2020-07-30 20:31:34','2020-07-30 20:31:34'),('02b9e615-d244-4a33-b807-e58d9cf0a23f','config010','https://sites.google.com/site/smooteprivacypolicy/','隐私政策URL','1b0ad012-6508-47a0-915e-64e865362208',NULL,1,'2020-05-01 00:00:00','2020-07-30 20:27:18','2020-07-30 20:27:18'),('02baa106-ab0d-4c73-be38-fbaee06d60be','config002','3','Menu新用户点击区域（0按钮可点；1内容可点；2全屏可点；3内容可点文字不可点）','77322dfb-045a-4f53-92b5-c3aae9192500',NULL,1,'2020-05-01 00:00:00','2020-07-30 20:31:34','2020-07-30 20:31:34'),('033718db-a637-439a-a504-e7873799d60a','iosPushPopLevel','6;50','起始关卡和间隔关卡，默认16;25，想关闭功能则设为99999;25，想只弹一次则设为16;99999','6eec7ed5-69c9-4126-a9f9-d435a6f744fb',NULL,1,'2020-05-01 00:00:00','2020-07-30 20:31:35','2020-07-30 20:31:35'),('03774fe0-5d96-49a4-8f3c-302a9e304325','config012','facebook','儿童用户不初始化SDK的渠道，半角逗号隔开','6227e907-a951-4391-ba79-8e2b4b0fb64a',NULL,1,'2020-05-01 00:00:00','2020-07-30 20:27:19','2020-07-30 20:27:19'),('039f51e7-4bfe-43d9-9984-97238400969d','config011','13','判断为儿童的最高年龄','5ad72a7a-019d-4303-9e49-208d207781eb',NULL,1,'2020-05-01 00:00:00','2020-07-30 20:27:22','2020-07-30 20:27:22'),('03edeb16-ce1a-40d5-8426-8a899e3bbb29','foregroundAdCD','120','切回游戏展示广告cd','dc340309-44d7-4fea-9cea-534e0299fe8b',NULL,1,'2020-05-01 00:00:00','2020-07-30 20:27:27','2020-07-30 20:27:27'),('03fa6c5f-8bd3-4cd9-b794-7e2da4297132','adLoadWaitingTime','5','除RewardVideo外广告等待时间','d2b6cc37-c4c6-49f8-95b6-2e41eb472d09',NULL,1,'2020-05-01 00:00:00','2020-07-30 20:32:17','2020-07-30 20:32:17'),('0453b110-b2d5-4224-8544-213eb731e8e6','openNativeBannerAddition','1','native banner广告补充开关','6e8c5916-968b-49aa-9989-972a901706fa',NULL,1,'2020-05-01 00:00:00','2020-07-30 20:27:25','2020-07-30 20:27:25'),('048178c6-e7c7-47e9-8b97-8527b1448633','delayToChangeText','5','native文本切换倒计时','766a41ed-6e68-423d-80bc-76105794e54c',NULL,1,'2020-05-01 00:00:00','2020-07-30 20:27:18','2020-07-30 20:27:18'),('049daada-104c-4e35-8f7a-bfe91cca0305','discardMenu','1800','广告丢弃时间','a696ebf2-17a6-45cf-971f-ad2108ed7265',NULL,1,'2020-05-01 00:00:00','2020-07-30 20:27:18','2020-07-30 20:27:18'),('04eb58b6-e9bd-4c90-89b0-fe3adcafc511','foregroundAdCD','120','切回游戏展示广告cd','58e88a15-363b-4dc1-b50b-ea9cc1d83e07',NULL,1,'2020-05-01 00:00:00','2020-07-30 20:27:24','2020-07-30 20:27:24'),('04f8c4c6-51ca-4828-8bd8-ff7dd881c635','tryCacheTimes','0','广告请求重试次数','f47d2a1f-6975-4eb4-85be-bc3cec6090cc',NULL,1,'2020-05-01 00:00:00','2020-07-30 20:27:21','2020-07-30 20:27:21'),('04fcfe02-fcc6-4b01-a340-fd0400ea1d4d','openNativeBannerAddition','1','native banner广告补充开关','12f8e9ff-4497-47a0-ae1f-838653c6d07f',NULL,1,'2020-05-01 00:00:00','2020-07-30 20:27:25','2020-07-30 20:27:25'),('050e2ccf-bb75-46cc-901e-5cb566afd95a','delayToChangeText','5','native文本切换倒计时','a4b3c237-110a-4381-965f-4c9d76fb6996',NULL,1,'2020-05-01 00:00:00','2020-07-30 20:27:23','2020-07-30 20:27:23'),('05999ea0-c4c7-42fd-8bdf-7da7ace883e8','config012','facebook','儿童用户不初始化SDK的渠道，半角逗号隔开','e05be2fc-fca1-43f6-aa1a-56e70ce575d7',NULL,1,'2020-05-01 00:00:00','2020-07-30 20:27:24','2020-07-30 20:27:24'),('059ced41-a12a-48b5-8c79-e4d994fc6983','aolBannerRefreshTime','30','AOL刷新时间','cdbd3e85-6a42-4000-996e-3e024ff4cc6d',NULL,1,'2020-05-01 00:00:00','2020-07-30 20:27:25','2020-07-30 20:27:25'),('05a1b6b1-2ff6-48d4-b1ef-42e0a931958a','intervalsumcd','0','投放打点中intervalvideo参数','02ef1912-6a65-4281-a694-43d8b75007bb',NULL,1,'2020-05-01 00:00:00','2020-07-30 20:32:17','2020-07-30 20:32:17'),('05cf03eb-5fef-4bba-8272-47b07def5ba8','openNativeBannerAddition','1','native banner广告补充开关','56affeb0-9960-4d05-9030-0160b2740603',NULL,1,'2020-05-01 00:00:00','2020-07-30 20:27:23','2020-07-30 20:27:23'),('05e025b6-f607-43c3-8fb3-e1e29ec0fd3c','boardskinlock','0;0;20;50;90;150','皮肤解锁关卡','22a29ccf-1367-4ecc-ad8f-bbd955047936',NULL,1,'2020-05-01 00:00:00','2020-07-30 20:31:36','2020-07-30 20:31:36'),('05f9a83d-6ea7-4bde-8d80-b867dc8aae81','bannerTimeCD','15','banner内部刷新cd','6d0212b8-1a34-4ab3-9ef2-170e0c0148eb',NULL,1,'2020-05-01 00:00:00','2020-07-30 20:31:36','2020-07-30 20:31:36'),('0606888c-819b-476e-93f6-24fc1cd76119','discardVideo','1800','广告丢弃时间','09a6f3a0-581c-4b7b-a93e-5c21b12a5abd',NULL,1,'2020-05-01 00:00:00','2020-07-30 20:27:22','2020-07-30 20:27:22'),('0628cdd8-aeca-4ae6-b029-e4321a753799','discardInterstitial','1800','广告丢弃时间','e7c95fb2-3797-4212-adb1-68b4f861a1e1',NULL,1,'2020-05-01 00:00:00','2020-07-30 20:27:19','2020-07-30 20:27:19'),('0659ff3b-dfbd-41a1-9e76-56258784df2c','discardNative','1800','广告丢弃时间','402fc850-1507-48e1-92a2-e6b2338b6321',NULL,1,'2020-05-01 00:00:00','2020-07-30 20:27:20','2020-07-30 20:27:20'),('06862f4b-a6a1-4b15-a139-adc36d129a9b','discardMenu','1800','广告丢弃时间','5497fa84-5a40-45e0-bdee-6819533e44fe',NULL,1,'2020-05-01 00:00:00','2020-07-30 20:27:25','2020-07-30 20:27:25'),('06b917b5-c7fd-4950-bc7e-7c87f6c6fac8','config013','true','GDPR+谷歌儿童政策弹窗是否开启','bf7f3d98-ce82-450d-9cfe-23aac2fc195c',NULL,1,'2020-05-01 00:00:00','2020-07-30 20:27:19','2020-07-30 20:27:19'),('06da8b7f-1c47-4ccb-aa77-ab4a1060ae11','config012','facebook','儿童用户不初始化SDK的渠道，半角逗号隔开','b1f7f2f4-c16b-4a5e-ac14-764f11662086',NULL,1,'2020-05-01 00:00:00','2020-07-30 20:27:26','2020-07-30 20:27:26'),('070998e1-4654-4731-ba6e-4734db0bb98f','discardBanner','1800','广告丢弃时间','bf744ec9-0766-414d-9226-deb7f504e2da',NULL,1,'2020-05-01 00:00:00','2020-07-30 20:27:20','2020-07-30 20:27:20'),('07b0424f-d0eb-4ce4-8dad-3d7b8c28309e','foregroundAdCD','120','切回游戏展示广告cd','5ad72a7a-019d-4303-9e49-208d207781eb',NULL,1,'2020-05-01 00:00:00','2020-07-30 20:27:22','2020-07-30 20:27:22'),('08022ab9-a3dd-46ab-8e91-68847bcf9f5a','aolBannerRefreshTime','30','AOL刷新时间','64529814-3cba-49ed-bee4-0487b65be20c',NULL,1,'2020-05-01 00:00:00','2020-07-30 20:27:24','2020-07-30 20:27:24'),('080c34c2-ebb2-4fbf-88c4-5244731ab90c','config012','facebook','儿童用户不初始化SDK的渠道，半角逗号隔开','2e899833-45ab-49ef-af7c-98c3e8ce960f',NULL,1,'2020-05-01 00:00:00','2020-07-30 20:27:21','2020-07-30 20:27:21'),('080e3502-4edd-4134-a9b8-ad5e5acfa266','config011','13','判断为儿童的最高年龄','56affeb0-9960-4d05-9030-0160b2740603',NULL,1,'2020-05-01 00:00:00','2020-07-30 20:27:23','2020-07-30 20:27:23'),('086cdc0c-c263-4de2-bdd1-915755f79c17','openNativeBannerAddition','1','native banner广告补充开关','e4c4b2e2-acbb-4ea9-b8ac-b4dac2b32202',NULL,1,'2020-05-01 00:00:00','2020-07-30 20:27:18','2020-07-30 20:27:18'),('08c52d37-7ff5-412f-87ef-40979b53400c','delayToNextCache','60','广告重试的间隔','449fa7b8-2e10-4e4c-a573-cf605525fc46',NULL,1,'2020-05-01 00:00:00','2020-07-30 20:27:20','2020-07-30 20:27:20'),('094bd93f-12cd-4459-9ab8-15b99c908d67','interstitialTimeCD','90','插屏时间cd','45d53fa5-2193-483f-8752-b788da07ee9d',NULL,1,'2020-05-01 00:00:00','2020-07-30 20:27:26','2020-07-30 20:27:26'),('099924d8-9693-4605-b37c-956e2d0192a0','config005','3','NativeBanner旧用户点击区域','d2b6cc37-c4c6-49f8-95b6-2e41eb472d09',NULL,1,'2020-05-01 00:00:00','2020-07-30 20:32:17','2020-07-30 20:32:17'),('099ca640-b6bf-4e87-8939-253aefa951a3','dailybonusappear','11','每日登录奖励出现关卡','254e3a35-1b6f-47ac-8cb6-e2360526381d',NULL,1,'2020-05-01 00:00:00','2020-07-30 20:31:33','2020-07-30 20:31:33'),('09c5bbb9-3daf-44e0-83c2-84da3a8e8f47','discardBanner','1800','广告丢弃时间','271c1b6a-89e0-439b-9607-bfb9bdb24b7c',NULL,1,'2020-05-01 00:00:00','2020-07-30 20:27:24','2020-07-30 20:27:24'),('09e7f38d-270d-4cc2-84c8-216c9cd5cf04','discardVideo','1800','广告丢弃时间','f47d2a1f-6975-4eb4-85be-bc3cec6090cc',NULL,1,'2020-05-01 00:00:00','2020-07-30 20:27:21','2020-07-30 20:27:21'),('0a65ac0f-73ba-4a33-9685-179ca81d5138','discardNative','1800','广告丢弃时间','8c1b734a-abd7-464f-950f-9b10314aa657',NULL,1,'2020-05-01 00:00:00','2020-07-30 20:27:27','2020-07-30 20:27:27'),('0adaf3f2-c711-442f-a84c-2d8b1ef99574','config011','13','判断为儿童的最高年龄','f5ec9a45-78ba-4b6f-ad50-c10d937132f7',NULL,1,'2020-05-01 00:00:00','2020-07-30 20:27:22','2020-07-30 20:27:22'),('0b0bb919-4b4c-4e68-83ed-e40a0dd32e39','config013','true','GDPR+谷歌儿童政策弹窗是否开启','f5ec9a45-78ba-4b6f-ad50-c10d937132f7',NULL,1,'2020-05-01 00:00:00','2020-07-30 20:27:22','2020-07-30 20:27:22'),('0b6aaadb-f42f-401b-8609-dfe30534d8c3','config013','true','GDPR+谷歌儿童政策弹窗是否开启','9e192225-401b-459d-a763-a1a0e8d3b3d1',NULL,1,'2020-05-01 00:00:00','2020-07-30 20:27:23','2020-07-30 20:27:23'),('0b75e832-044c-4571-a546-09b5666e1423','interstitialTimeCD','90','插屏时间cd','13f3cad9-a21f-4d19-9939-49433f4b857d',NULL,1,'2020-05-01 00:00:00','2020-07-30 20:27:25','2020-07-30 20:27:25'),('0bdc4359-351b-4fd8-a713-6d363028843c','aolBannerRefreshTime','30','AOL刷新时间','8c1b734a-abd7-464f-950f-9b10314aa657',NULL,1,'2020-05-01 00:00:00','2020-07-30 20:27:27','2020-07-30 20:27:27'),('0bfb7263-c3e4-4fe8-8ec1-3a561b1fbd2d','bannerTimeCD','15','banner内部刷新cd','f1da0374-eeba-4319-b250-dc0ea165bba0',NULL,1,'2020-05-01 00:00:00','2020-07-30 20:27:24','2020-07-30 20:27:24'),('0c121b0c-4088-429c-8e25-a02acd326d25','discardRewardVideo','1800','广告丢弃时间','271c1b6a-89e0-439b-9607-bfb9bdb24b7c',NULL,1,'2020-05-01 00:00:00','2020-07-30 20:27:24','2020-07-30 20:27:24'),('0d0cec29-47f4-49e5-9a9c-bca3a2541e2d','discardInterstitial','1800','广告丢弃时间','d03ff918-8790-4782-bb0d-f6f826c39095',NULL,1,'2020-05-01 00:00:00','2020-07-30 20:27:21','2020-07-30 20:27:21'),('0d244fe7-1346-45ec-ac3d-c9c563dc6723','discardRewardVideo','1800','广告丢弃时间','402fc850-1507-48e1-92a2-e6b2338b6321',NULL,1,'2020-05-01 00:00:00','2020-07-30 20:27:21','2020-07-30 20:27:21'),('0d3a01c8-5203-4453-a7be-5986b5ffd524','foregroundAdCD','120','切回游戏展示广告cd','e4c4b2e2-acbb-4ea9-b8ac-b4dac2b32202',NULL,1,'2020-05-01 00:00:00','2020-07-30 20:27:18','2020-07-30 20:27:18'),('0d4008ca-380d-47d4-8cc5-26b147e65582','rewardVideoShopNumPerDay','5','商店领取道具视频次数','02ef1912-6a65-4281-a694-43d8b75007bb',NULL,1,'2020-05-01 00:00:00','2020-07-30 20:32:17','2020-07-30 20:32:17'),('0e489808-6015-4a53-86d1-e28518e0f9d3','passStageReward_levelConfig','12;32;5;2|35;62;3;2|67;9999;4;3','过关激励视频关卡号条件，a;b;c;d为一个关卡区间，(level >= a 且 level <= b 且 level % c == d)，区间数量可变。','22a29ccf-1367-4ecc-ad8f-bbd955047936',NULL,1,'2020-05-01 00:00:00','2020-07-30 20:31:36','2020-07-30 20:31:36'),('0eaf9a54-8d35-438a-913a-a0fe70382d04','notifyQueue','1;0','自定义通知队列{位置1->免费提示字,位置2->免费金币...}开启状态(0/1) 1为开启','8954b70f-2587-474f-b4ef-72c65f20d31c',NULL,1,'2020-05-01 00:00:00','2020-07-30 20:31:34','2020-07-30 20:31:34'),('0eb5b8e3-93fa-4cd7-894b-8e3c746079f8','videoadreward','0.8;0.85','激励视频广告钱数','53896149-bf28-4c6d-bc07-9e28fc92880e',NULL,1,'2020-05-01 00:00:00','2020-07-30 20:31:34','2020-07-30 20:31:34'),('0eca9fdc-1370-4dd5-91ac-083651323690','nativeMenuTimeCD','180','Native_Menu时间cd','1a6ec88c-4800-49c1-908f-da76985a73dd',NULL,1,'2020-05-01 00:00:00','2020-07-30 20:27:22','2020-07-30 20:27:22'),('0ed84fb6-040d-4e1a-b8ac-3dec7d272c21','config013','true','GDPR+谷歌儿童政策弹窗是否开启','33d5453a-a69d-44a7-8fcc-6eecb8e5ec70',NULL,1,'2020-05-01 00:00:00','2020-07-30 20:27:21','2020-07-30 20:27:21'),('0ee491ca-7067-4520-a934-e2763f6e7e3e','delayToNextCache','60','广告重试的间隔','47e265c0-7db7-4e6e-8389-2ba40d1078bb',NULL,1,'2020-05-01 00:00:00','2020-07-30 20:27:22','2020-07-30 20:27:22'),('0f0210fd-a483-4672-9be8-b0f1b4e203b1','config011','13','判断为儿童的最高年龄','11423f6d-0979-432f-a947-77ff327feeba',NULL,1,'2020-05-01 00:00:00','2020-07-30 20:27:24','2020-07-30 20:27:24'),('0f0d9517-6e53-45b9-9ade-b537a9d43117','popupsAfterShop','0','商店界面后弹出弹窗类型1分享2广告','254e3a35-1b6f-47ac-8cb6-e2360526381d',NULL,1,'2020-05-01 00:00:00','2020-07-30 20:31:33','2020-07-30 20:31:33'),('0f33fdd9-663b-40ae-85b7-0c0fec6078e2','interstitialCD','0','插屏广告的cd','cdbd3e85-6a42-4000-996e-3e024ff4cc6d',NULL,1,'2020-05-01 00:00:00','2020-07-30 20:27:25','2020-07-30 20:27:25'),('0f3f4a0e-3435-4557-9176-6943305d8813','rateinterval','10','评价弹窗出现间隔','8954b70f-2587-474f-b4ef-72c65f20d31c',NULL,1,'2020-05-01 00:00:00','2020-07-30 20:31:34','2020-07-30 20:31:34'),('0fa10754-3bec-4cbe-912f-fbc30fe12919','dailyrewardcount','100','每日可以看激励视频次数','8954b70f-2587-474f-b4ef-72c65f20d31c',NULL,1,'2020-05-01 00:00:00','2020-07-30 20:31:34','2020-07-30 20:31:34'),('0fa6d2b5-9ec7-4b95-b178-37516e05d33c','config010','https://sites.google.com/site/smooteprivacypolicy/','隐私政策URL','6227e907-a951-4391-ba79-8e2b4b0fb64a',NULL,1,'2020-05-01 00:00:00','2020-07-30 20:27:19','2020-07-30 20:27:19'),('0faf433a-74b6-49c5-a8a8-838115556828','discardRewardVideo','1800','广告丢弃时间','fb07f7e4-2810-429d-9eaf-aebf1e50385e',NULL,1,'2020-05-01 00:00:00','2020-07-30 20:27:26','2020-07-30 20:27:26'),('0ff4f30b-2a39-42ca-9813-4cda3a01bfe2','discardMenu','1800','广告丢弃时间','8c1b734a-abd7-464f-950f-9b10314aa657',NULL,1,'2020-05-01 00:00:00','2020-07-30 20:27:27','2020-07-30 20:27:27'),('1029f2ae-1a19-43eb-986f-dbbabede5f45','discardInterstitial','1800','广告丢弃时间','a4b3c237-110a-4381-965f-4c9d76fb6996',NULL,1,'2020-05-01 00:00:00','2020-07-30 20:27:23','2020-07-30 20:27:23'),('1043601a-1377-432d-880a-32dd447b7607','config050','https://sites.google.com/site/termsofwordcross/','服务条款说明地址','a8261063-c1c6-4d03-b42d-6730b33b8f45',NULL,1,'2020-05-01 00:00:00','2020-07-30 20:31:35','2020-07-30 20:31:35'),('10ad27b7-3be0-4099-8a17-4c5a20a36f66','config010','https://sites.google.com/site/smooteprivacypolicy/','隐私政策URL','e506c1a2-ebff-404b-bb3e-c611fb026281',NULL,1,'2020-05-01 00:00:00','2020-07-30 20:27:18','2020-07-30 20:27:18'),('10b74c8f-3ec8-436d-826f-6599491cc0e1','config012','facebook','儿童用户不初始化SDK的渠道，半角逗号隔开','8d8704e5-3987-4334-b9cc-bac2416110e6',NULL,1,'2020-05-01 00:00:00','2020-07-30 20:27:20','2020-07-30 20:27:20'),('10cc4b16-e59e-45fe-b6ac-38ae1323707a','discardBanner','1800','广告丢弃时间','2daaed44-e5e5-4b53-867f-987b995dc698',NULL,1,'2020-05-01 00:00:00','2020-07-30 20:27:27','2020-07-30 20:27:27'),('10d7efea-30a7-4dca-b4c5-47b86fe69e59','foregroundAdCD','120','切回游戏展示广告cd','93456038-4afc-4a42-baef-17c37841d813',NULL,1,'2020-05-01 00:00:00','2020-07-30 20:27:20','2020-07-30 20:27:20'),('10dcc15b-27be-405a-8c93-36c720dfc427','config048','true','是否打开弹窗 :true有弹窗 ,false无弹窗','ca0c186b-acbe-4d4f-8079-1dd1f8b6aa66',NULL,1,'2020-05-01 00:00:00','2020-07-30 20:31:35','2020-07-30 20:31:35'),('10e39ac7-1f3a-4505-ab71-3c8e2ae18107','interstitialCD','0','插屏广告的cd','8c1b734a-abd7-464f-950f-9b10314aa657',NULL,1,'2020-05-01 00:00:00','2020-07-30 20:27:27','2020-07-30 20:27:27'),('110309dd-6645-4c20-9ef7-fe915a66f1d4','discardVideo','1800','广告丢弃时间','d03ff918-8790-4782-bb0d-f6f826c39095',NULL,1,'2020-05-01 00:00:00','2020-07-30 20:27:21','2020-07-30 20:27:21'),('11210e19-8024-4524-b550-4b6d380e32de','foregroundAdCD','120','切回游戏展示广告cd','ea815942-8ab7-43b4-bae3-40c1e0e53ce0',NULL,1,'2020-05-01 00:00:00','2020-07-30 20:27:20','2020-07-30 20:27:20'),('11476c8c-9bc1-4afd-be95-4a87fa60a863','aolBannerRefreshTime','30','AOL刷新时间','358cdbde-075c-4f20-b8d6-0c9ac6a5ac35',NULL,1,'2020-05-01 00:00:00','2020-07-30 20:27:26','2020-07-30 20:27:26'),('11805aa7-66a7-4119-8343-00675a347d49','bannerTimeCD','15','banner内部刷新cd','402fc850-1507-48e1-92a2-e6b2338b6321',NULL,1,'2020-05-01 00:00:00','2020-07-30 20:27:20','2020-07-30 20:27:20'),('11d065de-617f-413a-9a67-f06cd113826e','playdaysum','0','投放打点中rewardvideo参数','02ef1912-6a65-4281-a694-43d8b75007bb',NULL,1,'2020-05-01 00:00:00','2020-07-30 20:32:17','2020-07-30 20:32:17'),('11d20016-bb3f-4cbf-a9d0-f1f739997a09','OpenAd','5','开始展示插屏的关卡','12f8e9ff-4497-47a0-ae1f-838653c6d07f',NULL,1,'2020-05-01 00:00:00','2020-07-30 20:27:25','2020-07-30 20:27:25'),('11d75aa7-39cf-44e2-aa34-919c6b3b0774','aolBannerRefreshTime','30','AOL刷新时间','77322dfb-045a-4f53-92b5-c3aae9192500',NULL,1,'2020-05-01 00:00:00','2020-07-30 20:31:34','2020-07-30 20:31:34'),('12683d01-be5a-491d-b052-88953759c94b','rewardWandNumEveryDay','3','每日领取免费魔法棒数量','02ef1912-6a65-4281-a694-43d8b75007bb',NULL,1,'2020-05-01 00:00:00','2020-07-30 20:32:17','2020-07-30 20:32:17'),('12d277e1-af95-4b14-bb3f-d58fa75ee8b7','config012','facebook','儿童用户不初始化SDK的渠道，半角逗号隔开','917a71bc-8002-45e5-8c9e-1fe259a6a1dc',NULL,1,'2020-05-01 00:00:00','2020-07-30 20:27:23','2020-07-30 20:27:23'),('12d360ec-6e6c-4137-bdbd-4b67d4d47fcf','discardRewardVideo','1800','广告丢弃时间','37956cfa-e476-4792-9993-2501c51fd489',NULL,1,'2020-05-01 00:00:00','2020-07-30 20:27:26','2020-07-30 20:27:26'),('137f9f82-a97e-4502-ae56-27bca99a0565','delayToNextCache','60','广告重试的间隔','a4b3c237-110a-4381-965f-4c9d76fb6996',NULL,1,'2020-05-01 00:00:00','2020-07-30 20:27:23','2020-07-30 20:27:23'),('138c7e6f-25ff-41bd-811e-63f1e81d318f','openNativeBannerAddition','1','native banner广告补充开关','e05be2fc-fca1-43f6-aa1a-56e70ce575d7',NULL,1,'2020-05-01 00:00:00','2020-07-30 20:27:24','2020-07-30 20:27:24'),('13a1c0d6-9445-49ba-a554-f4e72520c3d1','videoadreward','0.8;0.85','激励视频广告钱数','22a29ccf-1367-4ecc-ad8f-bbd955047936',NULL,1,'2020-05-01 00:00:00','2020-07-30 20:31:36','2020-07-30 20:31:36'),('13c18988-f680-4be6-8e3a-89d6df410eb8','bannerRefreshTime','30','Banner请求cd','e2ab3a48-8f79-4b13-ab07-04202238384a',NULL,1,'2020-05-01 00:00:00','2020-07-30 20:27:20','2020-07-30 20:27:20'),('13d51b82-1708-4c8d-994c-1cd12cd5ec9f','battleReward_type4','30','对战奖励3张牌4个人','02ef1912-6a65-4281-a694-43d8b75007bb',NULL,1,'2020-05-01 00:00:00','2020-07-30 20:32:17','2020-07-30 20:32:17'),('140d0ec4-40a2-4293-a39f-4fe428c4bae8','config010','https://sites.google.com/site/smooteprivacypolicy/','隐私政策URL','8d8704e5-3987-4334-b9cc-bac2416110e6',NULL,1,'2020-05-01 00:00:00','2020-07-30 20:27:19','2020-07-30 20:27:19'),('140fbe07-1fd2-48fb-988a-359267e2e539','aolBannerRefreshTime','30','AOL刷新时间','a4b3c237-110a-4381-965f-4c9d76fb6996',NULL,1,'2020-05-01 00:00:00','2020-07-30 20:27:23','2020-07-30 20:27:23'),('143277b9-0c83-48fc-bb53-f896028063af','delayToChangeText','5','native文本切换倒计时','e2ab3a48-8f79-4b13-ab07-04202238384a',NULL,1,'2020-05-01 00:00:00','2020-07-30 20:27:20','2020-07-30 20:27:20'),('147be421-8116-4322-bd6e-4c9844e801bd','dailybonus','25;35;45;55;65;75;90','每日登录奖励数值','8954b70f-2587-474f-b4ef-72c65f20d31c',NULL,1,'2020-05-01 00:00:00','2020-07-30 20:31:34','2020-07-30 20:31:34'),('165a5f06-e2ef-4e3c-87c4-86452531bd32','discardBanner','1800','广告丢弃时间','09a6f3a0-581c-4b7b-a93e-5c21b12a5abd',NULL,1,'2020-05-01 00:00:00','2020-07-30 20:27:22','2020-07-30 20:27:22'),('167fd6d7-7047-49b4-87f0-3cff4134ac02','interstitialTimeCD','90','插屏时间cd','402fc850-1507-48e1-92a2-e6b2338b6321',NULL,1,'2020-05-01 00:00:00','2020-07-30 20:27:20','2020-07-30 20:27:20'),('16e7863d-ff43-472d-8a9f-3e98ef457c4d','discardBanner','1800','广告丢弃时间','8c1b734a-abd7-464f-950f-9b10314aa657',NULL,1,'2020-05-01 00:00:00','2020-07-30 20:27:27','2020-07-30 20:27:27'),('16ea0d88-d370-4962-8189-bb55f027a174','discardMenu','1800','广告丢弃时间','26c3caed-1ef5-406a-9122-dc1b0c321044',NULL,1,'2020-05-01 00:00:00','2020-07-30 20:27:19','2020-07-30 20:27:19'),('170666be-5f41-4ec9-a04b-569f457111e9','dailybonus','25;35;45;55;65;75;90','每日登录奖励数值','254e3a35-1b6f-47ac-8cb6-e2360526381d',NULL,1,'2020-05-01 00:00:00','2020-07-30 20:31:33','2020-07-30 20:31:33'),('171095d1-3ea1-4b04-a14d-5c9ca1147f4d','foregroundAdCD','120','切回游戏展示广告cd','2e899833-45ab-49ef-af7c-98c3e8ce960f',NULL,1,'2020-05-01 00:00:00','2020-07-30 20:27:21','2020-07-30 20:27:21'),('173f0920-8c57-425c-9d12-abaf97a7ee00','openNativeBannerAddition','1','native banner广告补充开关','bf7f3d98-ce82-450d-9cfe-23aac2fc195c',NULL,1,'2020-05-01 00:00:00','2020-07-30 20:27:19','2020-07-30 20:27:19'),('1794a1b2-a7ef-4ad2-bfcd-caa0c24d7c65','config011','13','判断为儿童的最高年龄','af061380-0d10-4118-b32d-da2faf5f5f2c',NULL,1,'2020-05-01 00:00:00','2020-07-30 20:27:21','2020-07-30 20:27:21'),('17e37238-1566-41f8-b43e-9cc24fc2bfb9','bannerRefreshTime','30','Banner请求cd','d03ff918-8790-4782-bb0d-f6f826c39095',NULL,1,'2020-05-01 00:00:00','2020-07-30 20:27:21','2020-07-30 20:27:21'),('17eb1e0c-5dda-48e1-bf53-bbbca555840e','aolBannerRefreshTime','30','AOL刷新时间','2b582d59-ee7f-4c2f-b62e-55781fa67709',NULL,1,'2020-05-01 00:00:00','2020-07-30 20:27:24','2020-07-30 20:27:24'),('17f0d9d0-4532-405f-887d-5df3db0d9c70','wheel_switch','0','功能开关：0为弹窗看视频得提示字母，1为转盘方案，默认使用0提示字母方案','254e3a35-1b6f-47ac-8cb6-e2360526381d',NULL,1,'2020-05-01 00:00:00','2020-07-30 20:31:33','2020-07-30 20:31:33'),('181eee93-4499-487f-bc0b-fdbbf708eee8','foregroundAdCD','120','切回游戏展示广告cd','767967e4-fe2b-4a89-9abe-a707a398d4b8',NULL,1,'2020-05-01 00:00:00','2020-07-30 20:27:26','2020-07-30 20:27:26'),('18a713d6-5a5e-476f-a4c6-5d4a7a27ec2f','aolBannerRefreshTime','30','AOL刷新时间','99e96dc9-a372-4e36-92de-8f5d5e2e9b4b',NULL,1,'2020-05-01 00:00:00','2020-07-30 20:27:25','2020-07-30 20:27:25'),('191865e0-e548-4e23-9cca-a1f2c0d71eb3','battleCoin1','10','结束金币总数量一张牌','02ef1912-6a65-4281-a694-43d8b75007bb',NULL,1,'2020-05-01 00:00:00','2020-07-30 20:32:16','2020-07-30 20:32:16'),('1a0a00a4-8005-4d39-a833-2624bb0bc1a0','wheel_switch','0','功能开关：0为弹窗看视频得提示字母，1为转盘方案，默认使用0提示字母方案','8954b70f-2587-474f-b4ef-72c65f20d31c',NULL,1,'2020-05-01 00:00:00','2020-07-30 20:31:34','2020-07-30 20:31:34'),('1a2987b0-e4bf-4976-8a49-e51c49210f57','discardMenu','1800','广告丢弃时间','e2ab3a48-8f79-4b13-ab07-04202238384a',NULL,1,'2020-05-01 00:00:00','2020-07-30 20:27:20','2020-07-30 20:27:20'),('1ad5b6e4-4507-4333-8380-8e8cd6ed8a50','discardRewardVideo','1800','广告丢弃时间','64529814-3cba-49ed-bee4-0487b65be20c',NULL,1,'2020-05-01 00:00:00','2020-07-30 20:27:24','2020-07-30 20:27:24'),('1adc3d49-4150-4a64-a817-c11e0476df45','bannerRefreshTime','30','Banner请求cd','835c0271-34cf-455d-b1e7-45627a2e3788',NULL,1,'2020-05-01 00:00:00','2020-07-30 20:27:23','2020-07-30 20:27:23'),('1aff43b4-2aa9-4f29-953b-0a39117f5fad','config013','true','GDPR+谷歌儿童政策弹窗是否开启','6227e907-a951-4391-ba79-8e2b4b0fb64a',NULL,1,'2020-05-01 00:00:00','2020-07-30 20:27:19','2020-07-30 20:27:19'),('1b414e9e-b4f6-4cd7-b3b2-27aaad3de55d','foregroundAdCD','120','切回游戏展示广告cd','12f8e9ff-4497-47a0-ae1f-838653c6d07f',NULL,1,'2020-05-01 00:00:00','2020-07-30 20:27:25','2020-07-30 20:27:25'),('1b4838c6-43f1-4ab9-946c-b20a9a0309cb','rateinterval','40','评价弹窗出现间隔','53896149-bf28-4c6d-bc07-9e28fc92880e',NULL,1,'2020-05-01 00:00:00','2020-07-30 20:31:34','2020-07-30 20:31:34'),('1b5ec468-5e12-4a46-950e-26a981c7da4e','openNativeBannerAddition','1','native banner广告补充开关','dea0ddbf-68a3-4fdb-a488-84aaf2494671',NULL,1,'2020-05-01 00:00:00','2020-07-30 20:27:19','2020-07-30 20:27:19'),('1b6a38ee-bc00-410b-8d66-5de4ad5e582f','config001','1','NativeBrand出现时间（用户实际游戏时长，秒）','d2b6cc37-c4c6-49f8-95b6-2e41eb472d09',NULL,1,'2020-05-01 00:00:00','2020-07-30 20:32:17','2020-07-30 20:32:17'),('1b87e096-1ab7-4016-b465-09adaa2a4216','passStageReward_levelConfig','12;32;5;2|35;62;3;2|67;9999;4;3','过关激励视频关卡号条件，a;b;c;d为一个关卡区间，(level >= a 且 level <= b 且 level % c == d)，区间数量可变。','8954b70f-2587-474f-b4ef-72c65f20d31c',NULL,1,'2020-05-01 00:00:00','2020-07-30 20:31:34','2020-07-30 20:31:34'),('1b9bfece-9b2e-4de2-8368-17bfdda2a4e1','bannerTimeCD','15','banner内部刷新cd','99e96dc9-a372-4e36-92de-8f5d5e2e9b4b',NULL,1,'2020-05-01 00:00:00','2020-07-30 20:27:25','2020-07-30 20:27:25'),('1b9ff297-6def-4243-a319-255d7615d161','interstitialCD','0','插屏广告的cd','5497fa84-5a40-45e0-bdee-6819533e44fe',NULL,1,'2020-05-01 00:00:00','2020-07-30 20:27:25','2020-07-30 20:27:25'),('1bf41ba7-a68f-452f-9fd9-d032fdbb1d23','config010','https://sites.google.com/site/smooteprivacypolicy/','隐私政策URL','9e192225-401b-459d-a763-a1a0e8d3b3d1',NULL,1,'2020-05-01 00:00:00','2020-07-30 20:27:23','2020-07-30 20:27:23'),('1c46e4c5-9145-4fe3-8ae5-57b87006b9c4','interstitialTimeCD','90','插屏时间cd','358cdbde-075c-4f20-b8d6-0c9ac6a5ac35',NULL,1,'2020-05-01 00:00:00','2020-07-30 20:27:26','2020-07-30 20:27:26'),('1cce16c3-b859-4ac9-bf0d-78406d196510','config004','3','NativeBanner新用户点击区域（0按钮可点；1内容可点；2全屏可点；3内容可点文字不可点）','6d0212b8-1a34-4ab3-9ef2-170e0c0148eb',NULL,1,'2020-05-01 00:00:00','2020-07-30 20:31:36','2020-07-30 20:31:36'),('1cff6f44-2ae6-43da-b8b0-d5e85c43bc79','interstitialCD','0','插屏广告的cd','26c3caed-1ef5-406a-9122-dc1b0c321044',NULL,1,'2020-05-01 00:00:00','2020-07-30 20:27:18','2020-07-30 20:27:18'),('1d005fd4-a08e-435a-a8aa-c7d660fbea09','tryCacheTimes','0','广告请求重试次数','358cdbde-075c-4f20-b8d6-0c9ac6a5ac35',NULL,1,'2020-05-01 00:00:00','2020-07-30 20:27:26','2020-07-30 20:27:26'),('1d0c3e11-b0b5-4daf-99a0-4d7d0edf6fa3','popMaxRewardNum','100','商店界面后弹出的广告2，每日广告上限','6eec7ed5-69c9-4126-a9f9-d435a6f744fb',NULL,1,'2020-05-01 00:00:00','2020-07-30 20:31:35','2020-07-30 20:31:35'),('1d39ae4f-683e-4636-a608-acdd7a182ba9','OpenAd','5','开始展示插屏的关卡','001b7152-be62-4861-949f-e5c50d0a646e',NULL,1,'2020-05-01 00:00:00','2020-07-30 20:27:24','2020-07-30 20:27:24'),('1d5ca25d-556f-4bc3-8b6a-33c058c5c8bf','interstitialTimeCD','90','插屏时间cd','5497fa84-5a40-45e0-bdee-6819533e44fe',NULL,1,'2020-05-01 00:00:00','2020-07-30 20:27:25','2020-07-30 20:27:25'),('1e61a8b3-678b-407a-b412-131373aa0a54','config012','facebook','儿童用户不初始化SDK的渠道，半角逗号隔开','9bb86e38-2898-4029-a42d-f4bfded7068b',NULL,1,'2020-05-01 00:00:00','2020-07-30 20:27:22','2020-07-30 20:27:22'),('1e93da1e-9d55-4a04-a68b-dfc2e76f1b20','discardNative','1800','广告丢弃时间','49f52f76-adbe-40a2-898b-b3ce002c7b11',NULL,1,'2020-05-01 00:00:00','2020-07-30 20:27:23','2020-07-30 20:27:23'),('1e9c25c4-747a-4101-8a1a-e60c8a618c5c','OpenAd','5','开始展示插屏的关卡','bf7f3d98-ce82-450d-9cfe-23aac2fc195c',NULL,1,'2020-05-01 00:00:00','2020-07-30 20:27:19','2020-07-30 20:27:19'),('1ea11ebe-f7b7-46c1-bb94-c7212c4d87bb','passStageReward_levelConfig','12;32;5;2|35;62;3;2|67;9999;4;3','过关激励视频关卡号条件，a;b;c;d为一个关卡区间，(level >= a 且 level <= b 且 level % c == d)，区间数量可变。','26a8b698-9802-48d5-aa53-65630c7a8813',NULL,1,'2020-05-01 00:00:00','2020-07-30 20:31:36','2020-07-30 20:31:36'),('1ed6c087-dc99-4280-8277-1865f1cc08b0','config004','3','NativeBanner新用户点击区域（0按钮可点；1内容可点；2全屏可点；3内容可点文字不可点）','d2b6cc37-c4c6-49f8-95b6-2e41eb472d09',NULL,1,'2020-05-01 00:00:00','2020-07-30 20:32:17','2020-07-30 20:32:17'),('1efbed3c-1538-4012-8caa-6aabead0a9cc','delayToChangeText','5','native文本切换倒计时','449fa7b8-2e10-4e4c-a573-cf605525fc46',NULL,1,'2020-05-01 00:00:00','2020-07-30 20:27:20','2020-07-30 20:27:20'),('1fa4dfe7-ac98-494f-92c9-007ee3683c65','tryCacheTimes','0','广告请求重试次数','8c1b734a-abd7-464f-950f-9b10314aa657',NULL,1,'2020-05-01 00:00:00','2020-07-30 20:27:27','2020-07-30 20:27:27'),('1fc9374f-b8f9-4717-8f12-7bdd55104547','OpenAd','5','开始展示插屏的关卡','f5ec9a45-78ba-4b6f-ad50-c10d937132f7',NULL,1,'2020-05-01 00:00:00','2020-07-30 20:27:22','2020-07-30 20:27:22'),('1fdfcc67-0bfd-4128-812f-28403406d17c','nativeMenuTimeCD','180','Native_Menu时间cd','37956cfa-e476-4792-9993-2501c51fd489',NULL,1,'2020-05-01 00:00:00','2020-07-30 20:27:26','2020-07-30 20:27:26'),('2006b4bb-1994-4cd0-8cb5-f72d80966894','secretStageConfig','3;10;10;0;10;10;2;2;3','生命；倒计时；初始得分；额外分；最大得分；换算系数1；换算系数2；激励视频奖励倍率;复活倒计时','3888fbd2-291f-4072-8e5c-1696aad0b267',NULL,1,'2020-05-01 00:00:00','2020-07-30 20:31:35','2020-07-30 20:31:35'),('20335a61-1ece-4b88-93e3-e31443500218','discardRewardVideo','1800','广告丢弃时间','99e96dc9-a372-4e36-92de-8f5d5e2e9b4b',NULL,1,'2020-05-01 00:00:00','2020-07-30 20:27:25','2020-07-30 20:27:25'),('20452f3c-018b-4392-834d-b6fc6bc28324','rateinterval','10','评价弹窗出现间隔','254e3a35-1b6f-47ac-8cb6-e2360526381d',NULL,1,'2020-05-01 00:00:00','2020-07-30 20:31:33','2020-07-30 20:31:33'),('205868f2-43e4-4c40-9476-156ef0c6b26a','collectCDRate','1','分差影响的收牌概率','02ef1912-6a65-4281-a694-43d8b75007bb',NULL,1,'2020-05-01 00:00:00','2020-07-30 20:32:16','2020-07-30 20:32:16'),('20a9a975-3d7c-44ad-bb71-8f13c7963807','nativeMenuTimeCD','180','Native_Menu时间cd','47e265c0-7db7-4e6e-8389-2ba40d1078bb',NULL,1,'2020-05-01 00:00:00','2020-07-30 20:27:22','2020-07-30 20:27:22'),('20c7183b-2df1-453c-8804-20f02df32b99','nativeMenuTimeCD','180','Native_Menu时间cd','26c3caed-1ef5-406a-9122-dc1b0c321044',NULL,1,'2020-05-01 00:00:00','2020-07-30 20:27:19','2020-07-30 20:27:19'),('213c3ead-ccf8-472d-bd78-85ee3eb98bfb','bannerTimeCD','20','banner内部刷新cd','d2b6cc37-c4c6-49f8-95b6-2e41eb472d09',NULL,1,'2020-05-01 00:00:00','2020-07-30 20:32:17','2020-07-30 20:32:17'),('2141390f-6e11-4967-9744-bc344bf8063f','passStageReward_switch','1','过关激励视频开关','8954b70f-2587-474f-b4ef-72c65f20d31c',NULL,1,'2020-05-01 00:00:00','2020-07-30 20:31:34','2020-07-30 20:31:34'),('21632eb4-bad9-4ae5-8352-0583ca2ee8c8','delayToChangeText','5','native文本切换倒计时','37956cfa-e476-4792-9993-2501c51fd489',NULL,1,'2020-05-01 00:00:00','2020-07-30 20:27:26','2020-07-30 20:27:26'),('21717a7f-736c-4b53-908f-8101a4a76928','rateappear','50','评价弹窗出现关卡','6eec7ed5-69c9-4126-a9f9-d435a6f744fb',NULL,1,'2020-05-01 00:00:00','2020-07-30 20:31:35','2020-07-30 20:31:35'),('21cc15da-f0e2-42a5-980c-838c2c740ba1','discardMenu','1800','广告丢弃时间','358cdbde-075c-4f20-b8d6-0c9ac6a5ac35',NULL,1,'2020-05-01 00:00:00','2020-07-30 20:27:27','2020-07-30 20:27:27'),('2254ffaf-61ac-42f8-98bc-c47c41fae6a1','aolBannerRefreshTime','30','AOL刷新时间','37956cfa-e476-4792-9993-2501c51fd489',NULL,1,'2020-05-01 00:00:00','2020-07-30 20:27:26','2020-07-30 20:27:26'),('2259481a-9256-465d-ba92-6dfefb29c3b1','config011','13','判断为儿童的最高年龄','bf7f3d98-ce82-450d-9cfe-23aac2fc195c',NULL,1,'2020-05-01 00:00:00','2020-07-30 20:27:19','2020-07-30 20:27:19'),('22ae7d7c-6674-4170-aaab-0fc0143d4b2d','config011','13','判断为儿童的最高年龄','dc340309-44d7-4fea-9cea-534e0299fe8b',NULL,1,'2020-05-01 00:00:00','2020-07-30 20:27:27','2020-07-30 20:27:27'),('237df157-4adb-4197-b2f5-5276fe54215a','discardVideo','1800','广告丢弃时间','a696ebf2-17a6-45cf-971f-ad2108ed7265',NULL,1,'2020-05-01 00:00:00','2020-07-30 20:27:18','2020-07-30 20:27:18'),('239dac99-5740-4cbe-a7af-7b361cb30586','bannerTimeCD','15','banner内部刷新cd','56fc24fd-a74e-4476-b270-840947e64e0f',NULL,1,'2020-05-01 00:00:00','2020-07-30 20:27:27','2020-07-30 20:27:27'),('23ea0711-6707-4f0a-83e9-fb856bee650f','config004','3','NativeBanner新用户点击区域（0按钮可点；1内容可点；2全屏可点；3内容可点文字不可点）','ca0c186b-acbe-4d4f-8079-1dd1f8b6aa66',NULL,1,'2020-05-01 00:00:00','2020-07-30 20:31:35','2020-07-30 20:31:35'),('23f4e786-543f-4a38-82bc-c102f08fccd5','discardBanner','1800','广告丢弃时间','d03ff918-8790-4782-bb0d-f6f826c39095',NULL,1,'2020-05-01 00:00:00','2020-07-30 20:27:21','2020-07-30 20:27:21'),('23fabf64-bd5a-406a-8ec4-6cd20f8a2e0c','config012','facebook','儿童用户不初始化SDK的渠道，半角逗号隔开','1b0ad012-6508-47a0-915e-64e865362208',NULL,1,'2020-05-01 00:00:00','2020-07-30 20:27:18','2020-07-30 20:27:18'),('240f4bd3-17bf-44e7-8ad9-a91142a6bba9','bannerRefreshTime','30','Banner请求cd','77322dfb-045a-4f53-92b5-c3aae9192500',NULL,1,'2020-05-01 00:00:00','2020-07-30 20:31:34','2020-07-30 20:31:34'),('243b8eec-e113-4e0b-8c12-b53245ea0df8','discardBanner','1800','广告丢弃时间','13f3cad9-a21f-4d19-9939-49433f4b857d',NULL,1,'2020-05-01 00:00:00','2020-07-30 20:27:25','2020-07-30 20:27:25'),('244eb438-bd9e-46f7-b7d6-341f38ba9774','magicFreeCDTable','390;600;2250;3330;6660;13320;26640;53280;106560','免费魔棒时间表','02ef1912-6a65-4281-a694-43d8b75007bb',NULL,1,'2020-05-01 00:00:00','2020-07-30 20:32:17','2020-07-30 20:32:17'),('24bca453-b60f-4df4-8c2b-4e54b18304d8','config010','https://sites.google.com/site/smooteprivacypolicy/','隐私政策URL','d8fb45fb-cae5-4912-a246-95bdb38eadeb',NULL,1,'2020-05-01 00:00:00','2020-07-30 20:27:26','2020-07-30 20:27:26'),('250bc755-f9ef-4854-861d-bc764c946e0b','config005','3','NativeBanner旧用户点击区域','ca0c186b-acbe-4d4f-8079-1dd1f8b6aa66',NULL,1,'2020-05-01 00:00:00','2020-07-30 20:31:35','2020-07-30 20:31:35'),('251653b0-f127-41ee-bdfb-1e6d65dee23e','bannerRefreshTime','30','Banner请求cd','56fc24fd-a74e-4476-b270-840947e64e0f',NULL,1,'2020-05-01 00:00:00','2020-07-30 20:27:27','2020-07-30 20:27:27'),('25479672-eafc-40c5-8059-370eb3403213','bannerRefreshTime','30','Banner请求cd','26c3caed-1ef5-406a-9122-dc1b0c321044',NULL,1,'2020-05-01 00:00:00','2020-07-30 20:27:18','2020-07-30 20:27:18'),('25ba1cfc-c9e5-4d1e-8074-353c617a2eeb','foregroundAdCD','120','切回游戏展示广告cd','e506c1a2-ebff-404b-bb3e-c611fb026281',NULL,1,'2020-05-01 00:00:00','2020-07-30 20:27:18','2020-07-30 20:27:18'),('25e755af-dd81-460d-b30d-1d323b26716e','discardVideo','1800','广告丢弃时间','271c1b6a-89e0-439b-9607-bfb9bdb24b7c',NULL,1,'2020-05-01 00:00:00','2020-07-30 20:27:24','2020-07-30 20:27:24'),('267cb0f9-8001-4134-bfa4-34f674803d9e','discountappear','10','限时折扣出现关卡','53896149-bf28-4c6d-bc07-9e28fc92880e',NULL,1,'2020-05-01 00:00:00','2020-07-30 20:31:34','2020-07-30 20:31:34'),('2683e525-8c9e-4295-b3bd-a039bc1e6a6a','discardInterstitial','1800','广告丢弃时间','5497fa84-5a40-45e0-bdee-6819533e44fe',NULL,1,'2020-05-01 00:00:00','2020-07-30 20:27:25','2020-07-30 20:27:25'),('27003311-f833-4284-b894-035090808125','bannerRefreshTime','30','Banner请求cd','99e96dc9-a372-4e36-92de-8f5d5e2e9b4b',NULL,1,'2020-05-01 00:00:00','2020-07-30 20:27:25','2020-07-30 20:27:25'),('27b20ce1-cbee-448f-9daa-60fbcb79b6f7','hardCollectCDMin','0.5','hard对手的收牌用时最小值','02ef1912-6a65-4281-a694-43d8b75007bb',NULL,1,'2020-05-01 00:00:00','2020-07-30 20:32:16','2020-07-30 20:32:16'),('27c5d54a-0abe-4425-9846-1e04dfac4f0c','hintparameter','50;30;120;60','提示金币数公式参数','254e3a35-1b6f-47ac-8cb6-e2360526381d',NULL,1,'2020-05-01 00:00:00','2020-07-30 20:31:33','2020-07-30 20:31:33'),('2807afe0-210f-4ab2-aeeb-9f8f48906d30','foregroundAdCD','120','切回游戏展示广告cd','917a71bc-8002-45e5-8c9e-1fe259a6a1dc',NULL,1,'2020-05-01 00:00:00','2020-07-30 20:27:23','2020-07-30 20:27:23'),('2818cadf-84ab-4d4a-97b1-f2d1bb66e74c','config010','https://sites.google.com/site/smooteprivacypolicy/','隐私政策URL','bf7f3d98-ce82-450d-9cfe-23aac2fc195c',NULL,1,'2020-05-01 00:00:00','2020-07-30 20:27:19','2020-07-30 20:27:19'),('281af342-fbe6-4ba7-8660-4fec880475da','discardVideo','1800','广告丢弃时间','45d53fa5-2193-483f-8752-b788da07ee9d',NULL,1,'2020-05-01 00:00:00','2020-07-30 20:27:26','2020-07-30 20:27:26'),('289440af-cdb8-4dca-8f63-5cf441abd4c2','aolBannerRefreshTime','30','AOL刷新时间','09a6f3a0-581c-4b7b-a93e-5c21b12a5abd',NULL,1,'2020-05-01 00:00:00','2020-07-30 20:27:22','2020-07-30 20:27:22'),('28aac598-7e12-484b-8248-f7d5c237ed9d','nativeMenuTimeCD','180','Native_Menu时间cd','5497fa84-5a40-45e0-bdee-6819533e44fe',NULL,1,'2020-05-01 00:00:00','2020-07-30 20:27:25','2020-07-30 20:27:25'),('28e4d24b-a7a7-4c91-a89c-2ef488286598','iosPushPopLevel','6;50','起始关卡和间隔关卡，默认16;25，想关闭功能则设为99999;25，想只弹一次则设为16;99999','26a8b698-9802-48d5-aa53-65630c7a8813',NULL,1,'2020-05-01 00:00:00','2020-07-30 20:31:36','2020-07-30 20:31:36'),('28f59ce0-67d3-41a0-affa-6d27c127bb1d','foregroundAdCD','120','切回游戏展示广告cd','bf7f3d98-ce82-450d-9cfe-23aac2fc195c',NULL,1,'2020-05-01 00:00:00','2020-07-30 20:27:19','2020-07-30 20:27:19'),('2909715c-e644-4d15-86a7-8eb316de8ee8','delayToChangeText','5','native文本切换倒计时','13f3cad9-a21f-4d19-9939-49433f4b857d',NULL,1,'2020-05-01 00:00:00','2020-07-30 20:27:25','2020-07-30 20:27:25'),('2909df89-d253-46d7-8c98-066625c8ab11','discardVideo','1800','广告丢弃时间','870241ef-65cb-4659-9742-8581158ddf5f',NULL,1,'2020-05-01 00:00:00','2020-07-30 20:27:19','2020-07-30 20:27:19'),('29112c56-47ca-4c39-9255-45ff2a9c9849','foregroundAdCD','120','切回游戏展示广告cd','6227e907-a951-4391-ba79-8e2b4b0fb64a',NULL,1,'2020-05-01 00:00:00','2020-07-30 20:27:19','2020-07-30 20:27:19'),('292f369c-0413-4cb4-82ce-9b6e9aa2100f','config005','3','NativeBanner旧用户点击区域','d1bd9e83-5216-48ff-8a5f-fe517bdd03b0',NULL,1,'2020-05-01 00:00:00','2020-07-30 20:31:35','2020-07-30 20:31:35'),('2937fba7-41a5-4a2b-a490-ba41d1635dea','interstitialTimeCD','90','插屏时间cd','c852899f-340e-49ce-ab21-e70175b8d63a',NULL,1,'2020-05-01 00:00:00','2020-07-30 20:27:22','2020-07-30 20:27:22'),('29983196-8a20-455f-b159-cb4d6d98ad2c','aolBannerRefreshTime','30','AOL刷新时间','fb07f7e4-2810-429d-9eaf-aebf1e50385e',NULL,1,'2020-05-01 00:00:00','2020-07-30 20:27:26','2020-07-30 20:27:26'),('29d80f2c-6d15-48cd-bdc9-312f06fec0c3','OpenAd','5','开始展示插屏的关卡','ea815942-8ab7-43b4-bae3-40c1e0e53ce0',NULL,1,'2020-05-01 00:00:00','2020-07-30 20:27:20','2020-07-30 20:27:20'),('2a250f11-4be6-4905-8f0f-9d381c68cffd','discardVideo','1800','广告丢弃时间','e7c95fb2-3797-4212-adb1-68b4f861a1e1',NULL,1,'2020-05-01 00:00:00','2020-07-30 20:27:19','2020-07-30 20:27:19'),('2a27877c-e385-4ad4-a133-f0f26c16a4a6','interstitialCD','0','插屏广告的cd','56fc24fd-a74e-4476-b270-840947e64e0f',NULL,1,'2020-05-01 00:00:00','2020-07-30 20:27:27','2020-07-30 20:27:27'),('2a3870e0-8ef4-4154-8c3c-ca3e409121f5','config006','true','控制模拟点击是否开启','02ef1912-6a65-4281-a694-43d8b75007bb',NULL,1,'2020-05-01 00:00:00','2020-07-30 20:32:17','2020-07-30 20:32:17'),('2a68346e-53f8-4203-8b2c-f3f7374e74a9','ExtraReward_Pop','1','额外词弹窗的常量开关','26a8b698-9802-48d5-aa53-65630c7a8813',NULL,1,'2020-05-01 00:00:00','2020-07-30 20:31:36','2020-07-30 20:31:36'),('2b57aafe-0a61-4fb1-8e00-75057dc369a5','interstitialCD','0','插屏广告的cd','2daaed44-e5e5-4b53-867f-987b995dc698',NULL,1,'2020-05-01 00:00:00','2020-07-30 20:27:27','2020-07-30 20:27:27'),('2b7ab7f7-90df-46b9-9a4f-91387bf8f4b8','discardNative','1800','广告丢弃时间','cdbd3e85-6a42-4000-996e-3e024ff4cc6d',NULL,1,'2020-05-01 00:00:00','2020-07-30 20:27:25','2020-07-30 20:27:25'),('2b8305e3-b4d3-47af-ac14-42bf56d2c9ec','aolBannerRefreshTime','30','AOL刷新时间','2daaed44-e5e5-4b53-867f-987b995dc698',NULL,1,'2020-05-01 00:00:00','2020-07-30 20:27:27','2020-07-30 20:27:27'),('2bc36acf-9ee1-4447-a7e2-cc7fd0ef2e89','config010','https://sites.google.com/site/smooteprivacypolicy/','隐私政策URL','8885eae0-97f1-4dbd-8d56-1719a40ac188',NULL,1,'2020-05-01 00:00:00','2020-07-30 20:27:23','2020-07-30 20:27:23'),('2bc660ca-2a75-4e28-9cf8-2aa5dab282b9','enterForegroundInterstitial','0','从后台进入前台 播放插屏广告开关[0:关/1:开]','8954b70f-2587-474f-b4ef-72c65f20d31c',NULL,1,'2020-05-01 00:00:00','2020-07-30 20:31:34','2020-07-30 20:31:34'),('2bca2aff-9755-4913-ac92-ef8045b6b123','interstitialCD','0','插屏广告的cd','49f52f76-adbe-40a2-898b-b3ce002c7b11',NULL,1,'2020-05-01 00:00:00','2020-07-30 20:27:23','2020-07-30 20:27:23'),('2bf73bcf-313c-4a84-9cf3-b2a797dd3e02','delayToNextCache','60','广告重试的间隔','fb07f7e4-2810-429d-9eaf-aebf1e50385e',NULL,1,'2020-05-01 00:00:00','2020-07-30 20:27:26','2020-07-30 20:27:26'),('2bfb3ac9-08d6-41b7-9476-0b8f2d54858c','completesumcd','2;1|5;2','投放打点中completeBattle参数','02ef1912-6a65-4281-a694-43d8b75007bb',NULL,1,'2020-05-01 00:00:00','2020-07-30 20:32:17','2020-07-30 20:32:17'),('2c282271-5e50-4b84-bbc5-ddaa375a27f8','discardMenu','1800','广告丢弃时间','908aab62-8e86-47ef-bb1a-45d0dec2b81c',NULL,1,'2020-05-01 00:00:00','2020-07-30 20:31:33','2020-07-30 20:31:33'),('2c75a9c1-835a-4944-b501-304364d920ba','config012','facebook','儿童用户不初始化SDK的渠道，半角逗号隔开','6e8c5916-968b-49aa-9989-972a901706fa',NULL,1,'2020-05-01 00:00:00','2020-07-30 20:27:25','2020-07-30 20:27:25'),('2ca53f57-4b40-43f3-a35a-1f8d9c956c6c','delayToChangeText','5','native文本切换倒计时','cdbd3e85-6a42-4000-996e-3e024ff4cc6d',NULL,1,'2020-05-01 00:00:00','2020-07-30 20:27:25','2020-07-30 20:27:25'),('2d1d7cc1-5ca8-4f0a-ad57-ba50a96c4161','aolBannerRefreshTime','30','AOL刷新时间','449fa7b8-2e10-4e4c-a573-cf605525fc46',NULL,1,'2020-05-01 00:00:00','2020-07-30 20:27:20','2020-07-30 20:27:20'),('2d6c3673-472d-40c4-a897-8a71f06b3152','passStageReward_chapterVideoMul','4','章节激励视频奖励倍率','26a8b698-9802-48d5-aa53-65630c7a8813',NULL,1,'2020-05-01 00:00:00','2020-07-30 20:31:36','2020-07-30 20:31:36'),('2d895a14-5923-479c-bbdd-f567340e7c92','interstitialCD','0','插屏广告的cd','c852899f-340e-49ce-ab21-e70175b8d63a',NULL,1,'2020-05-01 00:00:00','2020-07-30 20:27:22','2020-07-30 20:27:22'),('2e214d51-26a7-4b50-bb26-3ce02d841810','tryCacheTimes','0','广告请求重试次数','56fc24fd-a74e-4476-b270-840947e64e0f',NULL,1,'2020-05-01 00:00:00','2020-07-30 20:27:27','2020-07-30 20:27:27'),('2e3e3ea5-0dd9-4e2c-908e-74f9d2b3aaf5','easyCollectCDMin','0.5','easy对手的收牌用时最小值','02ef1912-6a65-4281-a694-43d8b75007bb',NULL,1,'2020-05-01 00:00:00','2020-07-30 20:32:16','2020-07-30 20:32:16'),('2ecf1630-39da-4d08-8c79-342b1f870c34','tryCacheTimes','0','广告请求重试次数','2daaed44-e5e5-4b53-867f-987b995dc698',NULL,1,'2020-05-01 00:00:00','2020-07-30 20:27:27','2020-07-30 20:27:27'),('2eecab50-6a0c-4098-aee9-cfe46bac9d3c','bannerTimeCD','15','banner内部刷新cd','f47d2a1f-6975-4eb4-85be-bc3cec6090cc',NULL,1,'2020-05-01 00:00:00','2020-07-30 20:27:21','2020-07-30 20:27:21'),('2f6a83d1-7edd-4ed4-ad2a-5e410a6c8ad2','nativeAdsCloseTime','0','插屏广告关闭倒计时','d1bd9e83-5216-48ff-8a5f-fe517bdd03b0',NULL,1,'2020-05-01 00:00:00','2020-07-30 20:31:35','2020-07-30 20:31:35'),('2f8f363e-4e5a-4bf8-aa44-2c2be1afd343','openNativeBannerAddition','1','native banner广告补充开关','11423f6d-0979-432f-a947-77ff327feeba',NULL,1,'2020-05-01 00:00:00','2020-07-30 20:27:24','2020-07-30 20:27:24'),('2fa94067-8481-43b9-8956-70da7195f53a','discardMenu','1800','广告丢弃时间','47e265c0-7db7-4e6e-8389-2ba40d1078bb',NULL,1,'2020-05-01 00:00:00','2020-07-30 20:27:22','2020-07-30 20:27:22'),('2fe27329-f45f-46e2-90b9-9126b39d6bb3','videoadCD','0','激励视频出现cd','254e3a35-1b6f-47ac-8cb6-e2360526381d',NULL,1,'2020-05-01 00:00:00','2020-07-30 20:31:33','2020-07-30 20:31:33'),('300bc83b-6d0f-413b-b796-d00114909d45','config007','0.1','控制模拟点击间隔','02ef1912-6a65-4281-a694-43d8b75007bb',NULL,1,'2020-05-01 00:00:00','2020-07-30 20:32:17','2020-07-30 20:32:17'),('302fe395-4ed8-4b33-886a-b066975b51fd','bannerRefreshTime','30','Banner请求cd','fb07f7e4-2810-429d-9eaf-aebf1e50385e',NULL,1,'2020-05-01 00:00:00','2020-07-30 20:27:26','2020-07-30 20:27:26'),('30b710e8-192f-4068-9a3d-ab0306ae22cb','delayToNextCache','60','广告重试的间隔','271c1b6a-89e0-439b-9607-bfb9bdb24b7c',NULL,1,'2020-05-01 00:00:00','2020-07-30 20:27:24','2020-07-30 20:27:24'),('31031d56-47a4-4acd-9f26-7cd65f1a22d9','openAd_switch','3','完成x关开启启动插屏','02ef1912-6a65-4281-a694-43d8b75007bb',NULL,1,'2020-05-01 00:00:00','2020-07-30 20:32:17','2020-07-30 20:32:17'),('31b4142a-8313-4c40-af38-56118d68e94e','intervalsumch','0','投放打点中intervalvideo参数','02ef1912-6a65-4281-a694-43d8b75007bb',NULL,1,'2020-05-01 00:00:00','2020-07-30 20:32:17','2020-07-30 20:32:17'),('3208f469-f50f-46c2-a238-bd182dfb18ba','delayToNextCache','60','广告重试的间隔','37956cfa-e476-4792-9993-2501c51fd489',NULL,1,'2020-05-01 00:00:00','2020-07-30 20:27:26','2020-07-30 20:27:26'),('3276d61e-5ab2-46d9-9f01-0636eb847d97','passStageReward_switch','1','过关激励视频开关','53896149-bf28-4c6d-bc07-9e28fc92880e',NULL,1,'2020-05-01 00:00:00','2020-07-30 20:31:35','2020-07-30 20:31:35'),('32e769eb-f4fa-46cb-a47c-34f1f57d76be','config013','true','GDPR+谷歌儿童政策弹窗是否开启','2e899833-45ab-49ef-af7c-98c3e8ce960f',NULL,1,'2020-05-01 00:00:00','2020-07-30 20:27:21','2020-07-30 20:27:21'),('32fb3550-6f01-4cec-be83-1ee31dc2a771','discardMenu','1800','广告丢弃时间','870241ef-65cb-4659-9742-8581158ddf5f',NULL,1,'2020-05-01 00:00:00','2020-07-30 20:27:19','2020-07-30 20:27:19'),('330301b8-5413-4a0c-a416-00323b356d10','discardBanner','1800','广告丢弃时间','766a41ed-6e68-423d-80bc-76105794e54c',NULL,1,'2020-05-01 00:00:00','2020-07-30 20:27:18','2020-07-30 20:27:18'),('330c1781-4c7f-48f9-881d-bf54d75a6851','discardInterstitial','1800','广告丢弃时间','49f52f76-adbe-40a2-898b-b3ce002c7b11',NULL,1,'2020-05-01 00:00:00','2020-07-30 20:27:23','2020-07-30 20:27:23'),('3393972e-d6eb-4f14-b69d-5311b8b4f4ef','tryCacheTimes','0','广告请求重试次数','a4b3c237-110a-4381-965f-4c9d76fb6996',NULL,1,'2020-05-01 00:00:00','2020-07-30 20:27:23','2020-07-30 20:27:23'),('33ea7c31-3457-496f-8231-442d585a9bd7','discardRewardVideo','1800','广告丢弃时间','e2ab3a48-8f79-4b13-ab07-04202238384a',NULL,1,'2020-05-01 00:00:00','2020-07-30 20:27:20','2020-07-30 20:27:20'),('34211196-7818-4fe3-9455-e75a660ca203','config011','13','判断为儿童的最高年龄','917a71bc-8002-45e5-8c9e-1fe259a6a1dc',NULL,1,'2020-05-01 00:00:00','2020-07-30 20:27:23','2020-07-30 20:27:23'),('34441b02-d811-488f-ae0f-26b2b0807ade','isEmailLogic','0','低分评论是否跳转邮件','02ef1912-6a65-4281-a694-43d8b75007bb',NULL,1,'2020-05-01 00:00:00','2020-07-30 20:32:17','2020-07-30 20:32:17'),('344cbd81-8c97-4237-a0e3-6ea602d9f6bd','videoadreward','0.3;0.5','激励视频广告钱数','8954b70f-2587-474f-b4ef-72c65f20d31c',NULL,1,'2020-05-01 00:00:00','2020-07-30 20:31:34','2020-07-30 20:31:34'),('348f915c-67a7-4162-86d7-99c943a2d825','openNativeBannerAddition','1','native banner广告补充开关','2e899833-45ab-49ef-af7c-98c3e8ce960f',NULL,1,'2020-05-01 00:00:00','2020-07-30 20:27:21','2020-07-30 20:27:21'),('34a627e9-26e6-45a1-849d-b52255252eb9','config013','true','GDPR+谷歌儿童政策弹窗是否开启','ea815942-8ab7-43b4-bae3-40c1e0e53ce0',NULL,1,'2020-05-01 00:00:00','2020-07-30 20:27:20','2020-07-30 20:27:20'),('34c13fb8-8929-4a1d-afa9-23a5a4343250','FreeClueCD','120','间隔多少秒出现激励视频弹窗','26a8b698-9802-48d5-aa53-65630c7a8813',NULL,1,'2020-05-01 00:00:00','2020-07-30 20:31:36','2020-07-30 20:31:36'),('35702b3d-4bc5-4f7e-b313-397c309df86f','passStageReward_levelConfig','12;32;5;2|35;62;3;2|67;9999;4;3','过关激励视频关卡号条件，a;b;c;d为一个关卡区间，(level >= a 且 level <= b 且 level % c == d)，区间数量可变。','254e3a35-1b6f-47ac-8cb6-e2360526381d',NULL,1,'2020-05-01 00:00:00','2020-07-30 20:31:33','2020-07-30 20:31:33'),('35a712eb-11f2-472a-89bd-bd8ef0a50565','config010','https://sites.google.com/site/smooteprivacypolicy/','隐私政策URL','001b7152-be62-4861-949f-e5c50d0a646e',NULL,1,'2020-05-01 00:00:00','2020-07-30 20:27:24','2020-07-30 20:27:24'),('35b2ec5e-ebd3-4aa9-98e7-7560f824b58b','rewardsumcd','0','投放打点中rewardvideo参数','02ef1912-6a65-4281-a694-43d8b75007bb',NULL,1,'2020-05-01 00:00:00','2020-07-30 20:32:17','2020-07-30 20:32:17'),('35e94330-335a-4dcf-820f-32c06dfe10bd','discardInterstitial','1800','广告丢弃时间','eb97e0fc-2281-4770-8a00-6c53032d9ca6',NULL,1,'2020-05-01 00:00:00','2020-07-30 20:27:19','2020-07-30 20:27:19'),('3613ad1c-7115-4578-b886-260c4eeca6a6','config050','https://sites.google.com/site/termsofqueens/','服务条款说明地址','25cd3758-fa7d-4e34-8e03-07dda42a11ef',NULL,1,'2020-05-01 00:00:00','2020-07-30 20:32:17','2020-07-30 20:32:17'),('361f0ec0-3f2b-435f-b916-516c2c4f404b','config002','0','Menu新用户点击区域（0按钮可点；1内容可点；2全屏可点；3内容可点文字不可点）','d2b6cc37-c4c6-49f8-95b6-2e41eb472d09',NULL,1,'2020-05-01 00:00:00','2020-07-30 20:32:17','2020-07-30 20:32:17'),('36c81065-62d2-4fbc-b964-0806e71a3aa7','config011','13','判断为儿童的最高年龄','1b0ad012-6508-47a0-915e-64e865362208',NULL,1,'2020-05-01 00:00:00','2020-07-30 20:27:18','2020-07-30 20:27:18'),('37792ede-9738-479b-8c8d-c83723b5d1b8','passStageReward_switch','1','过关激励视频开关','22a29ccf-1367-4ecc-ad8f-bbd955047936',NULL,1,'2020-05-01 00:00:00','2020-07-30 20:31:36','2020-07-30 20:31:36'),('379781e8-9e52-4a18-ae96-f3a2adde0d5b','discardMenu','1800','广告丢弃时间','64529814-3cba-49ed-bee4-0487b65be20c',NULL,1,'2020-05-01 00:00:00','2020-07-30 20:27:24','2020-07-30 20:27:24'),('37ae6bfc-5c2c-4952-bd76-e43e6371f647','openNativeBannerAddition','1','native banner广告补充开关','254e3a35-1b6f-47ac-8cb6-e2360526381d',NULL,1,'2020-05-01 00:00:00','2020-07-30 20:31:33','2020-07-30 20:31:33'),('37c00454-48d0-47e2-bb2a-04b42c10c879','interstitialCD','0','插屏广告的cd','64529814-3cba-49ed-bee4-0487b65be20c',NULL,1,'2020-05-01 00:00:00','2020-07-30 20:27:24','2020-07-30 20:27:24'),('383445c7-b6b8-48b0-8e0c-252cefede57c','delayToNextCache','60','广告重试的间隔','f47d2a1f-6975-4eb4-85be-bc3cec6090cc',NULL,1,'2020-05-01 00:00:00','2020-07-30 20:27:21','2020-07-30 20:27:21'),('386242aa-e883-4741-9420-b4bce6d00bd1','popfacebook','20','facebook登陆引导弹窗最早弹出关卡','254e3a35-1b6f-47ac-8cb6-e2360526381d',NULL,1,'2020-05-01 00:00:00','2020-07-30 20:31:33','2020-07-30 20:31:33'),('38de174a-fd23-4948-a202-6d4688edc12e','rateinterval','40','评价弹窗出现间隔','22a29ccf-1367-4ecc-ad8f-bbd955047936',NULL,1,'2020-05-01 00:00:00','2020-07-30 20:31:36','2020-07-30 20:31:36'),('38f34be2-946c-403b-835a-863e0a3f749a','adsappear','20','banner广告出现关卡','8954b70f-2587-474f-b4ef-72c65f20d31c',NULL,1,'2020-05-01 00:00:00','2020-07-30 20:31:34','2020-07-30 20:31:34'),('38f7219c-f727-4030-a11e-3fb18d4f13fb','passStageReward_switch','1','过关激励视频开关','6eec7ed5-69c9-4126-a9f9-d435a6f744fb',NULL,1,'2020-05-01 00:00:00','2020-07-30 20:31:35','2020-07-30 20:31:35'),('3903b3b7-0bdb-46cb-8c0e-3cfc65282827','discardNative','1800','广告丢弃时间','37956cfa-e476-4792-9993-2501c51fd489',NULL,1,'2020-05-01 00:00:00','2020-07-30 20:27:26','2020-07-30 20:27:26'),('39233316-6e0c-4d08-bb99-3515e723d2e8','sigleLevel','22','一次性商品促销弹窗出现最小关卡数','254e3a35-1b6f-47ac-8cb6-e2360526381d',NULL,1,'2020-05-01 00:00:00','2020-07-30 20:31:33','2020-07-30 20:31:33'),('39ae1c9b-3138-45d5-b1e7-d71bb3b6a8b0','discardVideo','1800','广告丢弃时间','bf744ec9-0766-414d-9226-deb7f504e2da',NULL,1,'2020-05-01 00:00:00','2020-07-30 20:27:20','2020-07-30 20:27:20'),('39b13d25-d7c9-47fd-8c23-d5c7d64bd958','boardSecretStageConfig','16;10|3;4;1','board隐藏关配置：第x关出;每y关出一次|出现顺序(key 1:找茬 2:连线 3:交换词 4:连连看 5:横向连词，6:圈词)','22a29ccf-1367-4ecc-ad8f-bbd955047936',NULL,1,'2020-05-01 00:00:00','2020-07-30 20:31:36','2020-07-30 20:31:36'),('3a2edf1e-a92d-4653-9897-72885b5e3c3b','interstitialTimeCD','90','插屏时间cd','fb07f7e4-2810-429d-9eaf-aebf1e50385e',NULL,1,'2020-05-01 00:00:00','2020-07-30 20:27:26','2020-07-30 20:27:26'),('3a730787-796b-4095-98da-5f06ddf51cb3','tryCacheTimes','0','广告请求重试次数','835c0271-34cf-455d-b1e7-45627a2e3788',NULL,1,'2020-05-01 00:00:00','2020-07-30 20:27:23','2020-07-30 20:27:23'),('3a87b1ab-fbc1-4338-83fd-e3adc1d1b461','aolBannerRefreshTime','30','AOL刷新时间','835c0271-34cf-455d-b1e7-45627a2e3788',NULL,1,'2020-05-01 00:00:00','2020-07-30 20:27:23','2020-07-30 20:27:23'),('3a9a51fd-3855-47cc-a478-0e15b08cfec6','openNativeBannerAddition','1','native banner广告补充开关','d8fb45fb-cae5-4912-a246-95bdb38eadeb',NULL,1,'2020-05-01 00:00:00','2020-07-30 20:27:26','2020-07-30 20:27:26'),('3acafcd9-ceef-4817-a821-8fb8389d2444','tryCacheTimes','0','广告请求重试次数','449fa7b8-2e10-4e4c-a573-cf605525fc46',NULL,1,'2020-05-01 00:00:00','2020-07-30 20:27:20','2020-07-30 20:27:20'),('3ae8ffe9-6d23-47fe-b381-82a8c19aa879','config013','true','GDPR+谷歌儿童政策弹窗是否开启','e05be2fc-fca1-43f6-aa1a-56e70ce575d7',NULL,1,'2020-05-01 00:00:00','2020-07-30 20:27:24','2020-07-30 20:27:24'),('3b304378-95e7-4579-8d90-979ed3562326','config013','true','GDPR+谷歌儿童政策弹窗是否开启','12f8e9ff-4497-47a0-ae1f-838653c6d07f',NULL,1,'2020-05-01 00:00:00','2020-07-30 20:27:25','2020-07-30 20:27:25'),('3b446e09-e456-49bb-82f4-39b0e7bf70a9','delayToNextCache','60','广告重试的间隔','fdd1e57a-d8b5-4586-afa6-f2b471064bd7',NULL,1,'2020-05-01 00:00:00','2020-07-30 20:27:21','2020-07-30 20:27:21'),('3b7267d0-494e-4b9c-b051-70bd58e779c1','boardSecretStageConfig','16;10|3;4;1','board隐藏关配置：第x关出;每y关出一次|出现顺序(key 1:找茬 2:连线 3:交换词 4:连连看 5:横向连词，6:圈词)','3888fbd2-291f-4072-8e5c-1696aad0b267',NULL,1,'2020-05-01 00:00:00','2020-07-30 20:31:35','2020-07-30 20:31:35'),('3c2b8891-5aca-4b83-9857-a888c1ffaf4a','config013','true','GDPR+谷歌儿童政策弹窗是否开启','5ad72a7a-019d-4303-9e49-208d207781eb',NULL,1,'2020-05-01 00:00:00','2020-07-30 20:27:22','2020-07-30 20:27:22'),('3c3d705b-2275-4796-9840-1a7c74099d3a','config012','facebook','儿童用户不初始化SDK的渠道，半角逗号隔开','dea0ddbf-68a3-4fdb-a488-84aaf2494671',NULL,1,'2020-05-01 00:00:00','2020-07-30 20:27:19','2020-07-30 20:27:19'),('3c3e6d2e-dc08-42d2-a4a6-497411a76cd4','tryCacheTimes','0','广告请求重试次数','d2b6cc37-c4c6-49f8-95b6-2e41eb472d09',NULL,1,'2020-05-01 00:00:00','2020-07-30 20:32:17','2020-07-30 20:32:17'),('3c3ee1b1-8473-45ce-bb59-f8d6151518e5','config005','3','NativeBanner旧用户点击区域','908aab62-8e86-47ef-bb1a-45d0dec2b81c',NULL,1,'2020-05-01 00:00:00','2020-07-30 20:31:34','2020-07-30 20:31:34'),('3c9e5ca9-b68c-4813-b469-66460df48280','bannerTimeCD','15','banner内部刷新cd','2daaed44-e5e5-4b53-867f-987b995dc698',NULL,1,'2020-05-01 00:00:00','2020-07-30 20:27:27','2020-07-30 20:27:27'),('3cd3fee9-af9a-4f72-bd70-9d102cfae2e3','discardVideo','1800','广告丢弃时间','47e265c0-7db7-4e6e-8389-2ba40d1078bb',NULL,1,'2020-05-01 00:00:00','2020-07-30 20:27:22','2020-07-30 20:27:22'),('3dd2950c-5b07-4508-acda-64a1f84d53ac','nativeMenuTimeCD','180','Native_Menu时间cd','49f52f76-adbe-40a2-898b-b3ce002c7b11',NULL,1,'2020-05-01 00:00:00','2020-07-30 20:27:23','2020-07-30 20:27:23'),('3dd8dd1b-6a09-4ff0-85fb-1724ed8a099d','videoLoadWaitingTime','10','激励视频请求超时时间（新版逻辑专用）','77322dfb-045a-4f53-92b5-c3aae9192500',NULL,1,'2020-05-01 00:00:00','2020-07-30 20:31:34','2020-07-30 20:31:34'),('3e283ccf-d6f6-4f31-ae90-d586ab1e7ee8','config048','true','是否打开弹窗 :true有弹窗 ,false无弹窗','d1bd9e83-5216-48ff-8a5f-fe517bdd03b0',NULL,1,'2020-05-01 00:00:00','2020-07-30 20:31:35','2020-07-30 20:31:35'),('3e576e81-363e-4445-a92e-94a354fc0b77','interstitialCD','0','插屏广告的cd','fb07f7e4-2810-429d-9eaf-aebf1e50385e',NULL,1,'2020-05-01 00:00:00','2020-07-30 20:27:26','2020-07-30 20:27:26'),('3ef85579-33a7-43d6-99f0-d30737ffe0b2','discardBanner','1800','广告丢弃时间','99e96dc9-a372-4e36-92de-8f5d5e2e9b4b',NULL,1,'2020-05-01 00:00:00','2020-07-30 20:27:25','2020-07-30 20:27:25'),('3f055633-563b-49ce-aa34-43a6aeed01a1','hintparameter','50;30;120;60','提示金币数公式参数','8954b70f-2587-474f-b4ef-72c65f20d31c',NULL,1,'2020-05-01 00:00:00','2020-07-30 20:31:34','2020-07-30 20:31:34'),('3f0f3da1-f54a-465f-a0cb-07a801bd9642','delayToChangeText','5','native文本切换倒计时','99e96dc9-a372-4e36-92de-8f5d5e2e9b4b',NULL,1,'2020-05-01 00:00:00','2020-07-30 20:27:25','2020-07-30 20:27:25'),('402bc37e-43de-4825-a0a1-f20bf6139a3b','tryCacheTimes','0','广告请求重试次数','26c3caed-1ef5-406a-9122-dc1b0c321044',NULL,1,'2020-05-01 00:00:00','2020-07-30 20:27:18','2020-07-30 20:27:18'),('40361e24-83e4-45f6-a1c3-2f65a77c4f3a','bannerRefreshTime','30','Banner请求cd','45d53fa5-2193-483f-8752-b788da07ee9d',NULL,1,'2020-05-01 00:00:00','2020-07-30 20:27:26','2020-07-30 20:27:26'),('408b4968-fc2a-4adf-8c74-e4055e3d47cf','discardNative','1800','广告丢弃时间','26c3caed-1ef5-406a-9122-dc1b0c321044',NULL,1,'2020-05-01 00:00:00','2020-07-30 20:27:19','2020-07-30 20:27:19'),('408f78e2-c3ac-4158-a977-40ffd915cb77','interstitialTimeCD','90','插屏时间cd','fdd1e57a-d8b5-4586-afa6-f2b471064bd7',NULL,1,'2020-05-01 00:00:00','2020-07-30 20:27:21','2020-07-30 20:27:21'),('4158c1dd-2c95-489a-aa11-9c3446894261','config011','13','判断为儿童的最高年龄','33d5453a-a69d-44a7-8fcc-6eecb8e5ec70',NULL,1,'2020-05-01 00:00:00','2020-07-30 20:27:21','2020-07-30 20:27:21'),('4189b489-a2fe-4cb6-8bb5-c2c1f27a6654','bannerRefreshTime','30','Banner请求cd','bf744ec9-0766-414d-9226-deb7f504e2da',NULL,1,'2020-05-01 00:00:00','2020-07-30 20:27:20','2020-07-30 20:27:20'),('41a9b76c-0293-4e41-8b1f-e0b05cdffb2c','interstitialTimeCD','90','插屏时间cd','37956cfa-e476-4792-9993-2501c51fd489',NULL,1,'2020-05-01 00:00:00','2020-07-30 20:27:26','2020-07-30 20:27:26'),('41b925cf-d98b-49c9-a4ad-3e1a36895043','discardInterstitial','1800','广告丢弃时间','fdd1e57a-d8b5-4586-afa6-f2b471064bd7',NULL,1,'2020-05-01 00:00:00','2020-07-30 20:27:21','2020-07-30 20:27:21'),('41c8c421-49ae-46fa-9e9e-ba6dd2853752','tryCacheTimes','0','广告请求重试次数','d03ff918-8790-4782-bb0d-f6f826c39095',NULL,1,'2020-05-01 00:00:00','2020-07-30 20:27:21','2020-07-30 20:27:21'),('420727e5-7fb3-422c-b427-fdf081991cee','passStageReward_stageVideoNum','50','激励视频奖励金币固定值','26a8b698-9802-48d5-aa53-65630c7a8813',NULL,1,'2020-05-01 00:00:00','2020-07-30 20:31:36','2020-07-30 20:31:36'),('42115e26-7de2-4e70-b47e-5f66bdd63288','config012','facebook','儿童用户不初始化SDK的渠道，半角逗号隔开','001b7152-be62-4861-949f-e5c50d0a646e',NULL,1,'2020-05-01 00:00:00','2020-07-30 20:27:24','2020-07-30 20:27:24'),('427872b5-2175-4874-9152-dede290bfeb0','delayToNextCache','60','广告重试的间隔','cdbd3e85-6a42-4000-996e-3e024ff4cc6d',NULL,1,'2020-05-01 00:00:00','2020-07-30 20:27:25','2020-07-30 20:27:25'),('428c8e06-3726-48fb-a665-2be182b4abb4','discardBanner','1800','广告丢弃时间','e2ab3a48-8f79-4b13-ab07-04202238384a',NULL,1,'2020-05-01 00:00:00','2020-07-30 20:27:20','2020-07-30 20:27:20'),('42eda445-1c20-4969-b1b1-c7014c424d5c','delayToNextCache','60','广告重试的间隔','8c1b734a-abd7-464f-950f-9b10314aa657',NULL,1,'2020-05-01 00:00:00','2020-07-30 20:27:27','2020-07-30 20:27:27'),('43cdc20c-f27e-49d3-bd2c-cb653aee42d6','discardNative','1800','广告丢弃时间','64529814-3cba-49ed-bee4-0487b65be20c',NULL,1,'2020-05-01 00:00:00','2020-07-30 20:27:24','2020-07-30 20:27:24'),('43d8eac3-a2b2-4b0a-9377-121595a64e20','extrahint','150','追加词关提示金币数','254e3a35-1b6f-47ac-8cb6-e2360526381d',NULL,1,'2020-05-01 00:00:00','2020-07-30 20:31:33','2020-07-30 20:31:33'),('44062379-eda7-4b8d-adaa-1672e4085d38','config005','3','NativeBanner旧用户点击区域','6d0212b8-1a34-4ab3-9ef2-170e0c0148eb',NULL,1,'2020-05-01 00:00:00','2020-07-30 20:31:36','2020-07-30 20:31:36'),('443d7074-3afe-4fb0-91d8-fe54f17ea503','discardVideo','1800','广告丢弃时间','e2ab3a48-8f79-4b13-ab07-04202238384a',NULL,1,'2020-05-01 00:00:00','2020-07-30 20:27:20','2020-07-30 20:27:20'),('4464a3ef-eff0-4185-9247-8392c304736b','discardBanner','1800','广告丢弃时间','449fa7b8-2e10-4e4c-a573-cf605525fc46',NULL,1,'2020-05-01 00:00:00','2020-07-30 20:27:20','2020-07-30 20:27:20'),('44724e0d-6c8a-4f22-a7eb-266076489316','bannerTimeCD','15','banner内部刷新cd','fb07f7e4-2810-429d-9eaf-aebf1e50385e',NULL,1,'2020-05-01 00:00:00','2020-07-30 20:27:26','2020-07-30 20:27:26'),('44a5564e-eb67-4bdd-98f7-36793d6bdc72','config001','1','NativeBrand出现时间（用户实际游戏时长，秒）','908aab62-8e86-47ef-bb1a-45d0dec2b81c',NULL,1,'2020-05-01 00:00:00','2020-07-30 20:31:34','2020-07-30 20:31:34'),('44badb9a-2d84-46e1-809b-6dfaa38b8b51','discardRewardVideo','1800','广告丢弃时间','835c0271-34cf-455d-b1e7-45627a2e3788',NULL,1,'2020-05-01 00:00:00','2020-07-30 20:27:23','2020-07-30 20:27:23'),('451320b5-fb73-447d-b94b-5fae41dba5e2','foregroundAdCD','120','切回游戏展示广告cd','11423f6d-0979-432f-a947-77ff327feeba',NULL,1,'2020-05-01 00:00:00','2020-07-30 20:27:24','2020-07-30 20:27:24'),('4523d20c-19e2-4384-8563-a1823b5bceea','config013','true','GDPR+谷歌儿童政策弹窗是否开启','8d8704e5-3987-4334-b9cc-bac2416110e6',NULL,1,'2020-05-01 00:00:00','2020-07-30 20:27:19','2020-07-30 20:27:19'),('45dc07a6-b293-4440-be99-25b7fe5523d5','battleCD','1800','对战冷却CD','02ef1912-6a65-4281-a694-43d8b75007bb',NULL,1,'2020-05-01 00:00:00','2020-07-30 20:32:16','2020-07-30 20:32:16'),('46314442-2bfd-4d3d-8850-63c75c96f2df','aolBannerRefreshTime','30','AOL刷新时间','f47d2a1f-6975-4eb4-85be-bc3cec6090cc',NULL,1,'2020-05-01 00:00:00','2020-07-30 20:27:21','2020-07-30 20:27:21'),('46d6770b-2d63-47c9-94d5-21cac1287c29','config013','true','GDPR+谷歌儿童政策弹窗是否开启','1b0ad012-6508-47a0-915e-64e865362208',NULL,1,'2020-05-01 00:00:00','2020-07-30 20:27:18','2020-07-30 20:27:18'),('46f20ec4-facb-4847-a447-2c6b211103fb','discardInterstitial','1800','广告丢弃时间','26c3caed-1ef5-406a-9122-dc1b0c321044',NULL,1,'2020-05-01 00:00:00','2020-07-30 20:27:19','2020-07-30 20:27:19'),('477f4fa6-0334-4726-9dc0-3b12862f4f4a','discountappear','10','限时折扣出现关卡','26a8b698-9802-48d5-aa53-65630c7a8813',NULL,1,'2020-05-01 00:00:00','2020-07-30 20:31:35','2020-07-30 20:31:35'),('479ebae9-8513-4e22-81ef-49df53abf77a','secretStageConfig','3;10;10;0;10;10;2;2;3','生命；倒计时；初始得分；额外分；最大得分；换算系数1；换算系数2；激励视频奖励倍率;复活倒计时','22a29ccf-1367-4ecc-ad8f-bbd955047936',NULL,1,'2020-05-01 00:00:00','2020-07-30 20:31:36','2020-07-30 20:31:36'),('47b741b2-f841-488c-92cb-21037f39219a','config013','true','GDPR+谷歌儿童政策弹窗是否开启','8e7283d6-0dd3-48fa-9ed2-b8b48c408c8f',NULL,1,'2020-05-01 00:00:00','2020-07-30 20:27:25','2020-07-30 20:27:25'),('4823a1c1-7960-4d6e-91bc-e57dd657fdca','config050','https://sites.google.com/site/termsofwordcross/','服务条款说明地址','d1bd9e83-5216-48ff-8a5f-fe517bdd03b0',NULL,1,'2020-05-01 00:00:00','2020-07-30 20:31:35','2020-07-30 20:31:35'),('48c49d37-4cfd-476b-baa1-52c4643cb3b3','dailyMagicNum','1','日常挑战模式魔法棒单局使用上限[-1为无限制]','02ef1912-6a65-4281-a694-43d8b75007bb',NULL,1,'2020-05-01 00:00:00','2020-07-30 20:32:17','2020-07-30 20:32:17'),('490ff601-8802-4333-8bae-58e0deb42c0f','openNativeBannerAddition','1','native banner广告补充开关','ee3ac931-50c3-48cf-9528-553dce9bd263',NULL,1,'2020-05-01 00:00:00','2020-07-30 20:27:20','2020-07-30 20:27:20'),('4915e9ce-f28f-4b90-8baf-cabb3594421f','discardVideo','1800','广告丢弃时间','1a6ec88c-4800-49c1-908f-da76985a73dd',NULL,1,'2020-05-01 00:00:00','2020-07-30 20:27:22','2020-07-30 20:27:22'),('49a9be41-3629-4d0a-8883-eb4c31370c9d','config012','facebook','儿童用户不初始化SDK的渠道，半角逗号隔开','ea815942-8ab7-43b4-bae3-40c1e0e53ce0',NULL,1,'2020-05-01 00:00:00','2020-07-30 20:27:20','2020-07-30 20:27:20'),('49b34efa-13bb-49de-b65c-e65484abc76f','config011','13','判断为儿童的最高年龄','6e8c5916-968b-49aa-9989-972a901706fa',NULL,1,'2020-05-01 00:00:00','2020-07-30 20:27:25','2020-07-30 20:27:25'),('4a11484d-390c-45e3-9907-7c420b766349','config012','facebook','儿童用户不初始化SDK的渠道，半角逗号隔开','f5ec9a45-78ba-4b6f-ad50-c10d937132f7',NULL,1,'2020-05-01 00:00:00','2020-07-30 20:27:22','2020-07-30 20:27:22'),('4a1bb3e3-6b81-4d7e-bd07-5632e2e649e6','interstitialTimeCD','90','插屏时间cd','eb97e0fc-2281-4770-8a00-6c53032d9ca6',NULL,1,'2020-05-01 00:00:00','2020-07-30 20:27:19','2020-07-30 20:27:19'),('4a5ec180-6f70-4bbb-9d9a-4c2c9990e757','foregroundAdCD','120','切回游戏展示广告cd','40d5669d-5ae5-49b9-b58d-3c704bdfc594',NULL,1,'2020-05-01 00:00:00','2020-07-30 20:27:27','2020-07-30 20:27:27'),('4a8f588a-4e06-4fba-be9d-ed092a4eb550','nativeMenuTimeCD','180','Native_Menu时间cd','d03ff918-8790-4782-bb0d-f6f826c39095',NULL,1,'2020-05-01 00:00:00','2020-07-30 20:27:21','2020-07-30 20:27:21'),('4acde3f2-9df7-48a6-abb8-836f74ff379f','discardMenu','1800','广告丢弃时间','99e96dc9-a372-4e36-92de-8f5d5e2e9b4b',NULL,1,'2020-05-01 00:00:00','2020-07-30 20:27:25','2020-07-30 20:27:25'),('4adb14c9-cc08-4a84-b1de-bc2020a9c5ef','discardBanner','1800','广告丢弃时间','26c3caed-1ef5-406a-9122-dc1b0c321044',NULL,1,'2020-05-01 00:00:00','2020-07-30 20:27:19','2020-07-30 20:27:19'),('4af42731-031e-4f20-b678-5032163c0068','discardNative','1800','广告丢弃时间','09a6f3a0-581c-4b7b-a93e-5c21b12a5abd',NULL,1,'2020-05-01 00:00:00','2020-07-30 20:27:22','2020-07-30 20:27:22'),('4c26dc76-9046-4406-b6c5-af83b1fbf729','openNativeBannerAddition','1','native banner广告补充开关','8d8704e5-3987-4334-b9cc-bac2416110e6',NULL,1,'2020-05-01 00:00:00','2020-07-30 20:27:19','2020-07-30 20:27:19'),('4c9adb58-8589-459d-9395-5e2e97b5ef86','discardRewardVideo','1800','广告丢弃时间','bf744ec9-0766-414d-9226-deb7f504e2da',NULL,1,'2020-05-01 00:00:00','2020-07-30 20:27:20','2020-07-30 20:27:20'),('4cd3005e-fcc6-45d0-92a8-0d7a9e3ca096','discardVideo','1800','广告丢弃时间','449fa7b8-2e10-4e4c-a573-cf605525fc46',NULL,1,'2020-05-01 00:00:00','2020-07-30 20:27:20','2020-07-30 20:27:20'),('4cd7e0ba-ab6f-44ed-aea2-0697fa36e960','delayToChangeText','5','native文本切换倒计时','77322dfb-045a-4f53-92b5-c3aae9192500',NULL,1,'2020-05-01 00:00:00','2020-07-30 20:31:34','2020-07-30 20:31:34'),('4cfd0ea7-c88a-4526-8490-a3aacb1b05f7','nativeMenuTimeCD','180','Native_Menu时间cd','a696ebf2-17a6-45cf-971f-ad2108ed7265',NULL,1,'2020-05-01 00:00:00','2020-07-30 20:27:18','2020-07-30 20:27:18'),('4d019362-1ec8-4b1f-b040-7f1725849890','interstitialTimeCD','90','插屏时间cd','26c3caed-1ef5-406a-9122-dc1b0c321044',NULL,1,'2020-05-01 00:00:00','2020-07-30 20:27:18','2020-07-30 20:27:18'),('4d298a04-3095-4042-9902-aaf660f96796','config010','https://sites.google.com/site/smooteprivacypolicy/','隐私政策URL','dea0ddbf-68a3-4fdb-a488-84aaf2494671',NULL,1,'2020-05-01 00:00:00','2020-07-30 20:27:19','2020-07-30 20:27:19'),('4d2a5cdf-ad97-4a37-ba32-4081de7499f3','foregroundAdCD','120','切回游戏展示广告cd','d8fb45fb-cae5-4912-a246-95bdb38eadeb',NULL,1,'2020-05-01 00:00:00','2020-07-30 20:27:26','2020-07-30 20:27:26'),('4d595b76-5994-4766-ab97-ec45ea2b911e','config012','facebook','儿童用户不初始化SDK的渠道，半角逗号隔开','8e7283d6-0dd3-48fa-9ed2-b8b48c408c8f',NULL,1,'2020-05-01 00:00:00','2020-07-30 20:27:25','2020-07-30 20:27:25'),('4db27095-d7eb-4ffb-a1d7-b7a33d159a38','normalCollectCDMin','0.5','norma对手的收牌用时最小值','02ef1912-6a65-4281-a694-43d8b75007bb',NULL,1,'2020-05-01 00:00:00','2020-07-30 20:32:16','2020-07-30 20:32:16'),('4dece3bb-4334-4da9-944b-9cc9db648932','bannerTimeCD','15','banner内部刷新cd','449fa7b8-2e10-4e4c-a573-cf605525fc46',NULL,1,'2020-05-01 00:00:00','2020-07-30 20:27:20','2020-07-30 20:27:20'),('4e22bcf9-b1b2-4d5c-8d6e-bdb102a7b70b','config012','facebook','儿童用户不初始化SDK的渠道，半角逗号隔开','93456038-4afc-4a42-baef-17c37841d813',NULL,1,'2020-05-01 00:00:00','2020-07-30 20:27:20','2020-07-30 20:27:20'),('4e332eba-004a-4332-80e4-052a2122d66b','popfacebook','20','facebook登陆引导弹窗最早弹出关卡','8954b70f-2587-474f-b4ef-72c65f20d31c',NULL,1,'2020-05-01 00:00:00','2020-07-30 20:31:34','2020-07-30 20:31:34'),('4e4d706a-656c-4e1d-b4e2-ba0d29342391','tryCacheTimes','0','广告请求重试次数','870241ef-65cb-4659-9742-8581158ddf5f',NULL,1,'2020-05-01 00:00:00','2020-07-30 20:27:19','2020-07-30 20:27:19'),('4f0fa459-1b82-4966-a5b5-c47c36351800','videoTipsShuffleCount','3','连续shuffle多少次出现激励视频弹窗','6eec7ed5-69c9-4126-a9f9-d435a6f744fb',NULL,1,'2020-05-01 00:00:00','2020-07-30 20:31:35','2020-07-30 20:31:35'),('4f1bfbeb-0c95-4064-b4a4-12dbf2c40246','config010','https://sites.google.com/site/smooteprivacypolicy/','隐私政策URL','af061380-0d10-4118-b32d-da2faf5f5f2c',NULL,1,'2020-05-01 00:00:00','2020-07-30 20:27:21','2020-07-30 20:27:21'),('4f3b6f42-ea45-4049-9881-0b21512a7cca','bannerRefreshTime','30','Banner请求cd','64529814-3cba-49ed-bee4-0487b65be20c',NULL,1,'2020-05-01 00:00:00','2020-07-30 20:27:24','2020-07-30 20:27:24'),('4f4af238-7541-4011-9bdf-aeb1dec9fc27','config013','true','GDPR+谷歌儿童政策弹窗是否开启','917a71bc-8002-45e5-8c9e-1fe259a6a1dc',NULL,1,'2020-05-01 00:00:00','2020-07-30 20:27:23','2020-07-30 20:27:23'),('4fab0c2d-391b-4441-a932-57d00621cfd7','interstitialTimeCD','90','插屏时间cd','99e96dc9-a372-4e36-92de-8f5d5e2e9b4b',NULL,1,'2020-05-01 00:00:00','2020-07-30 20:27:25','2020-07-30 20:27:25'),('4fb1c3a5-c0cf-4655-996e-f61b9bbfe471','delayToNextCache','60','广告重试的间隔','e2ab3a48-8f79-4b13-ab07-04202238384a',NULL,1,'2020-05-01 00:00:00','2020-07-30 20:27:20','2020-07-30 20:27:20'),('4fbf93bd-5b74-4ea2-ac33-a80dd2dce564','interstitialTimeCD','90','插屏时间cd','56fc24fd-a74e-4476-b270-840947e64e0f',NULL,1,'2020-05-01 00:00:00','2020-07-30 20:27:27','2020-07-30 20:27:27'),('5046cff7-02c6-433c-a485-155790173be6','flipCoin','2','翻牌奖励','02ef1912-6a65-4281-a694-43d8b75007bb',NULL,1,'2020-05-01 00:00:00','2020-07-30 20:32:16','2020-07-30 20:32:16'),('50899ce7-3e4e-44d1-9f79-53c28d82b82f','videoTipsDrawErrorCount','9','连续划错多少次出现激励视频弹窗','26a8b698-9802-48d5-aa53-65630c7a8813',NULL,1,'2020-05-01 00:00:00','2020-07-30 20:31:35','2020-07-30 20:31:35'),('50abdc0f-5b11-450a-b9ca-5055e45cbb40','nativeMenuTimeCD','180','Native_Menu时间cd','e7c95fb2-3797-4212-adb1-68b4f861a1e1',NULL,1,'2020-05-01 00:00:00','2020-07-30 20:27:19','2020-07-30 20:27:19'),('50c1fcbe-a5a2-41c1-b706-8ca752df0437','GameConfig001','0','插屏展示之前是否有延迟时间','02ef1912-6a65-4281-a694-43d8b75007bb',NULL,1,'2020-05-01 00:00:00','2020-07-30 20:32:17','2020-07-30 20:32:17'),('51503f26-4783-4744-b1bb-441ed2bd6422','bannerTimeCD','15','banner内部刷新cd','26c3caed-1ef5-406a-9122-dc1b0c321044',NULL,1,'2020-05-01 00:00:00','2020-07-30 20:27:18','2020-07-30 20:27:18'),('51591b7a-75ea-4403-bf02-b6536a928355','entersumch','0','投放打点中enterGame参数','02ef1912-6a65-4281-a694-43d8b75007bb',NULL,1,'2020-05-01 00:00:00','2020-07-30 20:32:17','2020-07-30 20:32:17'),('518483d0-5015-4488-90bb-aec8c4b6d6fc','delayToNextCache','60','广告重试的间隔','bf744ec9-0766-414d-9226-deb7f504e2da',NULL,1,'2020-05-01 00:00:00','2020-07-30 20:27:20','2020-07-30 20:27:20'),('51fdaa60-8613-4aee-8aeb-5a65c906d06f','delayToChangeText','5','native文本切换倒计时','1a6ec88c-4800-49c1-908f-da76985a73dd',NULL,1,'2020-05-01 00:00:00','2020-07-30 20:27:22','2020-07-30 20:27:22'),('521d2b0b-0ec7-4799-86f2-8fb8b1d4a3ad','passStageReward_stageVideoNum','30','激励视频奖励金币固定值','8954b70f-2587-474f-b4ef-72c65f20d31c',NULL,1,'2020-05-01 00:00:00','2020-07-30 20:31:34','2020-07-30 20:31:34'),('525434e2-cd10-47c2-aac4-d8fda9364049','discardVideo','1800','广告丢弃时间','fb07f7e4-2810-429d-9eaf-aebf1e50385e',NULL,1,'2020-05-01 00:00:00','2020-07-30 20:27:26','2020-07-30 20:27:26'),('5280e93c-0a6e-43c9-a27c-db82c9a4279d','delayToChangeText','5','native文本切换倒计时','bf744ec9-0766-414d-9226-deb7f504e2da',NULL,1,'2020-05-01 00:00:00','2020-07-30 20:27:20','2020-07-30 20:27:20'),('5308d375-30a1-422c-9240-96d59f4fabdb','OpenAd','5','开始展示插屏的关卡','33d5453a-a69d-44a7-8fcc-6eecb8e5ec70',NULL,1,'2020-05-01 00:00:00','2020-07-30 20:27:21','2020-07-30 20:27:21'),('53426c51-7ba1-47a2-a675-9c1b047d6b17','delayToNextCache','60','广告重试的间隔','26c3caed-1ef5-406a-9122-dc1b0c321044',NULL,1,'2020-05-01 00:00:00','2020-07-30 20:27:18','2020-07-30 20:27:18'),('53717103-7d85-40e0-9b4c-e6025f67d9e7','tryCacheTimes','0','广告请求重试次数','f1da0374-eeba-4319-b250-dc0ea165bba0',NULL,1,'2020-05-01 00:00:00','2020-07-30 20:27:24','2020-07-30 20:27:24'),('537c31c9-3a0e-43a7-a9c1-eeca6cf3a72f','discardRewardVideo','1800','广告丢弃时间','13f3cad9-a21f-4d19-9939-49433f4b857d',NULL,1,'2020-05-01 00:00:00','2020-07-30 20:27:25','2020-07-30 20:27:25'),('538852c0-431e-400e-9fd2-f5de31cedfd7','config051','https://sites.google.com/site/wordcrossprivacypolicy/','gdpr隐私说明地址','c33a593e-38b6-44e4-9f0c-bbeecd82095f',NULL,1,'2020-05-01 00:00:00','2020-07-30 20:31:36','2020-07-30 20:31:36'),('55025ec6-2d9b-4e73-94ba-15e1957cea4e','delayToChangeText','5','native文本切换倒计时','fb07f7e4-2810-429d-9eaf-aebf1e50385e',NULL,1,'2020-05-01 00:00:00','2020-07-30 20:27:26','2020-07-30 20:27:26'),('552d54a0-5da8-44b4-a855-70710b5a8b3a','bannerRefreshTime','30','Banner请求cd','49f52f76-adbe-40a2-898b-b3ce002c7b11',NULL,1,'2020-05-01 00:00:00','2020-07-30 20:27:23','2020-07-30 20:27:23'),('553d79ac-be7d-4239-9955-2fc2ccf0f296','config011','13','判断为儿童的最高年龄','ee3ac931-50c3-48cf-9528-553dce9bd263',NULL,1,'2020-05-01 00:00:00','2020-07-30 20:27:20','2020-07-30 20:27:20'),('55e645ab-9f1b-45e1-a30a-374ce1283471','config004','3','NativeBanner新用户点击区域（0按钮可点；1内容可点；2全屏可点；3内容可点文字不可点）','d1bd9e83-5216-48ff-8a5f-fe517bdd03b0',NULL,1,'2020-05-01 00:00:00','2020-07-30 20:31:35','2020-07-30 20:31:35'),('5604d94f-32d8-4a20-9475-a09486d90df6','config012','facebook','儿童用户不初始化SDK的渠道，半角逗号隔开','8885eae0-97f1-4dbd-8d56-1719a40ac188',NULL,1,'2020-05-01 00:00:00','2020-07-30 20:27:23','2020-07-30 20:27:23'),('5655929f-eabe-414e-9098-bc16c967d420','config010','https://sites.google.com/site/smooteprivacypolicy/','隐私政策URL','767967e4-fe2b-4a89-9abe-a707a398d4b8',NULL,1,'2020-05-01 00:00:00','2020-07-30 20:27:26','2020-07-30 20:27:26'),('5669ccb2-553b-4ff3-a78e-a977c8080697','config004','3','NativeBanner新用户点击区域（0按钮可点；1内容可点；2全屏可点；3内容可点文字不可点）','908aab62-8e86-47ef-bb1a-45d0dec2b81c',NULL,1,'2020-05-01 00:00:00','2020-07-30 20:31:34','2020-07-30 20:31:34'),('56881873-10d9-466c-849c-aeeda8c537dd','config004','3','NativeBanner新用户点击区域（0按钮可点；1内容可点；2全屏可点；3内容可点文字不可点）','a8261063-c1c6-4d03-b42d-6730b33b8f45',NULL,1,'2020-05-01 00:00:00','2020-07-30 20:31:35','2020-07-30 20:31:35'),('5698c2ee-c966-40fa-931d-d3ceca1a7153','foregroundAdCD','120','切回游戏展示广告cd','6055f856-a2ce-4fa0-8678-c914b660717c',NULL,1,'2020-05-01 00:00:00','2020-07-30 20:27:26','2020-07-30 20:27:26'),('569b2d31-118a-4d8b-8300-0f0c07a48daf','wheel_config','5;7;4;99;10000;10','相关常量：开启关卡；shuffle次数；划错次数；每关出现最大次数；低于此金币数时会触发；按钮出现后显示时间(秒）','254e3a35-1b6f-47ac-8cb6-e2360526381d',NULL,1,'2020-05-01 00:00:00','2020-07-30 20:31:33','2020-07-30 20:31:33'),('57b5e655-ae5d-430a-ab63-edc8d678f271','openNativeBannerAddition','1','native banner广告补充开关','c6d78289-1a87-4e6b-bc76-f37d4f8ee462',NULL,1,'2020-05-01 00:00:00','2020-07-30 20:27:21','2020-07-30 20:27:21'),('57b78546-7020-44ce-bb85-223a6916ec7e','interstitialTimeCD','90','插屏时间cd','2b582d59-ee7f-4c2f-b62e-55781fa67709',NULL,1,'2020-05-01 00:00:00','2020-07-30 20:27:23','2020-07-30 20:27:23'),('58dc1cf3-6ac1-4915-a7ad-71d51e336ff3','delayToChangeText','5','native文本切换倒计时','45d53fa5-2193-483f-8752-b788da07ee9d',NULL,1,'2020-05-01 00:00:00','2020-07-30 20:27:26','2020-07-30 20:27:26'),('59111b9d-3a74-4fcc-843f-755e310a8e3b','bannerTimeCD','15','banner内部刷新cd','09a6f3a0-581c-4b7b-a93e-5c21b12a5abd',NULL,1,'2020-05-01 00:00:00','2020-07-30 20:27:22','2020-07-30 20:27:22'),('599b8320-8268-422d-82f6-3d921ca55cb8','aolBannerRefreshTime','30','AOL刷新时间','49f52f76-adbe-40a2-898b-b3ce002c7b11',NULL,1,'2020-05-01 00:00:00','2020-07-30 20:27:23','2020-07-30 20:27:23'),('59f002c6-7bb6-498c-a064-ccc2663dbac7','discardRewardVideo','1800','广告丢弃时间','47e265c0-7db7-4e6e-8389-2ba40d1078bb',NULL,1,'2020-05-01 00:00:00','2020-07-30 20:27:22','2020-07-30 20:27:22'),('59f12923-424a-4044-85b7-0b459c516d01','enterForegroundInterstitial','0','从后台进入前台 播放插屏广告开关[0:关/1:开]','254e3a35-1b6f-47ac-8cb6-e2360526381d',NULL,1,'2020-05-01 00:00:00','2020-07-30 20:31:33','2020-07-30 20:31:33'),('5a2dc843-ad7f-4ddb-a622-3120171276aa','config010','https://sites.google.com/site/smooteprivacypolicy/','隐私政策URL','ea815942-8ab7-43b4-bae3-40c1e0e53ce0',NULL,1,'2020-05-01 00:00:00','2020-07-30 20:27:20','2020-07-30 20:27:20'),('5a33f070-1a7a-4af2-8b3d-b4e835e2b173','config013','true','GDPR+谷歌儿童政策弹窗是否开启','001b7152-be62-4861-949f-e5c50d0a646e',NULL,1,'2020-05-01 00:00:00','2020-07-30 20:27:24','2020-07-30 20:27:24'),('5a3cad0e-d4cd-41d7-bb6d-cd74e35613fc','discardNative','1800','广告丢弃时间','56fc24fd-a74e-4476-b270-840947e64e0f',NULL,1,'2020-05-01 00:00:00','2020-07-30 20:27:27','2020-07-30 20:27:27'),('5a592c26-82ec-4670-a9ff-2dd4d31de073','hintparameter','9999;30;200;60','提示金币数公式参数','3888fbd2-291f-4072-8e5c-1696aad0b267',NULL,1,'2020-05-01 00:00:00','2020-07-30 20:31:35','2020-07-30 20:31:35'),('5a79cd92-4206-436c-99d3-57a684621063','interstitialCD','0','插屏广告的cd','09a6f3a0-581c-4b7b-a93e-5c21b12a5abd',NULL,1,'2020-05-01 00:00:00','2020-07-30 20:27:22','2020-07-30 20:27:22'),('5af32d87-1c39-44a9-8c2a-ca4971caee32','siglePopCd','360','一次性商品促销弹窗cd','254e3a35-1b6f-47ac-8cb6-e2360526381d',NULL,1,'2020-05-01 00:00:00','2020-07-30 20:31:33','2020-07-30 20:31:33'),('5b530063-c631-4389-84ff-76a390815a31','bannerRefreshTime','30','Banner请求cd','908aab62-8e86-47ef-bb1a-45d0dec2b81c',NULL,1,'2020-05-01 00:00:00','2020-07-30 20:31:33','2020-07-30 20:31:33'),('5bcd6faa-4d27-4df0-b991-2e29c7ed080e','foregroundAdCD','120','切回游戏展示广告cd','ae0b1265-8ae3-4425-a175-94309e819528',NULL,1,'2020-05-01 00:00:00','2020-07-30 20:27:27','2020-07-30 20:27:27'),('5bdeb3b6-bf26-454d-b7df-16685db46ed9','nativeMenuTimeCD','180','Native_Menu时间cd','77322dfb-045a-4f53-92b5-c3aae9192500',NULL,1,'2020-05-01 00:00:00','2020-07-30 20:31:34','2020-07-30 20:31:34'),('5c7436d7-d32f-4301-9d33-3ae5b29210f7','nativeMenuTimeCD','180','Native_Menu时间cd','99e96dc9-a372-4e36-92de-8f5d5e2e9b4b',NULL,1,'2020-05-01 00:00:00','2020-07-30 20:27:25','2020-07-30 20:27:25'),('5c82c81d-6344-44dd-ac6c-9b2e613fafe6','discardBanner','1800','广告丢弃时间','fdd1e57a-d8b5-4586-afa6-f2b471064bd7',NULL,1,'2020-05-01 00:00:00','2020-07-30 20:27:21','2020-07-30 20:27:21'),('5ca38844-5027-4201-af44-b08eecb3150f','freeCoinNum','200','每日金币数量','02ef1912-6a65-4281-a694-43d8b75007bb',NULL,1,'2020-05-01 00:00:00','2020-07-30 20:32:17','2020-07-30 20:32:17'),('5ccb5d28-fd85-41c2-9b5f-0c42c34c3d33','delayToChangeText','5','native文本切换倒计时','835c0271-34cf-455d-b1e7-45627a2e3788',NULL,1,'2020-05-01 00:00:00','2020-07-30 20:27:23','2020-07-30 20:27:23'),('5cee6da4-e43e-4546-9905-c8fd1b1bedf0','nativeMenuTimeCD','180','Native_Menu时间cd','449fa7b8-2e10-4e4c-a573-cf605525fc46',NULL,1,'2020-05-01 00:00:00','2020-07-30 20:27:20','2020-07-30 20:27:20'),('5d18326c-d8e4-4b79-89b2-5447d2489802','foregroundAdCD','120','切回游戏展示广告cd','8d8704e5-3987-4334-b9cc-bac2416110e6',NULL,1,'2020-05-01 00:00:00','2020-07-30 20:27:19','2020-07-30 20:27:19'),('5d75360b-89df-4018-89c8-3dabbbf355ed','config012','facebook','儿童用户不初始化SDK的渠道，半角逗号隔开','58e88a15-363b-4dc1-b50b-ea9cc1d83e07',NULL,1,'2020-05-01 00:00:00','2020-07-30 20:27:25','2020-07-30 20:27:25'),('5d7cc64b-831d-436e-b80a-1b6aef5a39c4','discardRewardVideo','1800','广告丢弃时间','358cdbde-075c-4f20-b8d6-0c9ac6a5ac35',NULL,1,'2020-05-01 00:00:00','2020-07-30 20:27:27','2020-07-30 20:27:27'),('5da6bd56-a554-4ab4-954e-cd3f14a21d8d','config011','13','判断为儿童的最高年龄','58e88a15-363b-4dc1-b50b-ea9cc1d83e07',NULL,1,'2020-05-01 00:00:00','2020-07-30 20:27:25','2020-07-30 20:27:25'),('5e463edb-46ab-4402-921c-88d0b118a9cb','discardInterstitial','1800','广告丢弃时间','37956cfa-e476-4792-9993-2501c51fd489',NULL,1,'2020-05-01 00:00:00','2020-07-30 20:27:26','2020-07-30 20:27:26'),('5e482377-f33e-4308-a682-0360c5d2474e','discardInterstitial','1800','广告丢弃时间','870241ef-65cb-4659-9742-8581158ddf5f',NULL,1,'2020-05-01 00:00:00','2020-07-30 20:27:19','2020-07-30 20:27:19'),('5e88afe7-df34-48be-a7a4-1776bddf07ec','config013','true','GDPR+谷歌儿童政策弹窗是否开启','e4c4b2e2-acbb-4ea9-b8ac-b4dac2b32202',NULL,1,'2020-05-01 00:00:00','2020-07-30 20:27:18','2020-07-30 20:27:18'),('5ea55767-be41-49a8-8a2e-549cb1546a49','config010','https://sites.google.com/site/smooteprivacypolicy/','隐私政策URL','56affeb0-9960-4d05-9030-0160b2740603',NULL,1,'2020-05-01 00:00:00','2020-07-30 20:27:23','2020-07-30 20:27:23'),('5eaa9567-547f-4da7-800a-15e612b12ade','openNativeBannerAddition','1','native banner广告补充开关','93456038-4afc-4a42-baef-17c37841d813',NULL,1,'2020-05-01 00:00:00','2020-07-30 20:27:20','2020-07-30 20:27:20'),('5ed793dc-440c-4e63-9d39-41c31400c64c','discardBanner','1800','广告丢弃时间','5497fa84-5a40-45e0-bdee-6819533e44fe',NULL,1,'2020-05-01 00:00:00','2020-07-30 20:27:25','2020-07-30 20:27:25'),('5f14aa1b-7e62-4c30-8632-93005c66490c','discardMenu','1800','广告丢弃时间','77322dfb-045a-4f53-92b5-c3aae9192500',NULL,1,'2020-05-01 00:00:00','2020-07-30 20:31:34','2020-07-30 20:31:34'),('5fa8af09-0786-4dc2-8f68-81321230e9d5','tryCacheTimes','0','广告请求重试次数','fdd1e57a-d8b5-4586-afa6-f2b471064bd7',NULL,1,'2020-05-01 00:00:00','2020-07-30 20:27:21','2020-07-30 20:27:21'),('5fd76acc-ba43-433c-9418-e5e7f4fc2443','config002','3','Menu新用户点击区域（0按钮可点；1内容可点；2全屏可点；3内容可点文字不可点）','908aab62-8e86-47ef-bb1a-45d0dec2b81c',NULL,1,'2020-05-01 00:00:00','2020-07-30 20:31:34','2020-07-30 20:31:34'),('5ff09ddc-8aaa-4814-bdcf-3c4103f2db7d','bannerRefreshTime','30','Banner请求cd','5497fa84-5a40-45e0-bdee-6819533e44fe',NULL,1,'2020-05-01 00:00:00','2020-07-30 20:27:25','2020-07-30 20:27:25'),('5ff22da8-1ecc-4565-9c8a-bfc9c9fd9eb7','nativeMenuTimeCD','180','Native_Menu时间cd','c852899f-340e-49ce-ab21-e70175b8d63a',NULL,1,'2020-05-01 00:00:00','2020-07-30 20:27:22','2020-07-30 20:27:22'),('6068dfd8-66be-4d55-baaa-620ba42f88e0','nativeTemplateId','1','NativeBanner模板(0旧模板，1新模板）','d1bd9e83-5216-48ff-8a5f-fe517bdd03b0',NULL,1,'2020-05-01 00:00:00','2020-07-30 20:31:35','2020-07-30 20:31:35'),('608e39c1-7845-4fd3-8d45-c92d61d82014','discardBanner','1800','广告丢弃时间','870241ef-65cb-4659-9742-8581158ddf5f',NULL,1,'2020-05-01 00:00:00','2020-07-30 20:27:19','2020-07-30 20:27:19'),('609b5a78-404e-411e-b2cc-3cdd87c1f4be','tryCacheTimes','0','广告请求重试次数','271c1b6a-89e0-439b-9607-bfb9bdb24b7c',NULL,1,'2020-05-01 00:00:00','2020-07-30 20:27:24','2020-07-30 20:27:24'),('60f668cd-2b78-4b9b-ac09-b020036a215d','discardInterstitial','1800','广告丢弃时间','358cdbde-075c-4f20-b8d6-0c9ac6a5ac35',NULL,1,'2020-05-01 00:00:00','2020-07-30 20:27:27','2020-07-30 20:27:27'),('611c8eb7-aa4a-4855-8835-63c0e9f46688','config004','3','NativeBanner新用户点击区域（0按钮可点；1内容可点；2全屏可点；3内容可点文字不可点）','77322dfb-045a-4f53-92b5-c3aae9192500',NULL,1,'2020-05-01 00:00:00','2020-07-30 20:31:34','2020-07-30 20:31:34'),('615c5a6d-45d1-4cf3-b00e-c2bc4083a135','nativeMenuTimeCD','180','Native_Menu时间cd','a4b3c237-110a-4381-965f-4c9d76fb6996',NULL,1,'2020-05-01 00:00:00','2020-07-30 20:27:23','2020-07-30 20:27:23'),('617f0b49-a4bc-4b06-9e74-0cf6d1a2d595','discardVideo','1800','广告丢弃时间','37956cfa-e476-4792-9993-2501c51fd489',NULL,1,'2020-05-01 00:00:00','2020-07-30 20:27:26','2020-07-30 20:27:26'),('6191ac98-2d55-407b-8340-5edfee737dc0','discardMenu','1800','广告丢弃时间','eb97e0fc-2281-4770-8a00-6c53032d9ca6',NULL,1,'2020-05-01 00:00:00','2020-07-30 20:27:19','2020-07-30 20:27:19'),('61b79366-1381-42d9-82d4-85bca7f3bc64','config012','facebook','儿童用户不初始化SDK的渠道，半角逗号隔开','e4c4b2e2-acbb-4ea9-b8ac-b4dac2b32202',NULL,1,'2020-05-01 00:00:00','2020-07-30 20:27:18','2020-07-30 20:27:18'),('61ef98ac-4e5a-47de-927e-4952121aa71f','nativeMenuTimeCD','180','Native_Menu时间cd','f47d2a1f-6975-4eb4-85be-bc3cec6090cc',NULL,1,'2020-05-01 00:00:00','2020-07-30 20:27:21','2020-07-30 20:27:21'),('623c8584-7e18-4ff7-9007-51aa34e00d1c','delayToChangeText','5','native文本切换倒计时','09a6f3a0-581c-4b7b-a93e-5c21b12a5abd',NULL,1,'2020-05-01 00:00:00','2020-07-30 20:27:22','2020-07-30 20:27:22'),('62b154df-097b-4862-a704-9aeec54f29f2','hardCollectCDMax','1','hard对手的收牌用时最大值','02ef1912-6a65-4281-a694-43d8b75007bb',NULL,1,'2020-05-01 00:00:00','2020-07-30 20:32:16','2020-07-30 20:32:16'),('62d9b10d-d593-4f3f-836b-186ccf0f520d','discardNative','1800','广告丢弃时间','f1da0374-eeba-4319-b250-dc0ea165bba0',NULL,1,'2020-05-01 00:00:00','2020-07-30 20:27:24','2020-07-30 20:27:24'),('632b4ee8-52d7-4393-a4d8-a890fbc54828','config012','facebook','儿童用户不初始化SDK的渠道，半角逗号隔开','c6d78289-1a87-4e6b-bc76-f37d4f8ee462',NULL,1,'2020-05-01 00:00:00','2020-07-30 20:27:21','2020-07-30 20:27:21'),('63321cb3-5b36-46ea-a1b1-82ee5e173bcd','discardRewardVideo','1800','广告丢弃时间','fdd1e57a-d8b5-4586-afa6-f2b471064bd7',NULL,1,'2020-05-01 00:00:00','2020-07-30 20:27:21','2020-07-30 20:27:21'),('633b9633-58fa-4a2b-bf50-f7f8a26f2ac4','discardMenu','1800','广告丢弃时间','56fc24fd-a74e-4476-b270-840947e64e0f',NULL,1,'2020-05-01 00:00:00','2020-07-30 20:27:27','2020-07-30 20:27:27'),('638df4e5-9071-49be-975b-10f8f3d1e4b8','openNativeBannerAddition','1','native banner广告补充开关','f5ec9a45-78ba-4b6f-ad50-c10d937132f7',NULL,1,'2020-05-01 00:00:00','2020-07-30 20:27:22','2020-07-30 20:27:22'),('63aef388-96a6-406f-9d4a-501bac502b82','discardNative','1800','广告丢弃时间','13f3cad9-a21f-4d19-9939-49433f4b857d',NULL,1,'2020-05-01 00:00:00','2020-07-30 20:27:25','2020-07-30 20:27:25'),('640c84fd-9442-4452-ae1f-bf2fd381c6a1','OpenAd','5','开始展示插屏的关卡','56affeb0-9960-4d05-9030-0160b2740603',NULL,1,'2020-05-01 00:00:00','2020-07-30 20:27:23','2020-07-30 20:27:23'),('64178f54-de02-4067-872a-b250fc52e1d9','config003','3','Menu旧用户点击区域','77322dfb-045a-4f53-92b5-c3aae9192500',NULL,1,'2020-05-01 00:00:00','2020-07-30 20:31:34','2020-07-30 20:31:34'),('64990042-604d-42b5-b11a-605affd73c16','discardVideo','1800','广告丢弃时间','2daaed44-e5e5-4b53-867f-987b995dc698',NULL,1,'2020-05-01 00:00:00','2020-07-30 20:27:27','2020-07-30 20:27:27'),('656e3f05-86f7-4589-9c51-1a6a67178b73','discardBanner','1800','广告丢弃时间','45d53fa5-2193-483f-8752-b788da07ee9d',NULL,1,'2020-05-01 00:00:00','2020-07-30 20:27:26','2020-07-30 20:27:26'),('66046a6f-1f8a-4e5d-9b61-ec8e67f7b510','discardNative','1800','广告丢弃时间','835c0271-34cf-455d-b1e7-45627a2e3788',NULL,1,'2020-05-01 00:00:00','2020-07-30 20:27:23','2020-07-30 20:27:23'),('6668a6f8-9eac-4cf5-842f-a4b831259a82','OpenAd','5','开始展示插屏的关卡','af061380-0d10-4118-b32d-da2faf5f5f2c',NULL,1,'2020-05-01 00:00:00','2020-07-30 20:27:21','2020-07-30 20:27:21'),('677f5dde-f960-41bf-865f-ac66c4eb72a3','discardInterstitial','1800','广告丢弃时间','fb07f7e4-2810-429d-9eaf-aebf1e50385e',NULL,1,'2020-05-01 00:00:00','2020-07-30 20:27:26','2020-07-30 20:27:26'),('67b1f9e1-3330-43f5-811d-3429dc27c645','openNativeBannerAddition','1','native banner广告补充开关','8954b70f-2587-474f-b4ef-72c65f20d31c',NULL,1,'2020-05-01 00:00:00','2020-07-30 20:31:34','2020-07-30 20:31:34'),('67e86d83-3197-454e-a736-f8d36c6ee2e5','loadTimeCD','10','广告重新请求时间','908aab62-8e86-47ef-bb1a-45d0dec2b81c',NULL,1,'2020-05-01 00:00:00','2020-07-30 20:31:34','2020-07-30 20:31:34'),('6811801b-dd1e-4b28-a1ee-50debc8093ba','discardMenu','1800','广告丢弃时间','c852899f-340e-49ce-ab21-e70175b8d63a',NULL,1,'2020-05-01 00:00:00','2020-07-30 20:27:22','2020-07-30 20:27:22'),('6834c008-4266-40eb-af0f-a7f10d46e70c','delayToChangeText','5','native文本切换倒计时','f1da0374-eeba-4319-b250-dc0ea165bba0',NULL,1,'2020-05-01 00:00:00','2020-07-30 20:27:24','2020-07-30 20:27:24'),('686a907b-73a3-4ca7-9769-486657adeec3','config012','facebook','儿童用户不初始化SDK的渠道，半角逗号隔开','6055f856-a2ce-4fa0-8678-c914b660717c',NULL,1,'2020-05-01 00:00:00','2020-07-30 20:27:26','2020-07-30 20:27:26'),('686ed7b5-8fee-4610-b66d-bf79f682fc83','discardRewardVideo','1800','广告丢弃时间','766a41ed-6e68-423d-80bc-76105794e54c',NULL,1,'2020-05-01 00:00:00','2020-07-30 20:27:18','2020-07-30 20:27:18'),('688fbbff-ee37-44a5-85b3-5c098cf00aee','delayToNextCache','60','广告重试的间隔','64529814-3cba-49ed-bee4-0487b65be20c',NULL,1,'2020-05-01 00:00:00','2020-07-30 20:27:24','2020-07-30 20:27:24'),('68d892db-45cb-46be-94e5-3f126a398745','discardInterstitial','1800','广告丢弃时间','a696ebf2-17a6-45cf-971f-ad2108ed7265',NULL,1,'2020-05-01 00:00:00','2020-07-30 20:27:18','2020-07-30 20:27:18'),('698ab752-ab08-418f-95de-1335819438da','config011','13','判断为儿童的最高年龄','b1f7f2f4-c16b-4a5e-ac14-764f11662086',NULL,1,'2020-05-01 00:00:00','2020-07-30 20:27:26','2020-07-30 20:27:26'),('6995266b-7b83-4cb0-bed4-970e93624b9b','bannerTimeCD','30','banner内部刷新cd','77322dfb-045a-4f53-92b5-c3aae9192500',NULL,1,'2020-05-01 00:00:00','2020-07-30 20:31:34','2020-07-30 20:31:34'),('69bc4262-72cc-4cf5-8c34-9a36d5087916','siglePopCd','360','一次性商品促销弹窗cd','8954b70f-2587-474f-b4ef-72c65f20d31c',NULL,1,'2020-05-01 00:00:00','2020-07-30 20:31:34','2020-07-30 20:31:34'),('69ecb87a-4bb3-43bf-bd4d-0c082296900a','config051','https://sites.google.com/site/queensgamesprivacy/','gdpr隐私说明地址','25cd3758-fa7d-4e34-8e03-07dda42a11ef',NULL,1,'2020-05-01 00:00:00','2020-07-30 20:32:17','2020-07-30 20:32:17'),('6a4c0ab8-6353-4d7f-a735-24fd0e36fab5','passStageReward_stageVideoNum','50','激励视频奖励金币固定值','22a29ccf-1367-4ecc-ad8f-bbd955047936',NULL,1,'2020-05-01 00:00:00','2020-07-30 20:31:36','2020-07-30 20:31:36'),('6ad25645-4029-4b7b-982b-c3ea42df27a8','config010','https://sites.google.com/site/smooteprivacypolicy/','隐私政策URL','b1f7f2f4-c16b-4a5e-ac14-764f11662086',NULL,1,'2020-05-01 00:00:00','2020-07-30 20:27:26','2020-07-30 20:27:26'),('6b0325c9-367d-49ef-8ebc-11d911a1f16f','delayToChangeText','5','native文本切换倒计时','64529814-3cba-49ed-bee4-0487b65be20c',NULL,1,'2020-05-01 00:00:00','2020-07-30 20:27:24','2020-07-30 20:27:24'),('6b6b1cd2-a548-4654-88b1-d65c9a3e0dfb','discardRewardVideo','1800','广告丢弃时间','49f52f76-adbe-40a2-898b-b3ce002c7b11',NULL,1,'2020-05-01 00:00:00','2020-07-30 20:27:23','2020-07-30 20:27:23'),('6bd26d12-39ed-45e3-8104-47c7d1bfada5','rateinterval','40','评价弹窗出现间隔','26a8b698-9802-48d5-aa53-65630c7a8813',NULL,1,'2020-05-01 00:00:00','2020-07-30 20:31:35','2020-07-30 20:31:35'),('6c471d45-774f-457e-8127-8b216d9fbc41','aolBannerRefreshTime','30','AOL刷新时间','c852899f-340e-49ce-ab21-e70175b8d63a',NULL,1,'2020-05-01 00:00:00','2020-07-30 20:27:22','2020-07-30 20:27:22'),('6c5d2bdb-42bd-4190-a1a1-b170fae0d1be','bannerTimeCD','15','banner内部刷新cd','358cdbde-075c-4f20-b8d6-0c9ac6a5ac35',NULL,1,'2020-05-01 00:00:00','2020-07-30 20:27:26','2020-07-30 20:27:26'),('6c976644-b398-447a-af15-800d4a374160','discardMenu','1800','广告丢弃时间','e7c95fb2-3797-4212-adb1-68b4f861a1e1',NULL,1,'2020-05-01 00:00:00','2020-07-30 20:27:19','2020-07-30 20:27:19'),('6cb69216-b703-4c17-bbad-96938ecc44a1','discardMenu','1800','广告丢弃时间','402fc850-1507-48e1-92a2-e6b2338b6321',NULL,1,'2020-05-01 00:00:00','2020-07-30 20:27:20','2020-07-30 20:27:20'),('6cfafcde-c1fc-4b33-a269-4eaf514a8699','discardRewardVideo','1800','广告丢弃时间','cdbd3e85-6a42-4000-996e-3e024ff4cc6d',NULL,1,'2020-05-01 00:00:00','2020-07-30 20:27:25','2020-07-30 20:27:25'),('6d7fd9d7-ab5e-40f5-b7ae-aec0b6d9245b','foregroundAdCD','999999','切回游戏展示广告cd','02ef1912-6a65-4281-a694-43d8b75007bb',NULL,1,'2020-05-01 00:00:00','2020-07-30 20:32:17','2020-07-30 20:32:17'),('6da034f7-7d6b-4df1-8489-92145b179357','config050','https://sites.google.com/site/termsofwordcross/','服务条款说明地址','c33a593e-38b6-44e4-9f0c-bbeecd82095f',NULL,1,'2020-05-01 00:00:00','2020-07-30 20:31:36','2020-07-30 20:31:36'),('6e5bfd4f-5b1c-41a9-9b49-d63f01407084','delayToChangeText','5','native文本切换倒计时','5497fa84-5a40-45e0-bdee-6819533e44fe',NULL,1,'2020-05-01 00:00:00','2020-07-30 20:27:25','2020-07-30 20:27:25'),('6e64b14b-7503-4475-a160-746319f87da6','discardRewardVideo','1800','广告丢弃时间','77322dfb-045a-4f53-92b5-c3aae9192500',NULL,1,'2020-05-01 00:00:00','2020-07-30 20:31:34','2020-07-30 20:31:34'),('6e7fc70d-05d2-4c34-8f0a-ccb72871b6ec','loadTimeCD','40','加载最低间隔时间','d2b6cc37-c4c6-49f8-95b6-2e41eb472d09',NULL,1,'2020-05-01 00:00:00','2020-07-30 20:32:17','2020-07-30 20:32:17'),('6e85a77f-b1f9-4925-8162-56ded81fe4ff','bannerRefreshTime','30','Banner请求cd','2b582d59-ee7f-4c2f-b62e-55781fa67709',NULL,1,'2020-05-01 00:00:00','2020-07-30 20:27:24','2020-07-30 20:27:24'),('6f19cb60-a7e7-4fed-ba42-ea231dbc5474','hardJudgeCDMin','0.5','hard对手的判定用时最小值','02ef1912-6a65-4281-a694-43d8b75007bb',NULL,1,'2020-05-01 00:00:00','2020-07-30 20:32:16','2020-07-30 20:32:16'),('6f1b1df0-179d-4cc5-a9c6-30474c13e68a','interstitialTimeCD','80','插屏时间cd','77322dfb-045a-4f53-92b5-c3aae9192500',NULL,1,'2020-05-01 00:00:00','2020-07-30 20:31:34','2020-07-30 20:31:34'),('6f455c89-468f-4053-9542-b73e87b09f3a','bannerRefreshTime','30','Banner请求cd','2daaed44-e5e5-4b53-867f-987b995dc698',NULL,1,'2020-05-01 00:00:00','2020-07-30 20:27:27','2020-07-30 20:27:27'),('6f75ade9-1afb-41bd-b9c5-3d2002d6cce9','foregroundAdCD','120','切回游戏展示广告cd','6e8c5916-968b-49aa-9989-972a901706fa',NULL,1,'2020-05-01 00:00:00','2020-07-30 20:27:25','2020-07-30 20:27:25'),('6f78b4ca-6d89-4efe-8f82-e7b4d3b860a0','bannerRefreshTime','30','Banner请求cd','47e265c0-7db7-4e6e-8389-2ba40d1078bb',NULL,1,'2020-05-01 00:00:00','2020-07-30 20:27:22','2020-07-30 20:27:22'),('6f7d345d-3797-4168-bf35-f9a8ad7819e3','nativeMenuTimeCD','180','Native_Menu时间cd','766a41ed-6e68-423d-80bc-76105794e54c',NULL,1,'2020-05-01 00:00:00','2020-07-30 20:27:18','2020-07-30 20:27:18'),('6f7daa90-a8e3-49fb-9c96-8ab08d6b083b','OpenAd','5','开始展示插屏的关卡','c6d78289-1a87-4e6b-bc76-f37d4f8ee462',NULL,1,'2020-05-01 00:00:00','2020-07-30 20:27:21','2020-07-30 20:27:21'),('6fa16359-e79b-4787-a823-5951a117aa44','discardInterstitial','1800','广告丢弃时间','449fa7b8-2e10-4e4c-a573-cf605525fc46',NULL,1,'2020-05-01 00:00:00','2020-07-30 20:27:20','2020-07-30 20:27:20'),('6fc206b0-16cf-499b-83f7-b38394fcf61b','tryCacheTimes','0','广告请求重试次数','e7c95fb2-3797-4212-adb1-68b4f861a1e1',NULL,1,'2020-05-01 00:00:00','2020-07-30 20:27:19','2020-07-30 20:27:19'),('70146454-a174-4199-a046-7620f8b93b10','interstitialTimeCD','90','插屏时间cd','271c1b6a-89e0-439b-9607-bfb9bdb24b7c',NULL,1,'2020-05-01 00:00:00','2020-07-30 20:27:24','2020-07-30 20:27:24'),('7085eb8c-9d48-4143-8501-07d7b5395ac3','bannerRefreshTime','30','Banner请求cd','a4b3c237-110a-4381-965f-4c9d76fb6996',NULL,1,'2020-05-01 00:00:00','2020-07-30 20:27:23','2020-07-30 20:27:23'),('716eb6aa-1032-4fa7-857b-28a8dfd50782','bannerTimeCD','15','banner内部刷新cd','1a6ec88c-4800-49c1-908f-da76985a73dd',NULL,1,'2020-05-01 00:00:00','2020-07-30 20:27:22','2020-07-30 20:27:22'),('7175ad0a-00c3-4ff6-811b-83807cb0bdf1','config048','true','是否打开弹窗 :true有弹窗 ,false无弹窗','a8261063-c1c6-4d03-b42d-6730b33b8f45',NULL,1,'2020-05-01 00:00:00','2020-07-30 20:31:35','2020-07-30 20:31:35'),('71c0f0f7-1162-4a53-bdd0-2fff0f28a76f','nativeAdsCloseTime','0','插屏广告关闭倒计时','ca0c186b-acbe-4d4f-8079-1dd1f8b6aa66',NULL,1,'2020-05-01 00:00:00','2020-07-30 20:31:35','2020-07-30 20:31:35'),('72a193e0-dfa4-4a13-bcdf-5e32db57b22a','discountappear','10','限时折扣出现关卡','3888fbd2-291f-4072-8e5c-1696aad0b267',NULL,1,'2020-05-01 00:00:00','2020-07-30 20:31:35','2020-07-30 20:31:35'),('72b3facd-8c81-4b4a-a154-cbcfd42a48f2','aolBannerRefreshTime','30','AOL刷新时间','bf744ec9-0766-414d-9226-deb7f504e2da',NULL,1,'2020-05-01 00:00:00','2020-07-30 20:27:20','2020-07-30 20:27:20'),('72fbaaf7-d7fc-4d65-be82-b78a11067667','config011','13','判断为儿童的最高年龄','9e192225-401b-459d-a763-a1a0e8d3b3d1',NULL,1,'2020-05-01 00:00:00','2020-07-30 20:27:23','2020-07-30 20:27:23'),('7313035e-2cb2-4ae2-a7b6-54d36c1b1e3c','discardInterstitial','1800','广告丢弃时间','1a6ec88c-4800-49c1-908f-da76985a73dd',NULL,1,'2020-05-01 00:00:00','2020-07-30 20:27:22','2020-07-30 20:27:22'),('735a1dc5-9776-4620-9a47-b1815ebd93cc','delayToNextCache','60','广告重试的间隔','2b582d59-ee7f-4c2f-b62e-55781fa67709',NULL,1,'2020-05-01 00:00:00','2020-07-30 20:27:23','2020-07-30 20:27:23'),('74130cca-d5ab-4ea8-b6a9-0ca75e75bf1e','hintparameter','9999;30;200;60','提示金币数公式参数','53896149-bf28-4c6d-bc07-9e28fc92880e',NULL,1,'2020-05-01 00:00:00','2020-07-30 20:31:34','2020-07-30 20:31:34'),('741ea70a-374f-4b28-ac2f-9125e36960ea','bannerTimeCD','15','banner内部刷新cd','2b582d59-ee7f-4c2f-b62e-55781fa67709',NULL,1,'2020-05-01 00:00:00','2020-07-30 20:27:23','2020-07-30 20:27:23'),('7477c2a3-e85f-4664-9ffd-c9c874e00eb3','discardMenu','1800','广告丢弃时间','1a6ec88c-4800-49c1-908f-da76985a73dd',NULL,1,'2020-05-01 00:00:00','2020-07-30 20:27:22','2020-07-30 20:27:22'),('7481a44c-22d3-4ae2-a242-5496b28bb0b2','interstitialCD','0','插屏广告的cd','99e96dc9-a372-4e36-92de-8f5d5e2e9b4b',NULL,1,'2020-05-01 00:00:00','2020-07-30 20:27:25','2020-07-30 20:27:25'),('7484df48-fb35-4312-b837-5ea25e107d51','discountappear','10','限时折扣出现关卡','22a29ccf-1367-4ecc-ad8f-bbd955047936',NULL,1,'2020-05-01 00:00:00','2020-07-30 20:31:36','2020-07-30 20:31:36'),('74bd002a-a641-429a-ab0f-d7e194a9fa74','discardRewardVideo','1800','广告丢弃时间','f47d2a1f-6975-4eb4-85be-bc3cec6090cc',NULL,1,'2020-05-01 00:00:00','2020-07-30 20:27:21','2020-07-30 20:27:21'),('753837d8-7d47-46b6-bbef-69639935b75f','config013','true','GDPR+谷歌儿童政策弹窗是否开启','b1f7f2f4-c16b-4a5e-ac14-764f11662086',NULL,1,'2020-05-01 00:00:00','2020-07-30 20:27:26','2020-07-30 20:27:26'),('75ad141b-6372-4fd7-8441-6590ee95ef76','entersumcd','0','投放打点中enterGame参数','02ef1912-6a65-4281-a694-43d8b75007bb',NULL,1,'2020-05-01 00:00:00','2020-07-30 20:32:17','2020-07-30 20:32:17'),('76686106-19bd-456a-a7b2-cebfa8690f97','discardBanner','1800','广告丢弃时间','f1da0374-eeba-4319-b250-dc0ea165bba0',NULL,1,'2020-05-01 00:00:00','2020-07-30 20:27:24','2020-07-30 20:27:24'),('767e9e05-8fda-4d4d-8654-7bf65739dbd5','config010','https://sites.google.com/site/smooteprivacypolicy/','隐私政策URL','c6d78289-1a87-4e6b-bc76-f37d4f8ee462',NULL,1,'2020-05-01 00:00:00','2020-07-30 20:27:21','2020-07-30 20:27:21'),('76a4d415-d8df-44de-bd25-97336b69b4d0','discardNative','1800','广告丢弃时间','271c1b6a-89e0-439b-9607-bfb9bdb24b7c',NULL,1,'2020-05-01 00:00:00','2020-07-30 20:27:24','2020-07-30 20:27:24'),('77022177-3e9b-4fa5-949a-b1241494dfa9','config011','13','判断为儿童的最高年龄','2e899833-45ab-49ef-af7c-98c3e8ce960f',NULL,1,'2020-05-01 00:00:00','2020-07-30 20:27:21','2020-07-30 20:27:21'),('77102ed6-e17a-40d4-93f4-2f65a2d5895f','config013','true','GDPR+谷歌儿童政策弹窗是否开启','93456038-4afc-4a42-baef-17c37841d813',NULL,1,'2020-05-01 00:00:00','2020-07-30 20:27:20','2020-07-30 20:27:20'),('7720ab53-0ec5-48e6-a5a9-856b459d9413','nativeMenuTimeCD','180','Native_Menu时间cd','358cdbde-075c-4f20-b8d6-0c9ac6a5ac35',NULL,1,'2020-05-01 00:00:00','2020-07-30 20:27:26','2020-07-30 20:27:26'),('77255f4b-c5d3-4178-bcf8-5279ef003d89','config010','https://sites.google.com/site/smooteprivacypolicy/','隐私政策URL','5ad72a7a-019d-4303-9e49-208d207781eb',NULL,1,'2020-05-01 00:00:00','2020-07-30 20:27:22','2020-07-30 20:27:22'),('775dcafd-838e-42eb-8102-e5718c2599a1','videoTipsSwitch','1','激励视频二级弹窗显示开关（1：弹窗开启；0：弹窗关闭）','02ef1912-6a65-4281-a694-43d8b75007bb',NULL,1,'2020-05-01 00:00:00','2020-07-30 20:32:17','2020-07-30 20:32:17'),('77714791-d5d8-466c-866f-946598705d20','bannerTimeCD','15','banner内部刷新cd','13f3cad9-a21f-4d19-9939-49433f4b857d',NULL,1,'2020-05-01 00:00:00','2020-07-30 20:27:25','2020-07-30 20:27:25'),('77812f3e-8c42-46a9-a821-9e2591b4c642','delayToNextCache','60','native重试的间隔','77322dfb-045a-4f53-92b5-c3aae9192500',NULL,1,'2020-05-01 00:00:00','2020-07-30 20:31:34','2020-07-30 20:31:34'),('77beb5ec-a4a1-43f1-b208-ab654f5dbf8c','tryCacheTimes','0','native请求重试次数','908aab62-8e86-47ef-bb1a-45d0dec2b81c',NULL,1,'2020-05-01 00:00:00','2020-07-30 20:31:33','2020-07-30 20:31:33'),('77c4757d-162e-439c-a866-2e74b63e7285','interstitialTimeCD','90','插屏时间cd','09a6f3a0-581c-4b7b-a93e-5c21b12a5abd',NULL,1,'2020-05-01 00:00:00','2020-07-30 20:27:22','2020-07-30 20:27:22'),('785641c1-b6df-416f-a0ae-67a310d1688d','openNativeBannerAddition','1','native banner广告补充开关','917a71bc-8002-45e5-8c9e-1fe259a6a1dc',NULL,1,'2020-05-01 00:00:00','2020-07-30 20:27:23','2020-07-30 20:27:23'),('78756ee3-997d-4c40-bbb3-c56129849310','discardMenu','1800','广告丢弃时间','f1da0374-eeba-4319-b250-dc0ea165bba0',NULL,1,'2020-05-01 00:00:00','2020-07-30 20:27:24','2020-07-30 20:27:24'),('78d80e23-2b4c-49e5-8852-3a91fd22f44e','discardVideo','1800','广告丢弃时间','a4b3c237-110a-4381-965f-4c9d76fb6996',NULL,1,'2020-05-01 00:00:00','2020-07-30 20:27:23','2020-07-30 20:27:23'),('78ed312e-1e5d-4d83-9521-b3d60460e649','discardRewardVideo','1800','广告丢弃时间','d2b6cc37-c4c6-49f8-95b6-2e41eb472d09',NULL,1,'2020-05-01 00:00:00','2020-07-30 20:32:17','2020-07-30 20:32:17'),('794e5c20-eb36-48e2-aca1-daf1cb8e1459','config013','true','GDPR+谷歌儿童政策弹窗是否开启','dea0ddbf-68a3-4fdb-a488-84aaf2494671',NULL,1,'2020-05-01 00:00:00','2020-07-30 20:27:19','2020-07-30 20:27:19'),('79d30165-50b3-4d2a-897c-caa82f2f03e9','config051','https://sites.google.com/site/wordcrossprivacypolicy/','gdpr隐私说明地址','a8261063-c1c6-4d03-b42d-6730b33b8f45',NULL,1,'2020-05-01 00:00:00','2020-07-30 20:31:35','2020-07-30 20:31:35'),('79eb7278-97f8-4d86-add1-57415a8cfa62','popupsAfterShop','0','商店界面后弹出弹窗类型1分享2广告','8954b70f-2587-474f-b4ef-72c65f20d31c',NULL,1,'2020-05-01 00:00:00','2020-07-30 20:31:34','2020-07-30 20:31:34'),('7a34b779-7067-4d61-8641-2ed48826a6cf','nativeMenuTimeCD','180','Native_Menu时间cd','271c1b6a-89e0-439b-9607-bfb9bdb24b7c',NULL,1,'2020-05-01 00:00:00','2020-07-30 20:27:24','2020-07-30 20:27:24'),('7a896282-3847-4c1a-9172-25e5360f3fb8','config048','true','是否开启GDPR','25cd3758-fa7d-4e34-8e03-07dda42a11ef',NULL,1,'2020-05-01 00:00:00','2020-07-30 20:32:17','2020-07-30 20:32:17'),('7afbe5da-8ef1-4e08-8e78-92a5169e7eef','bannerTimeCD','15','banner内部刷新cd','5497fa84-5a40-45e0-bdee-6819533e44fe',NULL,1,'2020-05-01 00:00:00','2020-07-30 20:27:25','2020-07-30 20:27:25'),('7b1e39e9-7f4e-4a23-9ab3-aba64fb1512e','config010','https://sites.google.com/site/smooteprivacypolicy/','隐私政策URL','8e7283d6-0dd3-48fa-9ed2-b8b48c408c8f',NULL,1,'2020-05-01 00:00:00','2020-07-30 20:27:25','2020-07-30 20:27:25'),('7b262b15-72c7-4b3e-bd46-0db154cbfc87','delayToChangeText','5','native文本切换倒计时','26c3caed-1ef5-406a-9122-dc1b0c321044',NULL,1,'2020-05-01 00:00:00','2020-07-30 20:27:18','2020-07-30 20:27:18'),('7b601243-700f-4690-b2ab-21f90635d6f0','interstitialTimeCD','90','插屏时间cd','bf744ec9-0766-414d-9226-deb7f504e2da',NULL,1,'2020-05-01 00:00:00','2020-07-30 20:27:20','2020-07-30 20:27:20'),('7bce0cb7-018d-467e-b682-18ed2f17d9d4','discardRewardVideo','1800','广告丢弃时间','8c1b734a-abd7-464f-950f-9b10314aa657',NULL,1,'2020-05-01 00:00:00','2020-07-30 20:27:27','2020-07-30 20:27:27'),('7bd3d279-29a0-4490-8266-e1e075dbae8f','videoadreward','0.3;0.5','激励视频广告钱数','254e3a35-1b6f-47ac-8cb6-e2360526381d',NULL,1,'2020-05-01 00:00:00','2020-07-30 20:31:33','2020-07-30 20:31:33'),('7c533398-171d-4e8b-879e-1d6d0280d25c','nativeTemplateId','1','NativeBanner模板(0旧模板，1新模板）','ca0c186b-acbe-4d4f-8079-1dd1f8b6aa66',NULL,1,'2020-05-01 00:00:00','2020-07-30 20:31:35','2020-07-30 20:31:35'),('7c6c8ad5-98ae-4625-a29d-a2b01eb28e0b','config012','facebook','儿童用户不初始化SDK的渠道，半角逗号隔开','12f8e9ff-4497-47a0-ae1f-838653c6d07f',NULL,1,'2020-05-01 00:00:00','2020-07-30 20:27:25','2020-07-30 20:27:25'),('7cac05db-e2c2-40db-9f12-5f700878f8c4','bannerTimeCD','15','banner内部刷新cd','e7c95fb2-3797-4212-adb1-68b4f861a1e1',NULL,1,'2020-05-01 00:00:00','2020-07-30 20:27:19','2020-07-30 20:27:19'),('7cd3c068-a861-4804-a789-d91d0f533c5c','delayToNextCache','60','广告重试的间隔','2daaed44-e5e5-4b53-867f-987b995dc698',NULL,1,'2020-05-01 00:00:00','2020-07-30 20:27:27','2020-07-30 20:27:27'),('7ce07e99-8492-4050-85f8-f66e5853cc6e','interstitialCD','0','插屏广告的cd','e2ab3a48-8f79-4b13-ab07-04202238384a',NULL,1,'2020-05-01 00:00:00','2020-07-30 20:27:20','2020-07-30 20:27:20'),('7cfb51b8-0c05-4da1-b44d-46e79357df8e','config013','true','GDPR+谷歌儿童政策弹窗是否开启','58e88a15-363b-4dc1-b50b-ea9cc1d83e07',NULL,1,'2020-05-01 00:00:00','2020-07-30 20:27:24','2020-07-30 20:27:24'),('7d461d3f-c651-497a-8110-78cd4ca17308','openNativeBannerAddition','1','native banner广告补充开关','767967e4-fe2b-4a89-9abe-a707a398d4b8',NULL,1,'2020-05-01 00:00:00','2020-07-30 20:27:26','2020-07-30 20:27:26'),('7d7616db-76f1-44b1-a4ff-02471e4e5c53','config011','13','判断为儿童的最高年龄','6227e907-a951-4391-ba79-8e2b4b0fb64a',NULL,1,'2020-05-01 00:00:00','2020-07-30 20:27:19','2020-07-30 20:27:19'),('7d8f25c4-c82f-48f5-8b9f-136f70ef24da','delayToNextCache','60','广告重试的间隔','09a6f3a0-581c-4b7b-a93e-5c21b12a5abd',NULL,1,'2020-05-01 00:00:00','2020-07-30 20:27:22','2020-07-30 20:27:22'),('7e0bc682-98bc-4210-aa53-719f8bbc1b06','discardMenu','1800','广告丢弃时间','a4b3c237-110a-4381-965f-4c9d76fb6996',NULL,1,'2020-05-01 00:00:00','2020-07-30 20:27:23','2020-07-30 20:27:23'),('7e58b7cc-c60e-4686-90a9-ef37a9b92598','bannerTimeCD','15','banner内部刷新cd','8c1b734a-abd7-464f-950f-9b10314aa657',NULL,1,'2020-05-01 00:00:00','2020-07-30 20:27:27','2020-07-30 20:27:27'),('7ea8cf6e-a4de-4734-b90f-04e66ce56ab4','hintparameter','9999;30;200;60','提示金币数公式参数','26a8b698-9802-48d5-aa53-65630c7a8813',NULL,1,'2020-05-01 00:00:00','2020-07-30 20:31:35','2020-07-30 20:31:35'),('7ed1f145-d1d2-4287-bf89-22164f1f29df','bannerTimeCD','30','banner内部刷新cd','908aab62-8e86-47ef-bb1a-45d0dec2b81c',NULL,1,'2020-05-01 00:00:00','2020-07-30 20:31:33','2020-07-30 20:31:33'),('7f2ae78e-c24f-4726-8c8a-90c9f9960b8f','battleCoinDeal1','5','结束金币总数量活局一张牌','02ef1912-6a65-4281-a694-43d8b75007bb',NULL,1,'2020-05-01 00:00:00','2020-07-30 20:32:17','2020-07-30 20:32:17'),('7f4066e1-5a27-43b4-ac48-54f922e1c2a0','OpenAd','5','开始展示插屏的关卡','d8fb45fb-cae5-4912-a246-95bdb38eadeb',NULL,1,'2020-05-01 00:00:00','2020-07-30 20:27:26','2020-07-30 20:27:26'),('7fa9ed54-9184-45f8-9f80-8f80ad372c41','aolBannerRefreshTime','30','AOL刷新时间','908aab62-8e86-47ef-bb1a-45d0dec2b81c',NULL,1,'2020-05-01 00:00:00','2020-07-30 20:31:33','2020-07-30 20:31:33'),('7fbd654f-1cce-4623-929b-c164e83c9c86','freeCoinTimes','5','每日金币次数上限','02ef1912-6a65-4281-a694-43d8b75007bb',NULL,1,'2020-05-01 00:00:00','2020-07-30 20:32:17','2020-07-30 20:32:17'),('7fcdb72d-4866-4da9-81b8-9442aceb6253','delayToChangeText','5','native文本切换倒计时','49f52f76-adbe-40a2-898b-b3ce002c7b11',NULL,1,'2020-05-01 00:00:00','2020-07-30 20:27:23','2020-07-30 20:27:23'),('7ff5450f-4d71-4e7a-917d-11b22caa05aa','config012','facebook','儿童用户不初始化SDK的渠道，半角逗号隔开','d8fb45fb-cae5-4912-a246-95bdb38eadeb',NULL,1,'2020-05-01 00:00:00','2020-07-30 20:27:26','2020-07-30 20:27:26'),('80888db1-71d4-496b-b2c2-e95627d59d24','openNativeBannerAddition','1','native banner广告补充开关','6227e907-a951-4391-ba79-8e2b4b0fb64a',NULL,1,'2020-05-01 00:00:00','2020-07-30 20:27:19','2020-07-30 20:27:19'),('80dc9801-523b-44ef-8bb9-deae79d8b102','discardNative','1800','广告丢弃时间','870241ef-65cb-4659-9742-8581158ddf5f',NULL,1,'2020-05-01 00:00:00','2020-07-30 20:27:19','2020-07-30 20:27:19'),('81123367-98e8-4c13-a53b-0a00004b9ad2','config012','facebook','儿童用户不初始化SDK的渠道，半角逗号隔开','11423f6d-0979-432f-a947-77ff327feeba',NULL,1,'2020-05-01 00:00:00','2020-07-30 20:27:24','2020-07-30 20:27:24'),('81328cd0-da34-4303-b668-d73d4f690ad5','passStageReward_levelConfig','12;32;5;2|35;62;3;2|67;9999;4;3','过关激励视频关卡号条件，a;b;c;d为一个关卡区间，(level >= a 且 level <= b 且 level % c == d)，区间数量可变。','53896149-bf28-4c6d-bc07-9e28fc92880e',NULL,1,'2020-05-01 00:00:00','2020-07-30 20:31:35','2020-07-30 20:31:35'),('816d8e38-58eb-4656-9bd1-589f64abb99f','interstitialTimeCD','90','插屏时间cd','a696ebf2-17a6-45cf-971f-ad2108ed7265',NULL,1,'2020-05-01 00:00:00','2020-07-30 20:27:18','2020-07-30 20:27:18'),('8173600c-62ed-4ac0-abb1-e5170aee86d1','discardNative','1800','广告丢弃时间','2b582d59-ee7f-4c2f-b62e-55781fa67709',NULL,1,'2020-05-01 00:00:00','2020-07-30 20:27:24','2020-07-30 20:27:24'),('81805b8e-903e-4c95-83a5-b64173e7ba14','delayToNextCache','60','广告重试的间隔','45d53fa5-2193-483f-8752-b788da07ee9d',NULL,1,'2020-05-01 00:00:00','2020-07-30 20:27:26','2020-07-30 20:27:26'),('81937f9f-1d4f-4929-a35f-aa1c4629a275','returnAd_time','10','后台返回时间，需要在后台停留超过x秒后出现插屏','02ef1912-6a65-4281-a694-43d8b75007bb',NULL,1,'2020-05-01 00:00:00','2020-07-30 20:32:17','2020-07-30 20:32:17'),('81d6a892-3d05-422f-9111-51d82008315b','config051','https://sites.google.com/site/wordcrossprivacypolicy/','gdpr隐私说明地址','ca0c186b-acbe-4d4f-8079-1dd1f8b6aa66',NULL,1,'2020-05-01 00:00:00','2020-07-30 20:31:35','2020-07-30 20:31:35'),('81fdbfe9-7dee-4ffb-8f33-4cb9632c27be','popupsAfterShop','2','商店界面后弹出弹窗类型1分享2广告','22a29ccf-1367-4ecc-ad8f-bbd955047936',NULL,1,'2020-05-01 00:00:00','2020-07-30 20:31:36','2020-07-30 20:31:36'),('8210030a-a5ca-4208-8cfb-05817fe55ff3','pushTime','12;30;00;24','免费提示推送时间','8954b70f-2587-474f-b4ef-72c65f20d31c',NULL,1,'2020-05-01 00:00:00','2020-07-30 20:31:34','2020-07-30 20:31:34'),('82288ca6-cd34-4074-bbce-a68f9ee8c7f0','nativeMenuTimeCD','180','Native_Menu时间cd','2daaed44-e5e5-4b53-867f-987b995dc698',NULL,1,'2020-05-01 00:00:00','2020-07-30 20:27:27','2020-07-30 20:27:27'),('83655318-36de-4109-b7f0-5ceda395cb92','ThemeVer','7','主题红点控制的值','02ef1912-6a65-4281-a694-43d8b75007bb',NULL,1,'2020-05-01 00:00:00','2020-07-30 20:32:16','2020-07-30 20:32:16'),('8400b50e-95f5-4725-8595-85243bf8a08d','config012','facebook','儿童用户不初始化SDK的渠道，半角逗号隔开','ae0b1265-8ae3-4425-a175-94309e819528',NULL,1,'2020-05-01 00:00:00','2020-07-30 20:27:27','2020-07-30 20:27:27'),('843544a4-6d60-4711-9b08-95421f1eae13','foregroundAdCD','120','切回游戏展示广告cd','ee3ac931-50c3-48cf-9528-553dce9bd263',NULL,1,'2020-05-01 00:00:00','2020-07-30 20:27:20','2020-07-30 20:27:20'),('8442b0ab-fa1e-4db5-826e-5e415ddffc4a','bannerRefreshTime','30','Banner请求cd','c852899f-340e-49ce-ab21-e70175b8d63a',NULL,1,'2020-05-01 00:00:00','2020-07-30 20:27:22','2020-07-30 20:27:22'),('8452fa84-c629-428e-9639-a870a97e1c17','pushAppear','1','免费提示推送开启','8954b70f-2587-474f-b4ef-72c65f20d31c',NULL,1,'2020-05-01 00:00:00','2020-07-30 20:31:34','2020-07-30 20:31:34'),('8490ccaa-65f9-412e-a771-e84e56430998','discardMenu','1800','广告丢弃时间','09a6f3a0-581c-4b7b-a93e-5c21b12a5abd',NULL,1,'2020-05-01 00:00:00','2020-07-30 20:27:22','2020-07-30 20:27:22'),('84e78790-fcfa-4212-886c-98384d0cd684','sigleLevel','22','一次性商品促销弹窗出现最小关卡数','8954b70f-2587-474f-b4ef-72c65f20d31c',NULL,1,'2020-05-01 00:00:00','2020-07-30 20:31:34','2020-07-30 20:31:34'),('85412e7d-2bd3-4297-bcd8-818dcf883bbb','discardNative','1800','广告丢弃时间','45d53fa5-2193-483f-8752-b788da07ee9d',NULL,1,'2020-05-01 00:00:00','2020-07-30 20:27:26','2020-07-30 20:27:26'),('858ae7f1-e17e-40ba-888d-03af2a57b186','interstitialTimeCD','90','插屏时间cd','e2ab3a48-8f79-4b13-ab07-04202238384a',NULL,1,'2020-05-01 00:00:00','2020-07-30 20:27:20','2020-07-30 20:27:20'),('85dc353e-3cd1-41ab-a9cd-17886ddc445c','tryCacheTimes','0','广告请求重试次数','eb97e0fc-2281-4770-8a00-6c53032d9ca6',NULL,1,'2020-05-01 00:00:00','2020-07-30 20:27:19','2020-07-30 20:27:19'),('86123ac0-d3bd-4dce-a2ce-d39b26cdbb37','praiseFirstCD','10','新玩家胜利几局后弹出5星评论','02ef1912-6a65-4281-a694-43d8b75007bb',NULL,1,'2020-05-01 00:00:00','2020-07-30 20:32:16','2020-07-30 20:32:16'),('8646fba2-8efd-4526-8352-ab78b44e55d8','foregroundAdCD','120','切回游戏展示广告cd','9e192225-401b-459d-a763-a1a0e8d3b3d1',NULL,1,'2020-05-01 00:00:00','2020-07-30 20:27:23','2020-07-30 20:27:23'),('8668a49a-51c4-4ef7-9417-d7f32f721c7f','config010','https://sites.google.com/site/smooteprivacypolicy/','隐私政策URL','917a71bc-8002-45e5-8c9e-1fe259a6a1dc',NULL,1,'2020-05-01 00:00:00','2020-07-30 20:27:23','2020-07-30 20:27:23'),('8671b473-844d-49d3-88a7-78ee1e51dda3','config004','3','NativeBanner新用户点击区域（0按钮可点；1内容可点；2全屏可点；3内容可点文字不可点）','c33a593e-38b6-44e4-9f0c-bbeecd82095f',NULL,1,'2020-05-01 00:00:00','2020-07-30 20:31:36','2020-07-30 20:31:36'),('86af5912-5924-4276-8980-244470052b52','bannerTimeCD','15','banner内部刷新cd','870241ef-65cb-4659-9742-8581158ddf5f',NULL,1,'2020-05-01 00:00:00','2020-07-30 20:27:19','2020-07-30 20:27:19'),('86d6f5b5-f01c-4e2e-b36c-de03c5ec754d','tryCacheTimes','0','广告请求重试次数','bf744ec9-0766-414d-9226-deb7f504e2da',NULL,1,'2020-05-01 00:00:00','2020-07-30 20:27:20','2020-07-30 20:27:20'),('8700e5b3-45a5-428b-9271-d9707fd0516c','discardInterstitial','1800','广告丢弃时间','908aab62-8e86-47ef-bb1a-45d0dec2b81c',NULL,1,'2020-05-01 00:00:00','2020-07-30 20:31:33','2020-07-30 20:31:33'),('872070e5-b029-4d94-8b2a-75eda5716d81','nativeMenuTimeCD','180','Native_Menu时间cd','64529814-3cba-49ed-bee4-0487b65be20c',NULL,1,'2020-05-01 00:00:00','2020-07-30 20:27:24','2020-07-30 20:27:24'),('873bd695-064a-43a6-84d2-a548ff6d1a72','discardNative','1800','广告丢弃时间','47e265c0-7db7-4e6e-8389-2ba40d1078bb',NULL,1,'2020-05-01 00:00:00','2020-07-30 20:27:22','2020-07-30 20:27:22'),('87510c8d-c446-434a-891d-1ef1849151db','interstitialCD','1','插屏广告的cd','d2b6cc37-c4c6-49f8-95b6-2e41eb472d09',NULL,1,'2020-05-01 00:00:00','2020-07-30 20:32:17','2020-07-30 20:32:17'),('8786c131-5b47-4afe-8dc6-3caab110cdb3','OpenAd','5','开始展示插屏的关卡','8885eae0-97f1-4dbd-8d56-1719a40ac188',NULL,1,'2020-05-01 00:00:00','2020-07-30 20:27:23','2020-07-30 20:27:23'),('878ac903-9f1d-456b-9689-ad898a009fed','discardRewardVideo','1800','广告丢弃时间','56fc24fd-a74e-4476-b270-840947e64e0f',NULL,1,'2020-05-01 00:00:00','2020-07-30 20:27:27','2020-07-30 20:27:27'),('878dfa3d-058b-4521-8000-bf60617a34dc','nativeAdsCloseTime','0','插屏广告关闭倒计时','d2b6cc37-c4c6-49f8-95b6-2e41eb472d09',NULL,1,'2020-05-01 00:00:00','2020-07-30 20:32:17','2020-07-30 20:32:17'),('87aad703-7ed2-42a8-b632-6964dfbfffd4','interstitialCD','0','插屏广告的cd','a4b3c237-110a-4381-965f-4c9d76fb6996',NULL,1,'2020-05-01 00:00:00','2020-07-30 20:27:23','2020-07-30 20:27:23'),('87e29a85-fe29-440a-8be7-2b9a1140f2ba','discardMenu','1800','广告丢弃时间','271c1b6a-89e0-439b-9607-bfb9bdb24b7c',NULL,1,'2020-05-01 00:00:00','2020-07-30 20:27:24','2020-07-30 20:27:24'),('880a443b-d6b8-4d50-9eee-eb7fd95f9af5','passStageReward_chapterVideoMul','4','章节激励视频奖励倍率','22a29ccf-1367-4ecc-ad8f-bbd955047936',NULL,1,'2020-05-01 00:00:00','2020-07-30 20:31:36','2020-07-30 20:31:36'),('88167d1a-9b09-41fc-b417-648fa6e19d50','discardMenu','1800','广告丢弃时间','fdd1e57a-d8b5-4586-afa6-f2b471064bd7',NULL,1,'2020-05-01 00:00:00','2020-07-30 20:27:21','2020-07-30 20:27:21'),('886a7b19-8003-459c-adcf-c0642b75a84d','discardNative','1800','广告丢弃时间','d03ff918-8790-4782-bb0d-f6f826c39095',NULL,1,'2020-05-01 00:00:00','2020-07-30 20:27:21','2020-07-30 20:27:21'),('88c78b57-da4f-4f09-8585-1a8590af39a9','interstitialTimeCD','90','插屏时间cd','f1da0374-eeba-4319-b250-dc0ea165bba0',NULL,1,'2020-05-01 00:00:00','2020-07-30 20:27:24','2020-07-30 20:27:24'),('8901d920-2741-4e4e-8aac-05eb47af194f','aolBannerRefreshTime','30','AOL刷新时间','870241ef-65cb-4659-9742-8581158ddf5f',NULL,1,'2020-05-01 00:00:00','2020-07-30 20:27:19','2020-07-30 20:27:19'),('8948d69f-eabb-4ac3-a801-fa3c719dd485','discardNative','1800','广告丢弃时间','fdd1e57a-d8b5-4586-afa6-f2b471064bd7',NULL,1,'2020-05-01 00:00:00','2020-07-30 20:27:21','2020-07-30 20:27:21'),('8954117c-6969-4e46-8584-9ce5cda2db89','config003','0','Menu旧用户点击区域','d2b6cc37-c4c6-49f8-95b6-2e41eb472d09',NULL,1,'2020-05-01 00:00:00','2020-07-30 20:32:17','2020-07-30 20:32:17'),('8959b1b5-8b03-496c-9e7a-0d3e1f0adcb3','interstitialCD','0','插屏广告的cd','402fc850-1507-48e1-92a2-e6b2338b6321',NULL,1,'2020-05-01 00:00:00','2020-07-30 20:27:20','2020-07-30 20:27:20'),('89a95d10-5ee8-4753-bc3f-bc53013134b8','discardRewardVideo','1800','广告丢弃时间','908aab62-8e86-47ef-bb1a-45d0dec2b81c',NULL,1,'2020-05-01 00:00:00','2020-07-30 20:31:34','2020-07-30 20:31:34'),('89be0758-5a36-4527-a2cb-38c38bc98e59','OpenAd','5','开始展示插屏的关卡','e05be2fc-fca1-43f6-aa1a-56e70ce575d7',NULL,1,'2020-05-01 00:00:00','2020-07-30 20:27:24','2020-07-30 20:27:24'),('8b156abc-b6ac-49d1-b506-780471314c0c','bannerTimeCD','15','banner内部刷新cd','d1bd9e83-5216-48ff-8a5f-fe517bdd03b0',NULL,1,'2020-05-01 00:00:00','2020-07-30 20:31:35','2020-07-30 20:31:35'),('8b2c08ec-0f95-49f3-8d68-4eaaa840bc32','discardBanner','1800','广告丢弃时间','47e265c0-7db7-4e6e-8389-2ba40d1078bb',NULL,1,'2020-05-01 00:00:00','2020-07-30 20:27:22','2020-07-30 20:27:22'),('8b89fa54-f19e-455c-8dcf-944ddf21d561','config013','true','GDPR+谷歌儿童政策弹窗是否开启','9bb86e38-2898-4029-a42d-f4bfded7068b',NULL,1,'2020-05-01 00:00:00','2020-07-30 20:27:22','2020-07-30 20:27:22'),('8ba6b57c-5723-43bb-871e-99ab57581249','discardMenu','1800','广告丢弃时间','835c0271-34cf-455d-b1e7-45627a2e3788',NULL,1,'2020-05-01 00:00:00','2020-07-30 20:27:23','2020-07-30 20:27:23'),('8bbfb965-9473-4bdb-8dd5-51cee0ae2bfd','bannerRefreshTime','30','Banner请求cd','1a6ec88c-4800-49c1-908f-da76985a73dd',NULL,1,'2020-05-01 00:00:00','2020-07-30 20:27:22','2020-07-30 20:27:22'),('8bc1ad0c-9157-405a-95b0-461116fab9f5','foregroundAdCD','120','切回游戏展示广告cd','af061380-0d10-4118-b32d-da2faf5f5f2c',NULL,1,'2020-05-01 00:00:00','2020-07-30 20:27:21','2020-07-30 20:27:21'),('8bf19ccd-5258-489c-bd3c-e6af7addaaf9','delayToNextCache','60','广告重试的间隔','d03ff918-8790-4782-bb0d-f6f826c39095',NULL,1,'2020-05-01 00:00:00','2020-07-30 20:27:21','2020-07-30 20:27:21'),('8c0787ab-b53c-4bde-9027-14c87ab8eba4','bannerRefreshTime','30','Banner请求cd','8c1b734a-abd7-464f-950f-9b10314aa657',NULL,1,'2020-05-01 00:00:00','2020-07-30 20:27:27','2020-07-30 20:27:27'),('8ca1e2ac-7c8a-4a33-9d6c-558697a716df','videoLoadWaitingTime','10','RewardVideo广告等待时间','d2b6cc37-c4c6-49f8-95b6-2e41eb472d09',NULL,1,'2020-05-01 00:00:00','2020-07-30 20:32:17','2020-07-30 20:32:17'),('8ce1e9db-5a7e-4371-8105-75a5ddabe6c8','discardNative','1800','广告丢弃时间','5497fa84-5a40-45e0-bdee-6819533e44fe',NULL,1,'2020-05-01 00:00:00','2020-07-30 20:27:25','2020-07-30 20:27:25'),('8d6d3a7c-17e2-4fe8-b62a-ec61b26f7da1','unLockWinCount3','16','胜利几局后解锁主题3','02ef1912-6a65-4281-a694-43d8b75007bb',NULL,1,'2020-05-01 00:00:00','2020-07-30 20:32:16','2020-07-30 20:32:16'),('8d757c90-c155-4242-aa00-f1c693e514c8','config010','https://sites.google.com/site/smooteprivacypolicy/','隐私政策URL','ee3ac931-50c3-48cf-9528-553dce9bd263',NULL,1,'2020-05-01 00:00:00','2020-07-30 20:27:20','2020-07-30 20:27:20'),('8dd6cf41-0c4d-4e92-9a57-a49c7e0db77c','delayToChangeText','5','native文本切换倒计时','a696ebf2-17a6-45cf-971f-ad2108ed7265',NULL,1,'2020-05-01 00:00:00','2020-07-30 20:27:18','2020-07-30 20:27:18'),('8e1c7f76-efe6-4b31-bebc-000631fd4df2','discardInterstitial','1800','广告丢弃时间','8c1b734a-abd7-464f-950f-9b10314aa657',NULL,1,'2020-05-01 00:00:00','2020-07-30 20:27:27','2020-07-30 20:27:27'),('8ea612b3-848a-45b2-aa6e-ef5ee6ddb4a9','discardBanner','1800','广告丢弃时间','37956cfa-e476-4792-9993-2501c51fd489',NULL,1,'2020-05-01 00:00:00','2020-07-30 20:27:26','2020-07-30 20:27:26'),('8eb1c3d6-e15d-4334-a172-30122058f402','config010','https://sites.google.com/site/smooteprivacypolicy/','隐私政策URL','11423f6d-0979-432f-a947-77ff327feeba',NULL,1,'2020-05-01 00:00:00','2020-07-30 20:27:24','2020-07-30 20:27:24'),('8eb64aaf-c893-4a41-9bee-ff893594bc17','interstitialTimeCD','90','插屏时间cd','47e265c0-7db7-4e6e-8389-2ba40d1078bb',NULL,1,'2020-05-01 00:00:00','2020-07-30 20:27:22','2020-07-30 20:27:22'),('8f2226ea-9355-4270-9edd-d30836bc4625','battleReward_type1','10','对战奖励1张牌2个人','02ef1912-6a65-4281-a694-43d8b75007bb',NULL,1,'2020-05-01 00:00:00','2020-07-30 20:32:17','2020-07-30 20:32:17'),('8f81b0dc-e78d-47ea-8bdb-6fe00e1fc1df','interstitialadsappear','20','插屏广告出现关卡数','254e3a35-1b6f-47ac-8cb6-e2360526381d',NULL,1,'2020-05-01 00:00:00','2020-07-30 20:31:33','2020-07-30 20:31:33'),('904d66ca-11c5-419c-85d0-09a09b137717','discardRewardVideo','1800','广告丢弃时间','26c3caed-1ef5-406a-9122-dc1b0c321044',NULL,1,'2020-05-01 00:00:00','2020-07-30 20:27:19','2020-07-30 20:27:19'),('90c8c610-38ea-4ab7-b62b-d5bb97f5e2f4','bannerRefreshTime','30','Banner请求cd','cdbd3e85-6a42-4000-996e-3e024ff4cc6d',NULL,1,'2020-05-01 00:00:00','2020-07-30 20:27:25','2020-07-30 20:27:25'),('911f4fdb-d0ec-4612-a1c9-c406339fc8aa','discardVideo','1800','广告丢弃时间','99e96dc9-a372-4e36-92de-8f5d5e2e9b4b',NULL,1,'2020-05-01 00:00:00','2020-07-30 20:27:25','2020-07-30 20:27:25'),('9122ce36-67eb-4bb0-9b52-51c951da9231','config011','13','判断为儿童的最高年龄','6055f856-a2ce-4fa0-8678-c914b660717c',NULL,1,'2020-05-01 00:00:00','2020-07-30 20:27:26','2020-07-30 20:27:26'),('913db83e-e1f0-4a82-81a6-f5cdcf0c992a','OpenAd','5','开始展示插屏的关卡','ee3ac931-50c3-48cf-9528-553dce9bd263',NULL,1,'2020-05-01 00:00:00','2020-07-30 20:27:20','2020-07-30 20:27:20'),('9156bbc4-dffc-43bb-b184-09a2a1868ce6','delayToChangeText','5','native文本切换倒计时','271c1b6a-89e0-439b-9607-bfb9bdb24b7c',NULL,1,'2020-05-01 00:00:00','2020-07-30 20:27:24','2020-07-30 20:27:24'),('916c509b-bed0-4644-afc5-91ea0e4e6fe9','bannerRefreshTime','25','banner内部刷新cd','c33a593e-38b6-44e4-9f0c-bbeecd82095f',NULL,1,'2020-05-01 00:00:00','2020-07-30 20:31:36','2020-07-30 20:31:36'),('91e99042-f58f-41a2-ac8e-6a5065f4e0bf','OpenAd','5','开始展示插屏的关卡','e4c4b2e2-acbb-4ea9-b8ac-b4dac2b32202',NULL,1,'2020-05-01 00:00:00','2020-07-30 20:27:18','2020-07-30 20:27:18'),('92352e3b-dab5-49aa-b055-7307009ab990','config012','facebook','儿童用户不初始化SDK的渠道，半角逗号隔开','9e192225-401b-459d-a763-a1a0e8d3b3d1',NULL,1,'2020-05-01 00:00:00','2020-07-30 20:27:23','2020-07-30 20:27:23'),('9241f9da-174d-4cf8-8114-06a28e8fc2d9','config050','https://sites.google.com/site/termsofwordcross/','服务条款说明地址','ca0c186b-acbe-4d4f-8079-1dd1f8b6aa66',NULL,1,'2020-05-01 00:00:00','2020-07-30 20:31:35','2020-07-30 20:31:35'),('9255b565-2e65-40ff-a2df-685516ec0b75','config010','https://sites.google.com/site/smooteprivacypolicy/','隐私政策URL','e4c4b2e2-acbb-4ea9-b8ac-b4dac2b32202',NULL,1,'2020-05-01 00:00:00','2020-07-30 20:27:18','2020-07-30 20:27:18'),('926847af-59cd-4eb4-87ed-b6f290056718','passStageReward_levelConfig','12;32;5;2|35;62;3;2|67;9999;4;3','过关激励视频关卡号条件，a;b;c;d为一个关卡区间，(level >= a 且 level <= b 且 level % c == d)，区间数量可变。','3888fbd2-291f-4072-8e5c-1696aad0b267',NULL,1,'2020-05-01 00:00:00','2020-07-30 20:31:35','2020-07-30 20:31:35'),('92a5089b-e049-4bce-9ffd-5a960c5d8ca0','delayToChangeText','5','native文本切换倒计时','47e265c0-7db7-4e6e-8389-2ba40d1078bb',NULL,1,'2020-05-01 00:00:00','2020-07-30 20:27:22','2020-07-30 20:27:22'),('92fb2076-cfa1-4eb3-8150-9dde1bf33dc2','config010','https://sites.google.com/site/smooteprivacypolicy/','隐私政策URL','2e899833-45ab-49ef-af7c-98c3e8ce960f',NULL,1,'2020-05-01 00:00:00','2020-07-30 20:27:21','2020-07-30 20:27:21'),('9320af21-eede-4813-8fdb-b306617a99b0','discardNative','1800','广告丢弃时间','99e96dc9-a372-4e36-92de-8f5d5e2e9b4b',NULL,1,'2020-05-01 00:00:00','2020-07-30 20:27:25','2020-07-30 20:27:25'),('93218156-df7e-4405-86ac-d67e325dd3f0','config011','13','判断为儿童的最高年龄','8885eae0-97f1-4dbd-8d56-1719a40ac188',NULL,1,'2020-05-01 00:00:00','2020-07-30 20:27:23','2020-07-30 20:27:23'),('93252ee0-09fb-4eaa-913e-31a6338f4a3b','config011','13','判断为儿童的最高年龄','767967e4-fe2b-4a89-9abe-a707a398d4b8',NULL,1,'2020-05-01 00:00:00','2020-07-30 20:27:26','2020-07-30 20:27:26'),('93355de7-9cda-4fc4-bf62-ab5e73874b5c','delayToChangeText','5','native文本切换倒计时','358cdbde-075c-4f20-b8d6-0c9ac6a5ac35',NULL,1,'2020-05-01 00:00:00','2020-07-30 20:27:26','2020-07-30 20:27:26'),('935f49e5-e25c-43ad-8af8-ea96f7132435','aolBannerRefreshTime','30','AOL刷新时间','d03ff918-8790-4782-bb0d-f6f826c39095',NULL,1,'2020-05-01 00:00:00','2020-07-30 20:27:21','2020-07-30 20:27:21'),('93ccbb07-afbd-49a2-b9ba-18a4aff106c9','nativeAdsCloseTime','0','插屏广告关闭倒计时','25cd3758-fa7d-4e34-8e03-07dda42a11ef',NULL,1,'2020-05-01 00:00:00','2020-07-30 20:32:17','2020-07-30 20:32:17'),('93f7d806-7cfd-4007-b40d-967574714154','delayToChangeText','5','native文本切换倒计时','c852899f-340e-49ce-ab21-e70175b8d63a',NULL,1,'2020-05-01 00:00:00','2020-07-30 20:27:22','2020-07-30 20:27:22'),('944286bf-04de-4825-a81d-e7397581d151','delayToNextCache','60','广告重试的间隔','f1da0374-eeba-4319-b250-dc0ea165bba0',NULL,1,'2020-05-01 00:00:00','2020-07-30 20:27:24','2020-07-30 20:27:24'),('9451c7b5-0905-4ada-9d47-7223fd0b46ec','coinFreeCDTable','390;600;2250;3330;6660;13320;26640;53280;106560','免费金币时间表','02ef1912-6a65-4281-a694-43d8b75007bb',NULL,1,'2020-05-01 00:00:00','2020-07-30 20:32:17','2020-07-30 20:32:17'),('945d9d46-1151-47eb-aef9-654499fdf0ca','interstitialTimeCD','90','插屏时间cd','d03ff918-8790-4782-bb0d-f6f826c39095',NULL,1,'2020-05-01 00:00:00','2020-07-30 20:27:21','2020-07-30 20:27:21'),('94d0e8b4-1f17-49e1-a66f-f89faa891491','delayToChangeText','5','native文本切换倒计时','908aab62-8e86-47ef-bb1a-45d0dec2b81c',NULL,1,'2020-05-01 00:00:00','2020-07-30 20:31:33','2020-07-30 20:31:33'),('950dac7b-11a8-4606-8fb8-c2a5ef56c904','config013','true','GDPR+谷歌儿童政策弹窗是否开启','11423f6d-0979-432f-a947-77ff327feeba',NULL,1,'2020-05-01 00:00:00','2020-07-30 20:27:24','2020-07-30 20:27:24'),('9542fac9-6c20-49b5-bf73-a9e003eb0b04','interstitialTimeCD','90','插屏时间cd','d2b6cc37-c4c6-49f8-95b6-2e41eb472d09',NULL,1,'2020-05-01 00:00:00','2020-07-30 20:32:17','2020-07-30 20:32:17'),('95cb4156-941e-42bb-83fc-3478db88d20b','bannerTimeCD','15','banner内部刷新cd','766a41ed-6e68-423d-80bc-76105794e54c',NULL,1,'2020-05-01 00:00:00','2020-07-30 20:27:18','2020-07-30 20:27:18'),('95d083a8-dbc7-4bcd-967e-14952908251b','discardVideo','1800','广告丢弃时间','766a41ed-6e68-423d-80bc-76105794e54c',NULL,1,'2020-05-01 00:00:00','2020-07-30 20:27:18','2020-07-30 20:27:18'),('961434d2-6655-4fb4-900a-dbff7a2715f2','config012','facebook','儿童用户不初始化SDK的渠道，半角逗号隔开','33d5453a-a69d-44a7-8fcc-6eecb8e5ec70',NULL,1,'2020-05-01 00:00:00','2020-07-30 20:27:21','2020-07-30 20:27:21'),('962763d1-f677-4795-9b6e-e6cd7250d7b9','interstitialCD','0','插屏广告的cd','a696ebf2-17a6-45cf-971f-ad2108ed7265',NULL,1,'2020-05-01 00:00:00','2020-07-30 20:27:18','2020-07-30 20:27:18'),('9683397d-3da4-45f7-9703-4d588ad90146','popupsAfterShop','2','商店界面后弹出弹窗类型1分享2广告','6eec7ed5-69c9-4126-a9f9-d435a6f744fb',NULL,1,'2020-05-01 00:00:00','2020-07-30 20:31:35','2020-07-30 20:31:35'),('96935591-52d1-415e-b2b5-97c204848775','hintparameter','9999;30;200;60','提示金币数公式参数','22a29ccf-1367-4ecc-ad8f-bbd955047936',NULL,1,'2020-05-01 00:00:00','2020-07-30 20:31:36','2020-07-30 20:31:36'),('96c2de30-47ac-405c-8d73-67c53a9390ce','OpenAd','5','开始展示插屏的关卡','58e88a15-363b-4dc1-b50b-ea9cc1d83e07',NULL,1,'2020-05-01 00:00:00','2020-07-30 20:27:24','2020-07-30 20:27:24'),('96c3cc6b-06f9-4780-ad90-d441180751cb','discardMenu','1800','广告丢弃时间','fb07f7e4-2810-429d-9eaf-aebf1e50385e',NULL,1,'2020-05-01 00:00:00','2020-07-30 20:27:26','2020-07-30 20:27:26'),('97254bf1-4f12-4cec-9007-ef63f9d50866','popMaxRewardNum','100','商店界面后弹出的广告2，每日广告上限','26a8b698-9802-48d5-aa53-65630c7a8813',NULL,1,'2020-05-01 00:00:00','2020-07-30 20:31:35','2020-07-30 20:31:35'),('97593e50-64f6-4069-aac9-e5b990268646','delayToChangeText','5','native文本切换倒计时','2b582d59-ee7f-4c2f-b62e-55781fa67709',NULL,1,'2020-05-01 00:00:00','2020-07-30 20:27:23','2020-07-30 20:27:23'),('97b59a8c-1ed7-449c-ae8f-2453ead0db45','bannerRefreshTime','30','Banner请求cd','a696ebf2-17a6-45cf-971f-ad2108ed7265',NULL,1,'2020-05-01 00:00:00','2020-07-30 20:27:18','2020-07-30 20:27:18'),('97bf2cae-f2db-4149-beb5-bdb6799d77fa','boardskinlock','0;0;20;50;90;150','皮肤解锁关卡','26a8b698-9802-48d5-aa53-65630c7a8813',NULL,1,'2020-05-01 00:00:00','2020-07-30 20:31:35','2020-07-30 20:31:35'),('98288c88-29d0-4c16-bf2b-4bcb63b94bf5','discardRewardVideo','1800','广告丢弃时间','c852899f-340e-49ce-ab21-e70175b8d63a',NULL,1,'2020-05-01 00:00:00','2020-07-30 20:27:22','2020-07-30 20:27:22'),('98784296-fe84-4ea7-b45c-a0ffc70452c9','discardInterstitial','1800','广告丢弃时间','835c0271-34cf-455d-b1e7-45627a2e3788',NULL,1,'2020-05-01 00:00:00','2020-07-30 20:27:23','2020-07-30 20:27:23'),('989246a0-3bc7-4125-80ac-1602a06863e3','notifyQueue','1;0','自定义通知队列{位置1->免费提示字,位置2->免费金币...}开启状态(0/1) 1为开启','254e3a35-1b6f-47ac-8cb6-e2360526381d',NULL,1,'2020-05-01 00:00:00','2020-07-30 20:31:33','2020-07-30 20:31:33'),('9939a26f-861d-4d0f-91ec-4f4f072d6161','unLockWinCount1','4','胜利几局后解锁主题1','02ef1912-6a65-4281-a694-43d8b75007bb',NULL,1,'2020-05-01 00:00:00','2020-07-30 20:32:16','2020-07-30 20:32:16'),('997e9785-b750-4a07-bdd5-f83d690e5507','config011','13','判断为儿童的最高年龄','001b7152-be62-4861-949f-e5c50d0a646e',NULL,1,'2020-05-01 00:00:00','2020-07-30 20:27:24','2020-07-30 20:27:24'),('99b0052f-1e89-4081-bbd9-acf7b879bbf6','tryCacheTimes','0','native请求重试次数','77322dfb-045a-4f53-92b5-c3aae9192500',NULL,1,'2020-05-01 00:00:00','2020-07-30 20:31:34','2020-07-30 20:31:34'),('9a04ca91-b92a-4060-b015-63de9a3a1f35','coinX','1000','商店界面后弹出的广告2，当前金币数大于一次提示消耗的该倍数时不弹视频弹窗','6eec7ed5-69c9-4126-a9f9-d435a6f744fb',NULL,1,'2020-05-01 00:00:00','2020-07-30 20:31:35','2020-07-30 20:31:35'),('9a221304-4eb9-439d-a478-f6ef72ff0812','discardNative','1800','广告丢弃时间','f47d2a1f-6975-4eb4-85be-bc3cec6090cc',NULL,1,'2020-05-01 00:00:00','2020-07-30 20:27:21','2020-07-30 20:27:21'),('9a5df5a0-db59-4648-9be6-5e04addeff01','foregroundAdCD','120','切回游戏展示广告cd','9bb86e38-2898-4029-a42d-f4bfded7068b',NULL,1,'2020-05-01 00:00:00','2020-07-30 20:27:22','2020-07-30 20:27:22'),('9a6855fd-d124-40e5-8f7c-6f3c6ff835b8','OpenAd','5','开始展示插屏的关卡','11423f6d-0979-432f-a947-77ff327feeba',NULL,1,'2020-05-01 00:00:00','2020-07-30 20:27:24','2020-07-30 20:27:24'),('9acd0eb0-4d4c-40c8-b957-d2b5bc507ed2','discardBanner','1800','广告丢弃时间','49f52f76-adbe-40a2-898b-b3ce002c7b11',NULL,1,'2020-05-01 00:00:00','2020-07-30 20:27:23','2020-07-30 20:27:23'),('9ae5d006-a25d-4761-a14a-8cc123334be3','config012','facebook','儿童用户不初始化SDK的渠道，半角逗号隔开','dc340309-44d7-4fea-9cea-534e0299fe8b',NULL,1,'2020-05-01 00:00:00','2020-07-30 20:27:27','2020-07-30 20:27:27'),('9b0bf6d9-0676-4f74-955c-c14245315935','tryCacheTimes','0','广告请求重试次数','1a6ec88c-4800-49c1-908f-da76985a73dd',NULL,1,'2020-05-01 00:00:00','2020-07-30 20:27:22','2020-07-30 20:27:22'),('9b187739-6bf3-4a4c-b6ae-b9c41698c206','nativeMenuTimeCD','180','Native_Menu时间cd','fdd1e57a-d8b5-4586-afa6-f2b471064bd7',NULL,1,'2020-05-01 00:00:00','2020-07-30 20:27:21','2020-07-30 20:27:21'),('9b314f53-f1b1-4212-9cc5-4547af9c4874','rateappear','50','评价弹窗出现关卡','8954b70f-2587-474f-b4ef-72c65f20d31c',NULL,1,'2020-05-01 00:00:00','2020-07-30 20:31:34','2020-07-30 20:31:34'),('9b34393e-a745-4a48-879d-013c8ab48bd5','openNativeBannerAddition','1','native banner广告补充开关','33d5453a-a69d-44a7-8fcc-6eecb8e5ec70',NULL,1,'2020-05-01 00:00:00','2020-07-30 20:27:21','2020-07-30 20:27:21'),('9bf501b2-74e5-421e-b811-1e7fa35c8eb1','ExtraReward_Pop','1','额外词弹窗的常量开关','6eec7ed5-69c9-4126-a9f9-d435a6f744fb',NULL,1,'2020-05-01 00:00:00','2020-07-30 20:31:35','2020-07-30 20:31:35'),('9c469dc3-bb01-4cee-9450-fa7d7e10df81','openNativeBannerAddition','1','native banner广告补充开关','dc340309-44d7-4fea-9cea-534e0299fe8b',NULL,1,'2020-05-01 00:00:00','2020-07-30 20:27:27','2020-07-30 20:27:27'),('9c582e90-4ee3-4afc-8cb0-a7956ef665c2','OpenAd','5','开始展示插屏的关卡','8d8704e5-3987-4334-b9cc-bac2416110e6',NULL,1,'2020-05-01 00:00:00','2020-07-30 20:27:19','2020-07-30 20:27:19'),('9c63619d-05e3-41cd-8177-249e941928b4','discardInterstitial','1800','广告丢弃时间','99e96dc9-a372-4e36-92de-8f5d5e2e9b4b',NULL,1,'2020-05-01 00:00:00','2020-07-30 20:27:25','2020-07-30 20:27:25'),('9cb6c5a7-0e74-464d-9f6c-8d733d6ef0ca','delayToNextCache','60','广告重试的间隔','766a41ed-6e68-423d-80bc-76105794e54c',NULL,1,'2020-05-01 00:00:00','2020-07-30 20:27:18','2020-07-30 20:27:18'),('9cba1bbb-0860-415d-96d9-2b5192d0c3d9','tryCacheTimes','0','广告请求重试次数','5497fa84-5a40-45e0-bdee-6819533e44fe',NULL,1,'2020-05-01 00:00:00','2020-07-30 20:27:25','2020-07-30 20:27:25'),('9cee39f2-1814-402e-9b57-5d89e7b9a960','config013','true','GDPR+谷歌儿童政策弹窗是否开启','dc340309-44d7-4fea-9cea-534e0299fe8b',NULL,1,'2020-05-01 00:00:00','2020-07-30 20:27:27','2020-07-30 20:27:27'),('9d042ec3-8fcf-40da-8a26-c4acec54245e','OpenAd','5','开始展示插屏的关卡','2e899833-45ab-49ef-af7c-98c3e8ce960f',NULL,1,'2020-05-01 00:00:00','2020-07-30 20:27:21','2020-07-30 20:27:21'),('9d2d93ae-66c1-4fe3-9e3b-3628ea59608a','tryCacheTimes','0','广告请求重试次数','402fc850-1507-48e1-92a2-e6b2338b6321',NULL,1,'2020-05-01 00:00:00','2020-07-30 20:27:20','2020-07-30 20:27:20'),('9d43989e-11ab-4634-a359-ca365b0218b9','aolBannerRefreshTime','30','AOL刷新时间','402fc850-1507-48e1-92a2-e6b2338b6321',NULL,1,'2020-05-01 00:00:00','2020-07-30 20:27:20','2020-07-30 20:27:20'),('9d7a5126-da82-4ba8-b3e2-bf8b0e5c55c3','aolBannerRefreshTime','30','AOL刷新时间','5497fa84-5a40-45e0-bdee-6819533e44fe',NULL,1,'2020-05-01 00:00:00','2020-07-30 20:27:25','2020-07-30 20:27:25'),('9e01d7e8-2b6d-427b-ad8d-e6e17b4b7a61','config011','13','判断为儿童的最高年龄','d8fb45fb-cae5-4912-a246-95bdb38eadeb',NULL,1,'2020-05-01 00:00:00','2020-07-30 20:27:26','2020-07-30 20:27:26'),('9e9aa4eb-799f-4975-9a46-9a2ba2066761','nativeTemplateId','1','NativeBanner模板(0旧模板，1新模板）','908aab62-8e86-47ef-bb1a-45d0dec2b81c',NULL,1,'2020-05-01 00:00:00','2020-07-30 20:31:34','2020-07-30 20:31:34'),('9f1cb46e-0d61-497d-8f9d-21bbb1bf485b','wheel_rewardweight','20;20;5;20;10;25','奖励权重：coin_10；coin_20；coin_100；iap_type11；hint；rewardVideo','8954b70f-2587-474f-b4ef-72c65f20d31c',NULL,1,'2020-05-01 00:00:00','2020-07-30 20:31:34','2020-07-30 20:31:34'),('9f5fbd19-c0de-416b-96d9-d1b224cdf384','pushTime','12;30;00;24','免费提示推送时间','254e3a35-1b6f-47ac-8cb6-e2360526381d',NULL,1,'2020-05-01 00:00:00','2020-07-30 20:31:33','2020-07-30 20:31:33'),('9fb4d61b-fba3-4270-a001-59c3ac4bdfc0','rateinterval','40','评价弹窗出现间隔','6eec7ed5-69c9-4126-a9f9-d435a6f744fb',NULL,1,'2020-05-01 00:00:00','2020-07-30 20:31:35','2020-07-30 20:31:35'),('a0061200-7a54-4df8-a4fc-a0c9bac85b2e','config011','13','判断为儿童的最高年龄','dea0ddbf-68a3-4fdb-a488-84aaf2494671',NULL,1,'2020-05-01 00:00:00','2020-07-30 20:27:19','2020-07-30 20:27:19'),('a066b214-e2cc-4b64-a848-868d51030464','discardNative','1800','广告丢弃时间','358cdbde-075c-4f20-b8d6-0c9ac6a5ac35',NULL,1,'2020-05-01 00:00:00','2020-07-30 20:27:27','2020-07-30 20:27:27'),('a07159e0-7b79-49f3-8066-124fbac6f47a','dailybonusappear','11','每日登录奖励出现关卡','8954b70f-2587-474f-b4ef-72c65f20d31c',NULL,1,'2020-05-01 00:00:00','2020-07-30 20:31:34','2020-07-30 20:31:34'),('a0e441dd-c794-4f3c-bca8-7f228fdeb763','interstitialTimeCD','90','插屏时间cd','f47d2a1f-6975-4eb4-85be-bc3cec6090cc',NULL,1,'2020-05-01 00:00:00','2020-07-30 20:27:21','2020-07-30 20:27:21'),('a0feed34-6c8c-4ac9-a247-13c609cc6ff1','delayToNextCache','60','广告重试的间隔','835c0271-34cf-455d-b1e7-45627a2e3788',NULL,1,'2020-05-01 00:00:00','2020-07-30 20:27:23','2020-07-30 20:27:23'),('a104e9e5-c15b-4b21-ae6d-d0e36400e821','nativeMenuTimeCD','180','Native_Menu时间cd','09a6f3a0-581c-4b7b-a93e-5c21b12a5abd',NULL,1,'2020-05-01 00:00:00','2020-07-30 20:27:22','2020-07-30 20:27:22'),('a12abf12-9ade-4d43-9247-078fb2930198','discardRewardVideo','1800','广告丢弃时间','870241ef-65cb-4659-9742-8581158ddf5f',NULL,1,'2020-05-01 00:00:00','2020-07-30 20:27:19','2020-07-30 20:27:19'),('a163ebc9-bff8-4c12-b8a6-111da29a0538','interstitialCD','0','插屏广告的cd','358cdbde-075c-4f20-b8d6-0c9ac6a5ac35',NULL,1,'2020-05-01 00:00:00','2020-07-30 20:27:26','2020-07-30 20:27:26'),('a1a20bcb-1f00-4dd8-b3c2-17234eec2f14','easyJudgeCDMin','1.2','easy对手的判定用时最小值','02ef1912-6a65-4281-a694-43d8b75007bb',NULL,1,'2020-05-01 00:00:00','2020-07-30 20:32:16','2020-07-30 20:32:16'),('a1ad0ed6-c683-4b19-9848-ce6afcf8dfa8','config010','https://sites.google.com/site/smooteprivacypolicy/','隐私政策URL','dc340309-44d7-4fea-9cea-534e0299fe8b',NULL,1,'2020-05-01 00:00:00','2020-07-30 20:27:27','2020-07-30 20:27:27'),('a217fadb-c7e7-4335-b64e-a90765d0aedb','bannerRefreshTime','30','Banner请求cd','e7c95fb2-3797-4212-adb1-68b4f861a1e1',NULL,1,'2020-05-01 00:00:00','2020-07-30 20:27:19','2020-07-30 20:27:19'),('a23cc169-4d37-46b6-a030-3f33448c9c37','nativeMenuTimeCD','180','Native_Menu时间cd','45d53fa5-2193-483f-8752-b788da07ee9d',NULL,1,'2020-05-01 00:00:00','2020-07-30 20:27:26','2020-07-30 20:27:26'),('a23e51fd-d3aa-4514-b211-675dd62c26aa','config012','facebook','儿童用户不初始化SDK的渠道，半角逗号隔开','767967e4-fe2b-4a89-9abe-a707a398d4b8',NULL,1,'2020-05-01 00:00:00','2020-07-30 20:27:26','2020-07-30 20:27:26'),('a284ca39-f110-492d-afaf-48f182530ce8','config011','13','判断为儿童的最高年龄','40d5669d-5ae5-49b9-b58d-3c704bdfc594',NULL,1,'2020-05-01 00:00:00','2020-07-30 20:27:27','2020-07-30 20:27:27'),('a2a11f2c-9ff5-40cb-b9f5-8f359b6a316f','battleMagicNum','3','对战模式魔法棒单局使用上限[-1为无限制]','02ef1912-6a65-4281-a694-43d8b75007bb',NULL,1,'2020-05-01 00:00:00','2020-07-30 20:32:17','2020-07-30 20:32:17'),('a2ca3921-6433-476e-b9ba-aea60fc803a1','aolBannerRefreshTime','30','AOL刷新时间','766a41ed-6e68-423d-80bc-76105794e54c',NULL,1,'2020-05-01 00:00:00','2020-07-30 20:27:18','2020-07-30 20:27:18'),('a2e833e4-cb6a-4006-af3d-88ff509526ea','discardInterstitial','1800','广告丢弃时间','766a41ed-6e68-423d-80bc-76105794e54c',NULL,1,'2020-05-01 00:00:00','2020-07-30 20:27:18','2020-07-30 20:27:18'),('a37f2570-8cd6-437c-9117-b89d3a521ce0','discardNative','1800','广告丢弃时间','908aab62-8e86-47ef-bb1a-45d0dec2b81c',NULL,1,'2020-05-01 00:00:00','2020-07-30 20:31:33','2020-07-30 20:31:33'),('a3854f2a-a150-44ec-96d1-3c4184e1f16f','delayToChangeText','5','native文本切换倒计时','d2b6cc37-c4c6-49f8-95b6-2e41eb472d09',NULL,1,'2020-05-01 00:00:00','2020-07-30 20:32:17','2020-07-30 20:32:17'),('a415036a-34b6-455d-a0dd-fe14e597cf96','delayToChangeText','5','native文本切换倒计时','2daaed44-e5e5-4b53-867f-987b995dc698',NULL,1,'2020-05-01 00:00:00','2020-07-30 20:27:27','2020-07-30 20:27:27'),('a45ba5ad-4d04-4129-9a44-c5da0b4956cd','discardInterstitial','1800','广告丢弃时间','2b582d59-ee7f-4c2f-b62e-55781fa67709',NULL,1,'2020-05-01 00:00:00','2020-07-30 20:27:24','2020-07-30 20:27:24'),('a46cd609-54bb-4f4e-a372-3bd8f9bf627a','tryCacheTimes','0','广告请求重试次数','37956cfa-e476-4792-9993-2501c51fd489',NULL,1,'2020-05-01 00:00:00','2020-07-30 20:27:26','2020-07-30 20:27:26'),('a4771874-5520-4e3c-b6d2-337bfd0738c0','foregroundAdCD','120','切回游戏展示广告cd','1b0ad012-6508-47a0-915e-64e865362208',NULL,1,'2020-05-01 00:00:00','2020-07-30 20:27:18','2020-07-30 20:27:18'),('a47e190b-cad5-4672-9008-03e4337ff334','freeMagicPopAlertCD','7200','进入锦标赛，魔法棒领取时间CD','02ef1912-6a65-4281-a694-43d8b75007bb',NULL,1,'2020-05-01 00:00:00','2020-07-30 20:32:17','2020-07-30 20:32:17'),('a4855a79-25ee-4197-a956-8234d57394e4','passStageReward_switch','1','过关激励视频开关','254e3a35-1b6f-47ac-8cb6-e2360526381d',NULL,1,'2020-05-01 00:00:00','2020-07-30 20:31:33','2020-07-30 20:31:33'),('a4bde033-affa-4517-8af4-b406dd61c81d','discardBanner','1800','广告丢弃时间','64529814-3cba-49ed-bee4-0487b65be20c',NULL,1,'2020-05-01 00:00:00','2020-07-30 20:27:24','2020-07-30 20:27:24'),('a4f64c06-7751-4860-b70b-21334c360e02','discardInterstitial','1800','广告丢弃时间','402fc850-1507-48e1-92a2-e6b2338b6321',NULL,1,'2020-05-01 00:00:00','2020-07-30 20:27:20','2020-07-30 20:27:20'),('a571d6f4-8f07-427f-b680-4a015093dd18','foregroundAdCD','99999','切回游戏展示广告cd','254e3a35-1b6f-47ac-8cb6-e2360526381d',NULL,1,'2020-05-01 00:00:00','2020-07-30 20:31:33','2020-07-30 20:31:33'),('a594f6df-b262-411d-b269-988870c7a4dc','foregroundAdCD','99999','切回游戏展示广告cd','8954b70f-2587-474f-b4ef-72c65f20d31c',NULL,1,'2020-05-01 00:00:00','2020-07-30 20:31:34','2020-07-30 20:31:34'),('a59cdb1f-6a88-4416-813e-2918107c05ec','interstitialTimeCD','80','插屏时间cd','908aab62-8e86-47ef-bb1a-45d0dec2b81c',NULL,1,'2020-05-01 00:00:00','2020-07-30 20:31:33','2020-07-30 20:31:33'),('a5ec58fa-bcca-4997-b4c1-d5edc5802578','config013','true','GDPR+谷歌儿童政策弹窗是否开启','e506c1a2-ebff-404b-bb3e-c611fb026281',NULL,1,'2020-05-01 00:00:00','2020-07-30 20:27:18','2020-07-30 20:27:18'),('a640a284-ac0b-418d-b3fc-bbd85fcbc0d9','bannerTimeCD','15','banner内部刷新cd','47e265c0-7db7-4e6e-8389-2ba40d1078bb',NULL,1,'2020-05-01 00:00:00','2020-07-30 20:27:22','2020-07-30 20:27:22'),('a6a2e5f4-93e7-4e5a-8bcb-90eff4c5780f','passStageReward_chapterVideoMul','4','章节激励视频奖励倍率','3888fbd2-291f-4072-8e5c-1696aad0b267',NULL,1,'2020-05-01 00:00:00','2020-07-30 20:31:35','2020-07-30 20:31:35'),('a6d0b408-36e5-4580-8a5a-a65e4fb0ef36','interstitialCD','0','插屏广告的cd','bf744ec9-0766-414d-9226-deb7f504e2da',NULL,1,'2020-05-01 00:00:00','2020-07-30 20:27:20','2020-07-30 20:27:20'),('a7316d31-bbc4-464b-a63d-1ce793e5e055','config010','https://sites.google.com/site/smooteprivacypolicy/','隐私政策URL','6055f856-a2ce-4fa0-8678-c914b660717c',NULL,1,'2020-05-01 00:00:00','2020-07-30 20:27:26','2020-07-30 20:27:26'),('a75df772-1ea2-4da4-9032-a6d2652edae6','tryCacheTimes','0','广告请求重试次数','2b582d59-ee7f-4c2f-b62e-55781fa67709',NULL,1,'2020-05-01 00:00:00','2020-07-30 20:27:23','2020-07-30 20:27:23'),('a776ebf4-f0f6-4e48-9bce-b0260fdd36b4','config011','13','判断为儿童的最高年龄','8e7283d6-0dd3-48fa-9ed2-b8b48c408c8f',NULL,1,'2020-05-01 00:00:00','2020-07-30 20:27:25','2020-07-30 20:27:25'),('a77e7aa5-e7e1-4dba-aa4e-695f3a4039f3','config010','https://sites.google.com/site/smooteprivacypolicy/','隐私政策URL','6e8c5916-968b-49aa-9989-972a901706fa',NULL,1,'2020-05-01 00:00:00','2020-07-30 20:27:25','2020-07-30 20:27:25'),('a867f200-09cc-428b-b941-6d8d1b63a9b6','nativeTemplateId','1','NativeBanner模板(0旧模板，1新模板）','a8261063-c1c6-4d03-b42d-6730b33b8f45',NULL,1,'2020-05-01 00:00:00','2020-07-30 20:31:35','2020-07-30 20:31:35'),('a8c31da7-3342-487b-8ce0-87c7a3c1ac3a','endBattleCD','75','一名玩家结束对战后的倒计时时间','02ef1912-6a65-4281-a694-43d8b75007bb',NULL,1,'2020-05-01 00:00:00','2020-07-30 20:32:16','2020-07-30 20:32:16'),('a8dcff08-2854-4660-9bdc-eeaed8c85c89','discardMenu','1800','广告丢弃时间','2daaed44-e5e5-4b53-867f-987b995dc698',NULL,1,'2020-05-01 00:00:00','2020-07-30 20:27:27','2020-07-30 20:27:27'),('a92a1255-b331-44b7-b4e6-b2a037cb6c54','OpenAd','5','开始展示插屏的关卡','e506c1a2-ebff-404b-bb3e-c611fb026281',NULL,1,'2020-05-01 00:00:00','2020-07-30 20:27:18','2020-07-30 20:27:18'),('a933af1d-96da-436f-a224-cd541d41c889','interstitialCD','0','插屏广告的cd','870241ef-65cb-4659-9742-8581158ddf5f',NULL,1,'2020-05-01 00:00:00','2020-07-30 20:27:19','2020-07-30 20:27:19'),('a957a81f-ee4b-406f-ab91-ad1b1560838e','funnyGameConfig','100','目标分数','3888fbd2-291f-4072-8e5c-1696aad0b267',NULL,1,'2020-05-01 00:00:00','2020-07-30 20:31:35','2020-07-30 20:31:35'),('a957cecc-b0f1-47eb-b424-f017e07ba31a','discardMenu','1800','广告丢弃时间','45d53fa5-2193-483f-8752-b788da07ee9d',NULL,1,'2020-05-01 00:00:00','2020-07-30 20:27:26','2020-07-30 20:27:26'),('a988a848-47ed-4847-8332-16a3aecc6336','discardVideo','1800','广告丢弃时间','908aab62-8e86-47ef-bb1a-45d0dec2b81c',NULL,1,'2020-05-01 00:00:00','2020-07-30 20:31:33','2020-07-30 20:31:33'),('a9a4052e-d54f-4508-a06b-094f1cef91c6','interstitialTimeCD','90','插屏时间cd','766a41ed-6e68-423d-80bc-76105794e54c',NULL,1,'2020-05-01 00:00:00','2020-07-30 20:27:18','2020-07-30 20:27:18'),('a9d2d740-1112-4f45-9651-11aeeeca1d99','discardVideo','1800','广告丢弃时间','13f3cad9-a21f-4d19-9939-49433f4b857d',NULL,1,'2020-05-01 00:00:00','2020-07-30 20:27:25','2020-07-30 20:27:25'),('a9fedbf4-39a5-4c66-be80-0698cb44c9b2','discardRewardVideo','1800','广告丢弃时间','5497fa84-5a40-45e0-bdee-6819533e44fe',NULL,1,'2020-05-01 00:00:00','2020-07-30 20:27:25','2020-07-30 20:27:25'),('aa0cd56a-e3fc-4f40-b3ab-b91b55c515b9','config012','facebook','儿童用户不初始化SDK的渠道，半角逗号隔开','af061380-0d10-4118-b32d-da2faf5f5f2c',NULL,1,'2020-05-01 00:00:00','2020-07-30 20:27:21','2020-07-30 20:27:21'),('aa5c134c-c769-4be1-a7d3-86944b0775ab','bannerRefreshTime','30','Banner请求cd','766a41ed-6e68-423d-80bc-76105794e54c',NULL,1,'2020-05-01 00:00:00','2020-07-30 20:27:18','2020-07-30 20:27:18'),('aa9c739b-f567-4783-ba5d-3f9df5594deb','discardRewardVideo','1800','广告丢弃时间','f1da0374-eeba-4319-b250-dc0ea165bba0',NULL,1,'2020-05-01 00:00:00','2020-07-30 20:27:24','2020-07-30 20:27:24'),('aac25016-3bd9-47a2-a214-e430ca26b4db','discardRewardVideo','1800','广告丢弃时间','449fa7b8-2e10-4e4c-a573-cf605525fc46',NULL,1,'2020-05-01 00:00:00','2020-07-30 20:27:20','2020-07-30 20:27:20'),('aaf6f82e-b955-4774-8f39-577053d8d7af','ThemePublisherName','HiColor','主题打开跳转的页面','02ef1912-6a65-4281-a694-43d8b75007bb',NULL,1,'2020-05-01 00:00:00','2020-07-30 20:32:16','2020-07-30 20:32:16'),('ab1b8a3b-99f4-4124-af9d-7b23f13acc07','passStageReward_chapterVideoMul','2','章节激励视频奖励倍率','254e3a35-1b6f-47ac-8cb6-e2360526381d',NULL,1,'2020-05-01 00:00:00','2020-07-30 20:31:33','2020-07-30 20:31:33'),('ab499f16-ff28-4521-a508-ff469c9497dd','openNativeBannerAddition','1','native banner广告补充开关','e506c1a2-ebff-404b-bb3e-c611fb026281',NULL,1,'2020-05-01 00:00:00','2020-07-30 20:27:18','2020-07-30 20:27:18'),('ab4cf1e1-eff1-49b0-b994-817d8b52f380','boardskinlock','0;0;20;50;90;150','皮肤解锁关卡','53896149-bf28-4c6d-bc07-9e28fc92880e',NULL,1,'2020-05-01 00:00:00','2020-07-30 20:31:34','2020-07-30 20:31:34'),('ab5011d0-f3a7-449c-a9a9-a0914312558c','OpenAd','5','开始展示插屏的关卡','8e7283d6-0dd3-48fa-9ed2-b8b48c408c8f',NULL,1,'2020-05-01 00:00:00','2020-07-30 20:27:25','2020-07-30 20:27:25'),('abc645df-8662-4073-88e1-961c25999028','interstitialCD','0','插屏广告的cd','766a41ed-6e68-423d-80bc-76105794e54c',NULL,1,'2020-05-01 00:00:00','2020-07-30 20:27:18','2020-07-30 20:27:18'),('acd3d719-c631-4eda-8721-de3ebeb00b15','config013','true','GDPR+谷歌儿童政策弹窗是否开启','6055f856-a2ce-4fa0-8678-c914b660717c',NULL,1,'2020-05-01 00:00:00','2020-07-30 20:27:26','2020-07-30 20:27:26'),('ad3f969a-5af9-45c7-b6df-32a49c71d6b1','discardVideo','1800','广告丢弃时间','26c3caed-1ef5-406a-9122-dc1b0c321044',NULL,1,'2020-05-01 00:00:00','2020-07-30 20:27:19','2020-07-30 20:27:19'),('ad69bdc4-a60a-45b2-aa59-2248bffc18e5','normalJudgeCDMax','1.5','normal对手的判定用时最大值','02ef1912-6a65-4281-a694-43d8b75007bb',NULL,1,'2020-05-01 00:00:00','2020-07-30 20:32:16','2020-07-30 20:32:16'),('ad6ae62e-3a5b-4cc2-9ae3-604f4a799ab3','discardVideo','1800','广告丢弃时间','2b582d59-ee7f-4c2f-b62e-55781fa67709',NULL,1,'2020-05-01 00:00:00','2020-07-30 20:27:24','2020-07-30 20:27:24'),('ad758a37-f1bf-48b2-8661-badc83b36393','discardBanner','1800','广告丢弃时间','fb07f7e4-2810-429d-9eaf-aebf1e50385e',NULL,1,'2020-05-01 00:00:00','2020-07-30 20:27:26','2020-07-30 20:27:26'),('ad7a4c67-9d15-4a6e-bc49-765b13d2a25b','discardBanner','1800','广告丢弃时间','908aab62-8e86-47ef-bb1a-45d0dec2b81c',NULL,1,'2020-05-01 00:00:00','2020-07-30 20:31:33','2020-07-30 20:31:33'),('adfe5009-a0f1-4c5d-84e5-13cb96e2e071','hardJudgeCDMax','1','hard对手的判定用时最大值','02ef1912-6a65-4281-a694-43d8b75007bb',NULL,1,'2020-05-01 00:00:00','2020-07-30 20:32:16','2020-07-30 20:32:16'),('ae6327b1-5b3e-467d-adea-3e8d6bc00541','pushAppear','1','免费提示推送开启','254e3a35-1b6f-47ac-8cb6-e2360526381d',NULL,1,'2020-05-01 00:00:00','2020-07-30 20:31:33','2020-07-30 20:31:33'),('ae6b8247-cd25-461b-94d6-d7ff563d72ac','config010','https://sites.google.com/site/smooteprivacypolicy/','隐私政策URL','93456038-4afc-4a42-baef-17c37841d813',NULL,1,'2020-05-01 00:00:00','2020-07-30 20:27:20','2020-07-30 20:27:20'),('ae72adbd-6331-40c6-ae49-ad7a662a396c','aolBannerRefreshTime','30','AOL刷新时间','1a6ec88c-4800-49c1-908f-da76985a73dd',NULL,1,'2020-05-01 00:00:00','2020-07-30 20:27:22','2020-07-30 20:27:22'),('aee40244-0624-4e61-986d-5d07f5a7c023','delayToNextCache','60','广告重试的间隔','13f3cad9-a21f-4d19-9939-49433f4b857d',NULL,1,'2020-05-01 00:00:00','2020-07-30 20:27:25','2020-07-30 20:27:25'),('aee78e98-9d14-4872-a841-dd222e7111b3','interstitialCD','0','插屏广告的cd','47e265c0-7db7-4e6e-8389-2ba40d1078bb',NULL,1,'2020-05-01 00:00:00','2020-07-30 20:27:22','2020-07-30 20:27:22'),('aee9c2bf-590d-4d7d-bae6-35bb40837d59','normalJudgeCDMin','0.75','norma对手的判定用时最小值','02ef1912-6a65-4281-a694-43d8b75007bb',NULL,1,'2020-05-01 00:00:00','2020-07-30 20:32:16','2020-07-30 20:32:16'),('aeff4e92-de68-47c5-a55d-81ba32ecbcbb','config013','true','GDPR+谷歌儿童政策弹窗是否开启','af061380-0d10-4118-b32d-da2faf5f5f2c',NULL,1,'2020-05-01 00:00:00','2020-07-30 20:27:21','2020-07-30 20:27:21'),('af23ead6-802b-40da-802b-d3eb8d24db73','videoadreward','0.8;1','激励视频广告钱数','6eec7ed5-69c9-4126-a9f9-d435a6f744fb',NULL,1,'2020-05-01 00:00:00','2020-07-30 20:31:35','2020-07-30 20:31:35'),('af532aa6-b49b-48a6-81c5-00bafe267c14','discardNative','1800','广告丢弃时间','766a41ed-6e68-423d-80bc-76105794e54c',NULL,1,'2020-05-01 00:00:00','2020-07-30 20:27:18','2020-07-30 20:27:18'),('af648ffe-b96f-4225-9897-1e1d1ff7a66e','openNativeBannerAddition','1','native banner广告补充开关','9bb86e38-2898-4029-a42d-f4bfded7068b',NULL,1,'2020-05-01 00:00:00','2020-07-30 20:27:22','2020-07-30 20:27:22'),('af682e95-e999-4264-8ff8-4ec016bb09ab','discardInterstitial','1800','广告丢弃时间','d2b6cc37-c4c6-49f8-95b6-2e41eb472d09',NULL,1,'2020-05-01 00:00:00','2020-07-30 20:32:17','2020-07-30 20:32:17'),('af82257d-81d9-4f28-ab9e-8ced434b1359','OpenAd','5','开始展示插屏的关卡','b1f7f2f4-c16b-4a5e-ac14-764f11662086',NULL,1,'2020-05-01 00:00:00','2020-07-30 20:27:26','2020-07-30 20:27:26'),('aff1ccaf-6b27-4c5e-9454-2bb035ecd506','completesumch','2;24|5;48','投放打点中completeBattle参数','02ef1912-6a65-4281-a694-43d8b75007bb',NULL,1,'2020-05-01 00:00:00','2020-07-30 20:32:17','2020-07-30 20:32:17'),('b038a913-9b82-4a5f-9425-8d967b6dcd78','interstitialTimeCD','90','插屏时间cd','e7c95fb2-3797-4212-adb1-68b4f861a1e1',NULL,1,'2020-05-01 00:00:00','2020-07-30 20:27:19','2020-07-30 20:27:19'),('b039c6f1-d416-46e4-8658-dbb2a4816ed1','discardMenu','1800','广告丢弃时间','766a41ed-6e68-423d-80bc-76105794e54c',NULL,1,'2020-05-01 00:00:00','2020-07-30 20:27:18','2020-07-30 20:27:18'),('b07ad1fc-163f-44f7-ae98-1f3ebbed2278','config002','0','Menu新用户点击区域（0按钮可点；1内容可点；2全屏可点；3内容可点文字不可点）','25cd3758-fa7d-4e34-8e03-07dda42a11ef',NULL,1,'2020-05-01 00:00:00','2020-07-30 20:32:17','2020-07-30 20:32:17'),('b0bcf7e7-82ef-4bb5-9289-1dfcb3f29ddb','siglePopMax','3','一次性商品促销弹窗每天最大次数','8954b70f-2587-474f-b4ef-72c65f20d31c',NULL,1,'2020-05-01 00:00:00','2020-07-30 20:31:34','2020-07-30 20:31:34'),('b0d39533-a73d-4059-ab9b-8bcb29371f5d','config011','13','判断为儿童的最高年龄','c6d78289-1a87-4e6b-bc76-f37d4f8ee462',NULL,1,'2020-05-01 00:00:00','2020-07-30 20:27:21','2020-07-30 20:27:21'),('b0e264b3-600f-4956-96d5-7b902061dec8','config050','https://sites.google.com/site/termsofwordcross/','服务条款说明地址','6d0212b8-1a34-4ab3-9ef2-170e0c0148eb',NULL,1,'2020-05-01 00:00:00','2020-07-30 20:31:36','2020-07-30 20:31:36'),('b1143c6c-b6b1-4f20-99ad-636464909ef0','discardBanner','1800','广告丢弃时间','1a6ec88c-4800-49c1-908f-da76985a73dd',NULL,1,'2020-05-01 00:00:00','2020-07-30 20:27:22','2020-07-30 20:27:22'),('b127edc5-9dfa-48d9-9c07-034575bb0eba','aolBannerRefreshTime','30','AOL刷新时间','eb97e0fc-2281-4770-8a00-6c53032d9ca6',NULL,1,'2020-05-01 00:00:00','2020-07-30 20:27:19','2020-07-30 20:27:19'),('b14817c4-fc28-4182-bc99-a2c34a0a89b1','bannerRefreshTime','30','Banner请求cd','09a6f3a0-581c-4b7b-a93e-5c21b12a5abd',NULL,1,'2020-05-01 00:00:00','2020-07-30 20:27:22','2020-07-30 20:27:22'),('b14ba036-bd33-44e7-bbe0-4600ddc3ae9f','discardBanner','1800','广告丢弃时间','77322dfb-045a-4f53-92b5-c3aae9192500',NULL,1,'2020-05-01 00:00:00','2020-07-30 20:31:34','2020-07-30 20:31:34'),('b1840b8e-6a6f-4281-800f-5101dfab83a4','easyCollectCDMax','2','easy对手的收牌用时最大值','02ef1912-6a65-4281-a694-43d8b75007bb',NULL,1,'2020-05-01 00:00:00','2020-07-30 20:32:16','2020-07-30 20:32:16'),('b193c7eb-f454-40d4-813c-a3e9e849fc47','config013','true','GDPR+谷歌儿童政策弹窗是否开启','6e8c5916-968b-49aa-9989-972a901706fa',NULL,1,'2020-05-01 00:00:00','2020-07-30 20:27:25','2020-07-30 20:27:25'),('b1be03f0-43a9-48f7-a6ba-911ba072ffed','discardInterstitial','1800','广告丢弃时间','47e265c0-7db7-4e6e-8389-2ba40d1078bb',NULL,1,'2020-05-01 00:00:00','2020-07-30 20:27:22','2020-07-30 20:27:22'),('b224837d-ea42-4773-a6aa-11fa92853ccd','discardInterstitial','1800','广告丢弃时间','f1da0374-eeba-4319-b250-dc0ea165bba0',NULL,1,'2020-05-01 00:00:00','2020-07-30 20:27:24','2020-07-30 20:27:24'),('b28e887e-2e57-4fd1-90f3-2a33759fb2d2','interstitialCD','0','插屏广告的cd','835c0271-34cf-455d-b1e7-45627a2e3788',NULL,1,'2020-05-01 00:00:00','2020-07-30 20:27:23','2020-07-30 20:27:23'),('b2d98b6c-2595-4024-b806-d5d5f74ccb15','bannerRefreshTime','30','Banner请求cd','271c1b6a-89e0-439b-9607-bfb9bdb24b7c',NULL,1,'2020-05-01 00:00:00','2020-07-30 20:27:24','2020-07-30 20:27:24'),('b2f2248e-6085-437b-aa36-e794f3889b04','unLockWinCount2','10','胜利几局后解锁主题2','02ef1912-6a65-4281-a694-43d8b75007bb',NULL,1,'2020-05-01 00:00:00','2020-07-30 20:32:16','2020-07-30 20:32:16'),('b3b5fb24-266a-4d64-bad7-cfe00f205418','aolBannerRefreshTime','30','AOL刷新时间','47e265c0-7db7-4e6e-8389-2ba40d1078bb',NULL,1,'2020-05-01 00:00:00','2020-07-30 20:27:22','2020-07-30 20:27:22'),('b3d5f60d-f1df-4a21-b293-b14881330f1a','delayToNextCache','60','广告重试的间隔','5497fa84-5a40-45e0-bdee-6819533e44fe',NULL,1,'2020-05-01 00:00:00','2020-07-30 20:27:25','2020-07-30 20:27:25'),('b473d3f0-3119-4893-9eda-640e63dd9e6f','delayToNextCache','60','广告重试的间隔','49f52f76-adbe-40a2-898b-b3ce002c7b11',NULL,1,'2020-05-01 00:00:00','2020-07-30 20:27:23','2020-07-30 20:27:23'),('b479cd4b-78be-4c89-9d2e-071567df95f1','cleanCDCost','100','清除CD花费','02ef1912-6a65-4281-a694-43d8b75007bb',NULL,1,'2020-05-01 00:00:00','2020-07-30 20:32:16','2020-07-30 20:32:16'),('b48cfa95-81a6-4292-9a89-6ec6eeb92536','foregroundAdCD','120','切回游戏展示广告cd','001b7152-be62-4861-949f-e5c50d0a646e',NULL,1,'2020-05-01 00:00:00','2020-07-30 20:27:24','2020-07-30 20:27:24'),('b4a17dba-12b3-4a9c-bfc4-8d7524c00a54','discardBanner','1800','广告丢弃时间','358cdbde-075c-4f20-b8d6-0c9ac6a5ac35',NULL,1,'2020-05-01 00:00:00','2020-07-30 20:27:27','2020-07-30 20:27:27'),('b4a5c0b9-b38d-4224-90b1-51eb0474b603','loadTimeCD','10','广告重新请求时间','77322dfb-045a-4f53-92b5-c3aae9192500',NULL,1,'2020-05-01 00:00:00','2020-07-30 20:31:34','2020-07-30 20:31:34'),('b53280c1-4fb8-450d-9f1f-d10a4f3eee57','OpenAd','5','开始展示插屏的关卡','ae0b1265-8ae3-4425-a175-94309e819528',NULL,1,'2020-05-01 00:00:00','2020-07-30 20:27:27','2020-07-30 20:27:27'),('b53bfc0d-5704-48b9-9ded-a4720d7823e7','discardVideo','1800','广告丢弃时间','358cdbde-075c-4f20-b8d6-0c9ac6a5ac35',NULL,1,'2020-05-01 00:00:00','2020-07-30 20:27:27','2020-07-30 20:27:27'),('b5b23291-9d9c-4c48-9291-ea3ecceb7f68','delayToNextCache','60','native重试的间隔','908aab62-8e86-47ef-bb1a-45d0dec2b81c',NULL,1,'2020-05-01 00:00:00','2020-07-30 20:31:33','2020-07-30 20:31:33'),('b5fb59ae-2f8e-4e57-971d-9be2c69b8a54','nativeMenuTimeCD','180','Native_Menu时间cd','eb97e0fc-2281-4770-8a00-6c53032d9ca6',NULL,1,'2020-05-01 00:00:00','2020-07-30 20:27:19','2020-07-30 20:27:19'),('b60abacb-b1d4-43fa-b98e-796538dd6ffe','bannerRefreshTime','30','Banner请求cd','eb97e0fc-2281-4770-8a00-6c53032d9ca6',NULL,1,'2020-05-01 00:00:00','2020-07-30 20:27:19','2020-07-30 20:27:19'),('b654f68c-1048-4fff-aedc-eefd44d37c9d','foregroundAdCD','120','切回游戏展示广告cd','8e7283d6-0dd3-48fa-9ed2-b8b48c408c8f',NULL,1,'2020-05-01 00:00:00','2020-07-30 20:27:25','2020-07-30 20:27:25'),('b66d4d0a-e1b6-456a-99fb-984b1f4612ec','discardNative','1800','广告丢弃时间','77322dfb-045a-4f53-92b5-c3aae9192500',NULL,1,'2020-05-01 00:00:00','2020-07-30 20:31:34','2020-07-30 20:31:34'),('b678e2c3-bc0c-4841-869d-cce5b53d1325','discardVideo','1800','广告丢弃时间','402fc850-1507-48e1-92a2-e6b2338b6321',NULL,1,'2020-05-01 00:00:00','2020-07-30 20:27:20','2020-07-30 20:27:20'),('b6c89c36-0259-4fe5-867c-371d8dd7c628','discardBanner','1800','广告丢弃时间','d2b6cc37-c4c6-49f8-95b6-2e41eb472d09',NULL,1,'2020-05-01 00:00:00','2020-07-30 20:32:17','2020-07-30 20:32:17'),('b725aa9a-43f9-49b3-b43c-31dd01ab5f5e','openNativeBannerAddition','1','native banner广告补充开关','b1f7f2f4-c16b-4a5e-ac14-764f11662086',NULL,1,'2020-05-01 00:00:00','2020-07-30 20:27:26','2020-07-30 20:27:26'),('b789670c-39f7-4ebe-923e-aff5a33a1cb0','interstitialadsappear','20','插屏广告出现关卡数','8954b70f-2587-474f-b4ef-72c65f20d31c',NULL,1,'2020-05-01 00:00:00','2020-07-30 20:31:34','2020-07-30 20:31:34'),('b79bfb23-47ab-4ef3-bf9c-53b3383032f7','aolBannerRefreshTime','30','AOL刷新时间','a696ebf2-17a6-45cf-971f-ad2108ed7265',NULL,1,'2020-05-01 00:00:00','2020-07-30 20:27:18','2020-07-30 20:27:18'),('b7ab9bb7-a0e0-4acd-a100-718d07cec759','nativeAdsCloseTime','0','插屏广告关闭倒计时','c33a593e-38b6-44e4-9f0c-bbeecd82095f',NULL,1,'2020-05-01 00:00:00','2020-07-30 20:31:36','2020-07-30 20:31:36'),('b7c7182e-dfa7-4c12-b320-0932630405a3','aolBannerRefreshTime','30','AOL刷新时间','fdd1e57a-d8b5-4586-afa6-f2b471064bd7',NULL,1,'2020-05-01 00:00:00','2020-07-30 20:27:21','2020-07-30 20:27:21'),('b7ced175-fa28-4846-bd32-cf5e8d851b78','config010','https://sites.google.com/site/smooteprivacypolicy/','隐私政策URL','e05be2fc-fca1-43f6-aa1a-56e70ce575d7',NULL,1,'2020-05-01 00:00:00','2020-07-30 20:27:24','2020-07-30 20:27:24'),('b8145629-23ea-410c-ab36-06f843a84222','discardInterstitial','1800','广告丢弃时间','271c1b6a-89e0-439b-9607-bfb9bdb24b7c',NULL,1,'2020-05-01 00:00:00','2020-07-30 20:27:24','2020-07-30 20:27:24'),('b870c05b-a063-4db7-991c-1fd11bd8654f','discardNative','1800','广告丢弃时间','c852899f-340e-49ce-ab21-e70175b8d63a',NULL,1,'2020-05-01 00:00:00','2020-07-30 20:27:22','2020-07-30 20:27:22'),('b88639a2-8cd3-4f4f-b416-1a8797a38120','foregroundAdCD','120','切回游戏展示广告cd','56affeb0-9960-4d05-9030-0160b2740603',NULL,1,'2020-05-01 00:00:00','2020-07-30 20:27:23','2020-07-30 20:27:23'),('b8bee3c6-e115-4214-8bb9-aaf73abdc25c','interstitialCD','0','插屏广告的cd','271c1b6a-89e0-439b-9607-bfb9bdb24b7c',NULL,1,'2020-05-01 00:00:00','2020-07-30 20:27:24','2020-07-30 20:27:24'),('b8f2600c-97a4-47d2-abff-789d7806908c','aolBannerRefreshTime','30','AOL刷新时间','26c3caed-1ef5-406a-9122-dc1b0c321044',NULL,1,'2020-05-01 00:00:00','2020-07-30 20:27:19','2020-07-30 20:27:19'),('b8f8426f-b663-4ffa-9ca0-f1a3d023cf4e','foregroundAdCD','120','切回游戏展示广告cd','dea0ddbf-68a3-4fdb-a488-84aaf2494671',NULL,1,'2020-05-01 00:00:00','2020-07-30 20:27:19','2020-07-30 20:27:19'),('b8ff9315-e8f0-440e-a7fd-7ab76ee063ac','bannerRefreshTime','30','Banner请求cd','449fa7b8-2e10-4e4c-a573-cf605525fc46',NULL,1,'2020-05-01 00:00:00','2020-07-30 20:27:20','2020-07-30 20:27:20'),('b915cbfa-2c3a-4a7d-adfe-bd882f372eda','foregroundAdCD','120','切回游戏展示广告cd','c6d78289-1a87-4e6b-bc76-f37d4f8ee462',NULL,1,'2020-05-01 00:00:00','2020-07-30 20:27:21','2020-07-30 20:27:21'),('b98b8abf-651f-4d80-a370-8f0bdcf59e40','passStageReward_switch','1','过关激励视频开关','3888fbd2-291f-4072-8e5c-1696aad0b267',NULL,1,'2020-05-01 00:00:00','2020-07-30 20:31:35','2020-07-30 20:31:35'),('b9ae9920-5dd4-4075-81e0-9e5f8c8f0811','rateappear','50','评价弹窗出现关卡','26a8b698-9802-48d5-aa53-65630c7a8813',NULL,1,'2020-05-01 00:00:00','2020-07-30 20:31:35','2020-07-30 20:31:35'),('b9b4bba6-bf3f-4fb4-aba7-56974f13b9e8','tryCacheTimes','0','广告请求重试次数','47e265c0-7db7-4e6e-8389-2ba40d1078bb',NULL,1,'2020-05-01 00:00:00','2020-07-30 20:27:22','2020-07-30 20:27:22'),('b9bb7814-ef91-4cfb-a2ab-8ec5f625975f','bannerTimeCD','15','banner内部刷新cd','271c1b6a-89e0-439b-9607-bfb9bdb24b7c',NULL,1,'2020-05-01 00:00:00','2020-07-30 20:27:24','2020-07-30 20:27:24'),('b9bef1d0-80b6-4735-8af7-3b2f91ca5896','nativeMenuTemplate','1','Native Menu模板开关（0旧模板；1新模板；默认是1）','b7827f41-2647-428a-bb03-5d7f59a0484d',NULL,1,'2020-05-01 00:00:00','2020-07-30 20:32:17','2020-07-30 20:32:17'),('bad488d1-c628-436d-99d9-554ce93e42a8','nativeMenuTimeCD','180','Native_Menu时间cd','fb07f7e4-2810-429d-9eaf-aebf1e50385e',NULL,1,'2020-05-01 00:00:00','2020-07-30 20:27:26','2020-07-30 20:27:26'),('bb2a5521-3915-43fa-bfe0-2bed3a758a92','delayToChangeText','5','native文本切换倒计时','fdd1e57a-d8b5-4586-afa6-f2b471064bd7',NULL,1,'2020-05-01 00:00:00','2020-07-30 20:27:21','2020-07-30 20:27:21'),('bba831d1-e1de-4d34-a3d8-d5215556ec7c','OpenAd','5','开始展示插屏的关卡','767967e4-fe2b-4a89-9abe-a707a398d4b8',NULL,1,'2020-05-01 00:00:00','2020-07-30 20:27:26','2020-07-30 20:27:26'),('bba8ef6d-e6d4-42d1-8e11-1d0729d05743','nativeMenuTimeCD','180','Native_Menu时间cd','13f3cad9-a21f-4d19-9939-49433f4b857d',NULL,1,'2020-05-01 00:00:00','2020-07-30 20:27:25','2020-07-30 20:27:25'),('bbacdaaf-bcd3-4145-bb9b-6ac075737166','nativeMenuTimeCD','180','Native_Menu时间cd','835c0271-34cf-455d-b1e7-45627a2e3788',NULL,1,'2020-05-01 00:00:00','2020-07-30 20:27:23','2020-07-30 20:27:23'),('bc1742d4-27b8-42d1-bf86-a2d08015dd71','discardBanner','1800','广告丢弃时间','f47d2a1f-6975-4eb4-85be-bc3cec6090cc',NULL,1,'2020-05-01 00:00:00','2020-07-30 20:27:21','2020-07-30 20:27:21'),('bc3144b3-dc5c-4d7f-8a69-46d0464b5f3f','interstitialNPV','4','播几次插屏播一次视频','d2b6cc37-c4c6-49f8-95b6-2e41eb472d09',NULL,1,'2020-05-01 00:00:00','2020-07-30 20:32:17','2020-07-30 20:32:17'),('bc6dd5ec-83d8-4b87-8dc6-39686a3b6b16','interstitialCD','0','插屏广告的cd','77322dfb-045a-4f53-92b5-c3aae9192500',NULL,1,'2020-05-01 00:00:00','2020-07-30 20:31:34','2020-07-30 20:31:34'),('bc77a982-15c8-4bbc-beee-f7662bc22735','discardNative','1800','广告丢弃时间','a4b3c237-110a-4381-965f-4c9d76fb6996',NULL,1,'2020-05-01 00:00:00','2020-07-30 20:27:23','2020-07-30 20:27:23'),('bc7db227-5b9b-4102-9005-616714102b89','bannerRefreshTime','30','Banner请求cd','fdd1e57a-d8b5-4586-afa6-f2b471064bd7',NULL,1,'2020-05-01 00:00:00','2020-07-30 20:27:21','2020-07-30 20:27:21'),('bc92a144-c27c-4f16-9611-ab84d70fd33e','config048','true','是否打开弹窗 :true有弹窗 ,false无弹窗','6d0212b8-1a34-4ab3-9ef2-170e0c0148eb',NULL,1,'2020-05-01 00:00:00','2020-07-30 20:31:36','2020-07-30 20:31:36'),('bca595eb-9a39-4ed9-8ef8-f0842bbc722f','aolBannerRefreshTime','30','AOL刷新时间','56fc24fd-a74e-4476-b270-840947e64e0f',NULL,1,'2020-05-01 00:00:00','2020-07-30 20:27:27','2020-07-30 20:27:27'),('bccfcdd2-140e-427f-a9b0-36754971a24c','discardInterstitial','1800','广告丢弃时间','45d53fa5-2193-483f-8752-b788da07ee9d',NULL,1,'2020-05-01 00:00:00','2020-07-30 20:27:26','2020-07-30 20:27:26'),('bd064355-5b92-4e4c-b19f-daeea242353a','discardInterstitial','1800','广告丢弃时间','cdbd3e85-6a42-4000-996e-3e024ff4cc6d',NULL,1,'2020-05-01 00:00:00','2020-07-30 20:27:25','2020-07-30 20:27:25'),('bd5a255b-da96-4a52-be0f-376975db0f95','discardBanner','1800','广告丢弃时间','cdbd3e85-6a42-4000-996e-3e024ff4cc6d',NULL,1,'2020-05-01 00:00:00','2020-07-30 20:27:25','2020-07-30 20:27:25'),('bd95d26e-3b2e-4d4b-bdba-1ccf1e884306','bannerRefreshTime','30','Banner请求cd','f47d2a1f-6975-4eb4-85be-bc3cec6090cc',NULL,1,'2020-05-01 00:00:00','2020-07-30 20:27:21','2020-07-30 20:27:21'),('bdba0472-87a2-42a6-8ecb-930ff20d0427','hintparameter','9999;30;200;60','提示金币数公式参数','6eec7ed5-69c9-4126-a9f9-d435a6f744fb',NULL,1,'2020-05-01 00:00:00','2020-07-30 20:31:35','2020-07-30 20:31:35'),('bdc42968-770c-4053-93eb-f86b4b870119','discardInterstitial','1800','广告丢弃时间','c852899f-340e-49ce-ab21-e70175b8d63a',NULL,1,'2020-05-01 00:00:00','2020-07-30 20:27:22','2020-07-30 20:27:22'),('be0c664a-5649-483f-b9b4-c657664a40c6','passStageReward_stageVideoNum','30','激励视频奖励金币固定值','254e3a35-1b6f-47ac-8cb6-e2360526381d',NULL,1,'2020-05-01 00:00:00','2020-07-30 20:31:33','2020-07-30 20:31:33'),('be25c261-8a40-4a20-abe0-e7c0764f9bf9','config013','true','GDPR+谷歌儿童政策弹窗是否开启','767967e4-fe2b-4a89-9abe-a707a398d4b8',NULL,1,'2020-05-01 00:00:00','2020-07-30 20:27:26','2020-07-30 20:27:26'),('be7364d3-3daf-44b7-8f4d-1d41725c1d9a','battleReward_type2','30','对战奖励1张牌4个人','02ef1912-6a65-4281-a694-43d8b75007bb',NULL,1,'2020-05-01 00:00:00','2020-07-30 20:32:17','2020-07-30 20:32:17'),('bf5c3346-282c-477a-9e14-13fbec520b85','discardNative','1800','广告丢弃时间','e2ab3a48-8f79-4b13-ab07-04202238384a',NULL,1,'2020-05-01 00:00:00','2020-07-30 20:27:20','2020-07-30 20:27:20'),('bfa67549-d8f1-4080-a3b7-9b5ed10d0ee5','tryCacheTimes','0','广告请求重试次数','45d53fa5-2193-483f-8752-b788da07ee9d',NULL,1,'2020-05-01 00:00:00','2020-07-30 20:27:26','2020-07-30 20:27:26'),('bfe0f8bb-e852-4581-b04f-f42c55900cb6','OpenAd','5','开始展示插屏的关卡','6e8c5916-968b-49aa-9989-972a901706fa',NULL,1,'2020-05-01 00:00:00','2020-07-30 20:27:25','2020-07-30 20:27:25'),('c01bb942-4249-4a7a-b3d4-a9a6af383388','config011','13','判断为儿童的最高年龄','ea815942-8ab7-43b4-bae3-40c1e0e53ce0',NULL,1,'2020-05-01 00:00:00','2020-07-30 20:27:20','2020-07-30 20:27:20'),('c01ce7ea-0807-4fed-967b-d9d016f81e5e','discardVideo','1800','广告丢弃时间','5497fa84-5a40-45e0-bdee-6819533e44fe',NULL,1,'2020-05-01 00:00:00','2020-07-30 20:27:25','2020-07-30 20:27:25'),('c02ea7b5-196b-4684-b9ce-095ea62a8c60','interstitialNPV','1','常量配置','44775c75-f8ce-46e8-b9bc-610339a82ac6',NULL,1,'2020-05-01 00:00:00','2020-07-30 20:27:27','2020-07-30 20:27:27'),('c0490985-5809-4f8f-a3ff-76060bd557f0','interstitialCD','0','插屏广告的cd','f1da0374-eeba-4319-b250-dc0ea165bba0',NULL,1,'2020-05-01 00:00:00','2020-07-30 20:27:24','2020-07-30 20:27:24'),('c061cc5b-66f7-4e08-9205-3373083e7c7f','interstitialTimeCD','90','插屏时间cd','cdbd3e85-6a42-4000-996e-3e024ff4cc6d',NULL,1,'2020-05-01 00:00:00','2020-07-30 20:27:25','2020-07-30 20:27:25'),('c071a617-b146-4d3d-bf2c-3dfa9e87355d','config010','https://sites.google.com/site/smooteprivacypolicy/','隐私政策URL','33d5453a-a69d-44a7-8fcc-6eecb8e5ec70',NULL,1,'2020-05-01 00:00:00','2020-07-30 20:27:21','2020-07-30 20:27:21'),('c08831b2-e525-4534-9671-82b35295d37d','delayToNextCache','60','广告重试的间隔','99e96dc9-a372-4e36-92de-8f5d5e2e9b4b',NULL,1,'2020-05-01 00:00:00','2020-07-30 20:27:25','2020-07-30 20:27:25'),('c0ebbbfb-70d6-48be-be31-4c14f300892f','battleCoin3','20','结束金币总数量三张牌','02ef1912-6a65-4281-a694-43d8b75007bb',NULL,1,'2020-05-01 00:00:00','2020-07-30 20:32:16','2020-07-30 20:32:16'),('c168c8b6-eacb-4842-8d03-11b6669c21e3','interstitialTimeCD','90','插屏时间cd','8c1b734a-abd7-464f-950f-9b10314aa657',NULL,1,'2020-05-01 00:00:00','2020-07-30 20:27:27','2020-07-30 20:27:27'),('c197746b-fc89-4134-83fb-4e6f79756e9c','bannerRefreshTime','30','Banner请求cd','13f3cad9-a21f-4d19-9939-49433f4b857d',NULL,1,'2020-05-01 00:00:00','2020-07-30 20:27:25','2020-07-30 20:27:25'),('c1fd607f-d65b-4dd5-88a3-3c818df9d641','aolBannerRefreshTime','30','AOL刷新时间','13f3cad9-a21f-4d19-9939-49433f4b857d',NULL,1,'2020-05-01 00:00:00','2020-07-30 20:27:25','2020-07-30 20:27:25'),('c2045fdc-bb19-443f-b55f-bd3f566af24d','bannerRefreshTime','30','Banner请求cd','870241ef-65cb-4659-9742-8581158ddf5f',NULL,1,'2020-05-01 00:00:00','2020-07-30 20:27:19','2020-07-30 20:27:19'),('c204f630-9140-46c1-ab28-7457c2fd5029','delayToNextCache','60','广告重试的间隔','e7c95fb2-3797-4212-adb1-68b4f861a1e1',NULL,1,'2020-05-01 00:00:00','2020-07-30 20:27:19','2020-07-30 20:27:19'),('c272844e-f537-4221-8a91-8a380ccfb315','secretStageConfig','3;10;10;0;10;10;2;2;3','生命；倒计时；初始得分；额外分；最大得分；换算系数1；换算系数2；激励视频奖励倍率;复活倒计时','53896149-bf28-4c6d-bc07-9e28fc92880e',NULL,1,'2020-05-01 00:00:00','2020-07-30 20:31:35','2020-07-30 20:31:35'),('c2afdec4-cb41-4687-9f2c-5c47661cd293','nativeMenuTimeCD','180','Native_Menu时间cd','bf744ec9-0766-414d-9226-deb7f504e2da',NULL,1,'2020-05-01 00:00:00','2020-07-30 20:27:20','2020-07-30 20:27:20'),('c2c4b4f5-9e9f-46c3-8635-b5850d7927a9','videoadCD','0','激励视频出现cd','8954b70f-2587-474f-b4ef-72c65f20d31c',NULL,1,'2020-05-01 00:00:00','2020-07-30 20:31:34','2020-07-30 20:31:34'),('c2e7d832-f18b-4b73-a09f-7291c52e5884','battleReward_type3','10','对战奖励3张牌2个人','02ef1912-6a65-4281-a694-43d8b75007bb',NULL,1,'2020-05-01 00:00:00','2020-07-30 20:32:17','2020-07-30 20:32:17'),('c3800972-a333-4e2a-97a3-2ab4f1eeee32','discardInterstitial','1800','广告丢弃时间','e2ab3a48-8f79-4b13-ab07-04202238384a',NULL,1,'2020-05-01 00:00:00','2020-07-30 20:27:20','2020-07-30 20:27:20'),('c390ed01-7bb8-4434-b658-490d081a14a6','funnyGameConfig','100','目标分数','22a29ccf-1367-4ecc-ad8f-bbd955047936',NULL,1,'2020-05-01 00:00:00','2020-07-30 20:31:36','2020-07-30 20:31:36'),('c3e26a7d-f2f7-43ea-995e-11e2fd33d69b','config001','1','NativeBrand出现时间（用户实际游戏时长，秒）','77322dfb-045a-4f53-92b5-c3aae9192500',NULL,1,'2020-05-01 00:00:00','2020-07-30 20:31:34','2020-07-30 20:31:34'),('c3f9f291-f24e-4351-83bd-51f3f86d1ac5','config013','true','GDPR+谷歌儿童政策弹窗是否开启','8885eae0-97f1-4dbd-8d56-1719a40ac188',NULL,1,'2020-05-01 00:00:00','2020-07-30 20:27:23','2020-07-30 20:27:23'),('c46086b6-5155-4c42-966d-3f34204f9743','discardMenu','1800','广告丢弃时间','bf744ec9-0766-414d-9226-deb7f504e2da',NULL,1,'2020-05-01 00:00:00','2020-07-30 20:27:20','2020-07-30 20:27:20'),('c4640b30-3ca1-41ca-a724-d989ac650857','discardVideo','1800','广告丢弃时间','cdbd3e85-6a42-4000-996e-3e024ff4cc6d',NULL,1,'2020-05-01 00:00:00','2020-07-30 20:27:25','2020-07-30 20:27:25'),('c4af6187-1b83-4099-bd4d-9a5768c84c56','extrahint','150','追加词关提示金币数','8954b70f-2587-474f-b4ef-72c65f20d31c',NULL,1,'2020-05-01 00:00:00','2020-07-30 20:31:34','2020-07-30 20:31:34'),('c4ed49e0-f219-4f2b-8fe5-bf6f020d8756','foregroundAdCD','120','切回游戏展示广告cd','f5ec9a45-78ba-4b6f-ad50-c10d937132f7',NULL,1,'2020-05-01 00:00:00','2020-07-30 20:27:22','2020-07-30 20:27:22'),('c510d2ae-60a6-4803-88da-c98707563dd9','interstitialTimeCD','90','插屏时间cd','870241ef-65cb-4659-9742-8581158ddf5f',NULL,1,'2020-05-01 00:00:00','2020-07-30 20:27:19','2020-07-30 20:27:19'),('c544727e-23a1-462f-83e1-fdb29254103f','discardMenu','1800','广告丢弃时间','13f3cad9-a21f-4d19-9939-49433f4b857d',NULL,1,'2020-05-01 00:00:00','2020-07-30 20:27:25','2020-07-30 20:27:25'),('c56aa9c1-b828-4c35-856e-ebe6806ce743','discardBanner','1800','广告丢弃时间','a696ebf2-17a6-45cf-971f-ad2108ed7265',NULL,1,'2020-05-01 00:00:00','2020-07-30 20:27:18','2020-07-30 20:27:18'),('c5a9c590-6727-4a1b-aba9-0390b5bf657b','config005','3','NativeBanner旧用户点击区域','c33a593e-38b6-44e4-9f0c-bbeecd82095f',NULL,1,'2020-05-01 00:00:00','2020-07-30 20:31:36','2020-07-30 20:31:36'),('c5f60ba0-0ec8-42b5-83c3-ffec96bbef64','bannerTimeCD','15','banner内部刷新cd','d03ff918-8790-4782-bb0d-f6f826c39095',NULL,1,'2020-05-01 00:00:00','2020-07-30 20:27:21','2020-07-30 20:27:21'),('c6019e1b-9df8-42bd-9b57-ef6612978367','discountappear','10','限时折扣出现关卡','8954b70f-2587-474f-b4ef-72c65f20d31c',NULL,1,'2020-05-01 00:00:00','2020-07-30 20:31:34','2020-07-30 20:31:34'),('c6294870-5277-49db-8801-aabfa7f76a38','interstitialTimeCD','90','插屏时间cd','49f52f76-adbe-40a2-898b-b3ce002c7b11',NULL,1,'2020-05-01 00:00:00','2020-07-30 20:27:23','2020-07-30 20:27:23'),('c653580f-8d96-41f2-ae41-9af6f4685769','rateappear','50','评价弹窗出现关卡','3888fbd2-291f-4072-8e5c-1696aad0b267',NULL,1,'2020-05-01 00:00:00','2020-07-30 20:31:35','2020-07-30 20:31:35'),('c65bd188-dbdb-48b5-9c15-9d8fe8d4ed97','interstitialCD','0','插屏广告的cd','908aab62-8e86-47ef-bb1a-45d0dec2b81c',NULL,1,'2020-05-01 00:00:00','2020-07-30 20:31:33','2020-07-30 20:31:33'),('c69d3761-5bf3-4034-aa6f-fc7b8095fcd3','siglePopMax','3','一次性商品促销弹窗每天最大次数','254e3a35-1b6f-47ac-8cb6-e2360526381d',NULL,1,'2020-05-01 00:00:00','2020-07-30 20:31:33','2020-07-30 20:31:33'),('c6b9ef86-193a-4644-bc71-564c4800c534','bannerTimeCD','15','banner内部刷新cd','a696ebf2-17a6-45cf-971f-ad2108ed7265',NULL,1,'2020-05-01 00:00:00','2020-07-30 20:27:18','2020-07-30 20:27:18'),('c6eab5a1-2cb4-43a6-a61c-482af738671b','config051','https://sites.google.com/site/wordcrossprivacypolicy/','gdpr隐私说明地址','6d0212b8-1a34-4ab3-9ef2-170e0c0148eb',NULL,1,'2020-05-01 00:00:00','2020-07-30 20:31:36','2020-07-30 20:31:36'),('c7042822-8eae-4ded-98e3-ee25d9e8ae62','praiseNormalCD','5','重复弹出5星评论的循环局数','02ef1912-6a65-4281-a694-43d8b75007bb',NULL,1,'2020-05-01 00:00:00','2020-07-30 20:32:16','2020-07-30 20:32:16'),('c7165589-b879-40d6-9614-bb34581de2ce','discardMenu','1800','广告丢弃时间','2b582d59-ee7f-4c2f-b62e-55781fa67709',NULL,1,'2020-05-01 00:00:00','2020-07-30 20:27:24','2020-07-30 20:27:24'),('c719a036-4306-45cc-b479-b70b20a95524','boardskinlock','0;0;20;50;90;150','皮肤解锁关卡','6eec7ed5-69c9-4126-a9f9-d435a6f744fb',NULL,1,'2020-05-01 00:00:00','2020-07-30 20:31:35','2020-07-30 20:31:35'),('c749b524-3677-4610-93ce-937ac45975de','aolBannerRefreshTime','30','AOL刷新时间','45d53fa5-2193-483f-8752-b788da07ee9d',NULL,1,'2020-05-01 00:00:00','2020-07-30 20:27:26','2020-07-30 20:27:26'),('c7d30bdb-5f4e-4f8a-a1ca-ca1fb73f2922','nativeTemplateId','1','NativeBanner模板(0旧模板，1新模板）','c33a593e-38b6-44e4-9f0c-bbeecd82095f',NULL,1,'2020-05-01 00:00:00','2020-07-30 20:31:36','2020-07-30 20:31:36'),('c7e3ec18-470b-4dca-b433-0d285af601ff','discardInterstitial','1800','广告丢弃时间','f47d2a1f-6975-4eb4-85be-bc3cec6090cc',NULL,1,'2020-05-01 00:00:00','2020-07-30 20:27:21','2020-07-30 20:27:21'),('c817acda-b9c6-43a4-8ee9-829c29c2cdae','OpenAd','5','开始展示插屏的关卡','6055f856-a2ce-4fa0-8678-c914b660717c',NULL,1,'2020-05-01 00:00:00','2020-07-30 20:27:26','2020-07-30 20:27:26'),('c84fc1ed-f680-42f5-a330-37fa837ab189','openNativeBannerAddition','1','native banner广告补充开关','58e88a15-363b-4dc1-b50b-ea9cc1d83e07',NULL,1,'2020-05-01 00:00:00','2020-07-30 20:27:24','2020-07-30 20:27:24'),('c86a695d-3e66-4294-ab55-18509ad95da5','discardMenu','1800','广告丢弃时间','f47d2a1f-6975-4eb4-85be-bc3cec6090cc',NULL,1,'2020-05-01 00:00:00','2020-07-30 20:27:21','2020-07-30 20:27:21'),('c87bd790-621d-4333-9c04-c9ac03d689af','discardVideo','1800','广告丢弃时间','8c1b734a-abd7-464f-950f-9b10314aa657',NULL,1,'2020-05-01 00:00:00','2020-07-30 20:27:27','2020-07-30 20:27:27'),('c87dc9df-92aa-473c-8e5f-233aa9d507df','bannerTimeCD','15','banner内部刷新cd','37956cfa-e476-4792-9993-2501c51fd489',NULL,1,'2020-05-01 00:00:00','2020-07-30 20:27:26','2020-07-30 20:27:26'),('c87eeae2-0b54-4239-90cb-53fca43090cc','discardVideo','1800','广告丢弃时间','fdd1e57a-d8b5-4586-afa6-f2b471064bd7',NULL,1,'2020-05-01 00:00:00','2020-07-30 20:27:21','2020-07-30 20:27:21'),('c8db6f01-27f9-485b-aec3-8edc20ddb573','config051','https://sites.google.com/site/wordcrossprivacypolicy/','gdpr隐私说明地址','d1bd9e83-5216-48ff-8a5f-fe517bdd03b0',NULL,1,'2020-05-01 00:00:00','2020-07-30 20:31:35','2020-07-30 20:31:35'),('c921ce1a-05f0-4256-962a-8642f107f9e2','foregroundAdCD','120','切回游戏展示广告cd','33d5453a-a69d-44a7-8fcc-6eecb8e5ec70',NULL,1,'2020-05-01 00:00:00','2020-07-30 20:27:21','2020-07-30 20:27:21'),('c93ad217-da42-4669-9439-9120c9ef2ea4','bannerRefreshTime','25','banner内部刷新cd','6d0212b8-1a34-4ab3-9ef2-170e0c0148eb',NULL,1,'2020-05-01 00:00:00','2020-07-30 20:31:36','2020-07-30 20:31:36'),('c95077bc-3fb0-47cd-9c20-12bcf7e3ae17','bannerRefreshTime','30','Banner请求cd','402fc850-1507-48e1-92a2-e6b2338b6321',NULL,1,'2020-05-01 00:00:00','2020-07-30 20:27:20','2020-07-30 20:27:20'),('c987c0c9-1793-4996-b2db-7cf2ecde71ab','rateappear','50','评价弹窗出现关卡','53896149-bf28-4c6d-bc07-9e28fc92880e',NULL,1,'2020-05-01 00:00:00','2020-07-30 20:31:34','2020-07-30 20:31:34'),('c9ecb1c0-723d-4aba-89da-0daab2467d2d','tryCacheTimes','0','广告请求重试次数','64529814-3cba-49ed-bee4-0487b65be20c',NULL,1,'2020-05-01 00:00:00','2020-07-30 20:27:24','2020-07-30 20:27:24'),('ca0bafda-8bc8-44da-8b62-b18ca7c57914','config011','13','判断为儿童的最高年龄','9bb86e38-2898-4029-a42d-f4bfded7068b',NULL,1,'2020-05-01 00:00:00','2020-07-30 20:27:22','2020-07-30 20:27:22'),('caadcaa1-88de-4c56-9ab9-eeb1cda9c35f','flipNumMax','0','翻牌总数量max','02ef1912-6a65-4281-a694-43d8b75007bb',NULL,1,'2020-05-01 00:00:00','2020-07-30 20:32:16','2020-07-30 20:32:16'),('cace0bce-be97-4350-870f-0e3b17ae413f','config012','facebook','儿童用户不初始化SDK的渠道，半角逗号隔开','e506c1a2-ebff-404b-bb3e-c611fb026281',NULL,1,'2020-05-01 00:00:00','2020-07-30 20:27:18','2020-07-30 20:27:18'),('cb748b14-606b-48b4-ae8c-2479a65e2dca','interstitialCD','0','插屏广告的cd','d03ff918-8790-4782-bb0d-f6f826c39095',NULL,1,'2020-05-01 00:00:00','2020-07-30 20:27:21','2020-07-30 20:27:21'),('cbf16c4f-94af-4a6c-a48a-87c1af3eb624','openNativeBannerAddition','1','native banner广告补充开关','ea815942-8ab7-43b4-bae3-40c1e0e53ce0',NULL,1,'2020-05-01 00:00:00','2020-07-30 20:27:20','2020-07-30 20:27:20'),('cc0a209f-1e56-4299-aa72-9fcd75415b37','FreeClueCD','120','间隔多少秒出现激励视频弹窗','6eec7ed5-69c9-4126-a9f9-d435a6f744fb',NULL,1,'2020-05-01 00:00:00','2020-07-30 20:31:35','2020-07-30 20:31:35'),('cc242b08-3801-4571-89d4-4696001d4fbc','config013','true','GDPR+谷歌儿童政策弹窗是否开启','c6d78289-1a87-4e6b-bc76-f37d4f8ee462',NULL,1,'2020-05-01 00:00:00','2020-07-30 20:27:21','2020-07-30 20:27:21'),('cc6cbb64-d939-4d20-9610-d883974c6873','returnAd_switch','3','完成x关开启后台返回插屏','02ef1912-6a65-4281-a694-43d8b75007bb',NULL,1,'2020-05-01 00:00:00','2020-07-30 20:32:17','2020-07-30 20:32:17'),('cd06fdf3-6c56-4ea0-b22b-3e170cef462b','config005','3','NativeBanner旧用户点击区域','a8261063-c1c6-4d03-b42d-6730b33b8f45',NULL,1,'2020-05-01 00:00:00','2020-07-30 20:31:35','2020-07-30 20:31:35'),('cd2c954d-ff66-44ec-ba4a-8043ddfb0cb1','flipNumMin','0','翻牌总数量min','02ef1912-6a65-4281-a694-43d8b75007bb',NULL,1,'2020-05-01 00:00:00','2020-07-30 20:32:16','2020-07-30 20:32:16'),('cd70391f-57bb-40ce-8e8f-883a864d8d02','discardRewardVideo','1800','广告丢弃时间','a4b3c237-110a-4381-965f-4c9d76fb6996',NULL,1,'2020-05-01 00:00:00','2020-07-30 20:27:23','2020-07-30 20:27:23'),('cda7e384-34b2-4754-8842-a533bb522253','passStageReward_chapterVideoMul','4','章节激励视频奖励倍率','6eec7ed5-69c9-4126-a9f9-d435a6f744fb',NULL,1,'2020-05-01 00:00:00','2020-07-30 20:31:35','2020-07-30 20:31:35'),('cdbfdcb5-f417-4ee5-9649-ad3cf81dc52a','tryCacheTimes','0','广告请求重试次数','a696ebf2-17a6-45cf-971f-ad2108ed7265',NULL,1,'2020-05-01 00:00:00','2020-07-30 20:27:18','2020-07-30 20:27:18'),('cdc0a05d-e5ad-4fd7-994a-c202c92af9c5','bannerTimeCD','15','banner内部刷新cd','cdbd3e85-6a42-4000-996e-3e024ff4cc6d',NULL,1,'2020-05-01 00:00:00','2020-07-30 20:27:25','2020-07-30 20:27:25'),('ce00d5b3-f022-43ba-acfc-7b432d017dd9','interstitialCD','0','插屏广告的cd','1a6ec88c-4800-49c1-908f-da76985a73dd',NULL,1,'2020-05-01 00:00:00','2020-07-30 20:27:22','2020-07-30 20:27:22'),('ce07b253-8329-4d10-9878-4f973706c1c0','nativeMenuTimeCD','180','Native_Menu时间cd','f1da0374-eeba-4319-b250-dc0ea165bba0',NULL,1,'2020-05-01 00:00:00','2020-07-30 20:27:24','2020-07-30 20:27:24'),('ce08fa89-a674-469e-bdfc-bb104b19624c','coinX','1000','商店界面后弹出的广告2，当前金币数大于一次提示消耗的该倍数时不弹视频弹窗','26a8b698-9802-48d5-aa53-65630c7a8813',NULL,1,'2020-05-01 00:00:00','2020-07-30 20:31:35','2020-07-30 20:31:35'),('ce0d4565-1115-437d-bb79-7aef9d4a1ab0','interstitialTimeCD','90','插屏时间cd','a4b3c237-110a-4381-965f-4c9d76fb6996',NULL,1,'2020-05-01 00:00:00','2020-07-30 20:27:23','2020-07-30 20:27:23'),('cee1ea91-cdf9-4f5b-b2c7-cec35bd4ae66','videoadreward','0.8;0.85','激励视频广告钱数','3888fbd2-291f-4072-8e5c-1696aad0b267',NULL,1,'2020-05-01 00:00:00','2020-07-30 20:31:35','2020-07-30 20:31:35'),('cf72fecd-c272-4729-87b4-42ea4e6328c8','discardNative','1800','广告丢弃时间','449fa7b8-2e10-4e4c-a573-cf605525fc46',NULL,1,'2020-05-01 00:00:00','2020-07-30 20:27:20','2020-07-30 20:27:20'),('cfac4f08-e9a8-49d2-bc30-5ea7d18209de','wheel_rewardweight','20;20;5;20;10;25','奖励权重：coin_10；coin_20；coin_100；iap_type11；hint；rewardVideo','254e3a35-1b6f-47ac-8cb6-e2360526381d',NULL,1,'2020-05-01 00:00:00','2020-07-30 20:31:33','2020-07-30 20:31:33'),('cfbed426-6658-4c0e-a037-0badb282b4aa','OpenAd','5','开始展示插屏的关卡','1b0ad012-6508-47a0-915e-64e865362208',NULL,1,'2020-05-01 00:00:00','2020-07-30 20:27:18','2020-07-30 20:27:18'),('cfccdfa4-bac3-4bfd-bd84-7421501d0f96','config003','3','Menu旧用户点击区域','908aab62-8e86-47ef-bb1a-45d0dec2b81c',NULL,1,'2020-05-01 00:00:00','2020-07-30 20:31:34','2020-07-30 20:31:34'),('cfd01314-4b41-436e-85b5-b911db9ab44d','rewardsumch','0','投放打点中rewardvideo参数','02ef1912-6a65-4281-a694-43d8b75007bb',NULL,1,'2020-05-01 00:00:00','2020-07-30 20:32:17','2020-07-30 20:32:17'),('d0046d3e-46be-40c3-866a-fda237712d46','bannerTimeCD','15','banner内部刷新cd','fdd1e57a-d8b5-4586-afa6-f2b471064bd7',NULL,1,'2020-05-01 00:00:00','2020-07-30 20:27:21','2020-07-30 20:27:21'),('d01de89d-6e25-4529-ad6d-eb2f81e51705','passStageReward_levelConfig','12;32;5;2|35;62;3;2|67;9999;4;3','过关激励视频关卡号条件，a;b;c;d为一个关卡区间，(level >= a 且 level <= b 且 level % c == d)，区间数量可变。','6eec7ed5-69c9-4126-a9f9-d435a6f744fb',NULL,1,'2020-05-01 00:00:00','2020-07-30 20:31:35','2020-07-30 20:31:35'),('d0455e8d-4764-4d7b-829e-65e2a4fc44cb','interstitialCD','0','插屏广告的cd','2b582d59-ee7f-4c2f-b62e-55781fa67709',NULL,1,'2020-05-01 00:00:00','2020-07-30 20:27:23','2020-07-30 20:27:23'),('d054b437-34bf-4e3e-83cc-4c7ea9e93569','nativeMenuTimeCD','180','Native_Menu时间cd','8c1b734a-abd7-464f-950f-9b10314aa657',NULL,1,'2020-05-01 00:00:00','2020-07-30 20:27:27','2020-07-30 20:27:27'),('d06d66a6-f561-4951-8b0b-b04390a05550','passStageReward_stageVideoNum','50','激励视频奖励金币固定值','3888fbd2-291f-4072-8e5c-1696aad0b267',NULL,1,'2020-05-01 00:00:00','2020-07-30 20:31:35','2020-07-30 20:31:35'),('d092417d-f1d6-4462-84c8-581459a2b184','discardVideo','1800','广告丢弃时间','eb97e0fc-2281-4770-8a00-6c53032d9ca6',NULL,1,'2020-05-01 00:00:00','2020-07-30 20:27:19','2020-07-30 20:27:19'),('d09db375-2d0c-4912-8fa9-74f20a2cc3b6','delayToNextCache','60','广告重试的间隔','1a6ec88c-4800-49c1-908f-da76985a73dd',NULL,1,'2020-05-01 00:00:00','2020-07-30 20:27:22','2020-07-30 20:27:22'),('d0bfa7cb-142d-4b85-9278-4cf9177be43f','openNativeBannerAddition','1','native banner广告补充开关','5ad72a7a-019d-4303-9e49-208d207781eb',NULL,1,'2020-05-01 00:00:00','2020-07-30 20:27:22','2020-07-30 20:27:22'),('d0c77df2-84a6-47e5-b771-19eaded4b7d1','videoLoadWaitingTime','10','激励视频请求超时时间（新版逻辑专用）','908aab62-8e86-47ef-bb1a-45d0dec2b81c',NULL,1,'2020-05-01 00:00:00','2020-07-30 20:31:34','2020-07-30 20:31:34'),('d1900f54-14e1-40ac-8dac-8422bb8e1c1c','openNativeBannerAddition','1','native banner广告补充开关','ae0b1265-8ae3-4425-a175-94309e819528',NULL,1,'2020-05-01 00:00:00','2020-07-30 20:27:27','2020-07-30 20:27:27'),('d1d4e6f0-c106-4237-b71b-96c8243039c9','discardInterstitial','1800','广告丢弃时间','56fc24fd-a74e-4476-b270-840947e64e0f',NULL,1,'2020-05-01 00:00:00','2020-07-30 20:27:27','2020-07-30 20:27:27'),('d1e38dd9-5898-49c2-85f5-9b79dfd9a9f6','config010','https://sites.google.com/site/smooteprivacypolicy/','隐私政策URL','12f8e9ff-4497-47a0-ae1f-838653c6d07f',NULL,1,'2020-05-01 00:00:00','2020-07-30 20:27:25','2020-07-30 20:27:25'),('d2898d3e-49c5-4725-8e38-c9172a2225c0','openNativeBannerAddition','1','native banner广告补充开关','1b0ad012-6508-47a0-915e-64e865362208',NULL,1,'2020-05-01 00:00:00','2020-07-30 20:27:18','2020-07-30 20:27:18'),('d36c0463-af5d-490c-8f42-d7cc292d0276','delayToNextCache','60','广告重试的间隔','402fc850-1507-48e1-92a2-e6b2338b6321',NULL,1,'2020-05-01 00:00:00','2020-07-30 20:27:20','2020-07-30 20:27:20'),('d38e93d0-76b0-44a9-bbf4-7e193c2d95bf','OpenAd','5','开始展示插屏的关卡','40d5669d-5ae5-49b9-b58d-3c704bdfc594',NULL,1,'2020-05-01 00:00:00','2020-07-30 20:27:27','2020-07-30 20:27:27'),('d3aa4586-fea8-431b-9838-e7644aca35b3','discardNative','1800','广告丢弃时间','2daaed44-e5e5-4b53-867f-987b995dc698',NULL,1,'2020-05-01 00:00:00','2020-07-30 20:27:27','2020-07-30 20:27:27'),('d3f36411-9ff4-44ee-8ca9-468cbf6e81d9','config011','13','判断为儿童的最高年龄','e4c4b2e2-acbb-4ea9-b8ac-b4dac2b32202',NULL,1,'2020-05-01 00:00:00','2020-07-30 20:27:18','2020-07-30 20:27:18'),('d42955f7-1f33-43b4-9555-25b3bfa16648','nativeMenuTimeCD','180','Native_Menu时间cd','e2ab3a48-8f79-4b13-ab07-04202238384a',NULL,1,'2020-05-01 00:00:00','2020-07-30 20:27:20','2020-07-30 20:27:20'),('d4675785-7520-42fa-9b49-cf24fc87a66d','config013','true','GDPR+谷歌儿童政策弹窗是否开启','ae0b1265-8ae3-4425-a175-94309e819528',NULL,1,'2020-05-01 00:00:00','2020-07-30 20:27:27','2020-07-30 20:27:27'),('d4e90aa0-c137-4fc2-9002-85b935910829','delayToChangeText','5','native文本切换倒计时','8c1b734a-abd7-464f-950f-9b10314aa657',NULL,1,'2020-05-01 00:00:00','2020-07-30 20:27:27','2020-07-30 20:27:27'),('d533b477-f70d-4824-93fd-5354c7d726a0','delayToNextCache','60','广告重试的间隔','c852899f-340e-49ce-ab21-e70175b8d63a',NULL,1,'2020-05-01 00:00:00','2020-07-30 20:27:21','2020-07-30 20:27:21'),('d5476eda-fe61-4b92-b7ca-b2fed15583ff','discardBanner','1800','广告丢弃时间','c852899f-340e-49ce-ab21-e70175b8d63a',NULL,1,'2020-05-01 00:00:00','2020-07-30 20:27:22','2020-07-30 20:27:22'),('d56117f8-23d2-4666-871a-808657899368','OpenAd','5','开始展示插屏的关卡','6227e907-a951-4391-ba79-8e2b4b0fb64a',NULL,1,'2020-05-01 00:00:00','2020-07-30 20:27:19','2020-07-30 20:27:19'),('d5afd040-20fb-4c80-981d-1febaaf8dc68','tryCacheTimes','0','广告请求重试次数','99e96dc9-a372-4e36-92de-8f5d5e2e9b4b',NULL,1,'2020-05-01 00:00:00','2020-07-30 20:27:25','2020-07-30 20:27:25'),('d5d3d2f5-e5d6-4913-8618-add1d2053976','discardRewardVideo','1800','广告丢弃时间','2b582d59-ee7f-4c2f-b62e-55781fa67709',NULL,1,'2020-05-01 00:00:00','2020-07-30 20:27:24','2020-07-30 20:27:24'),('d635862e-f368-4573-b198-b80cd2f26e8a','openNativeBannerAddition','1','native banner广告补充开关','6055f856-a2ce-4fa0-8678-c914b660717c',NULL,1,'2020-05-01 00:00:00','2020-07-30 20:27:26','2020-07-30 20:27:26'),('d67628b2-371c-4a97-9200-4e5e4be827a8','OpenAd','5','开始展示插屏的关卡','9bb86e38-2898-4029-a42d-f4bfded7068b',NULL,1,'2020-05-01 00:00:00','2020-07-30 20:27:22','2020-07-30 20:27:22'),('d678ad25-e2b5-4262-80f3-2968265ae637','discardInterstitial','1800','广告丢弃时间','64529814-3cba-49ed-bee4-0487b65be20c',NULL,1,'2020-05-01 00:00:00','2020-07-30 20:27:24','2020-07-30 20:27:24'),('d708ba17-4127-4b26-adcd-fea5e0411188','discardVideo','1800','广告丢弃时间','d2b6cc37-c4c6-49f8-95b6-2e41eb472d09',NULL,1,'2020-05-01 00:00:00','2020-07-30 20:32:17','2020-07-30 20:32:17'),('d7236793-cdbb-4f99-a7df-1bc3add6ba6f','foregroundAdCD','120','切回游戏展示广告cd','b1f7f2f4-c16b-4a5e-ac14-764f11662086',NULL,1,'2020-05-01 00:00:00','2020-07-30 20:27:26','2020-07-30 20:27:26'),('d7a2cdf5-5772-4677-9cff-a9a103dbdb50','aolBannerRefreshTime','30','AOL刷新时间','e2ab3a48-8f79-4b13-ab07-04202238384a',NULL,1,'2020-05-01 00:00:00','2020-07-30 20:27:20','2020-07-30 20:27:20'),('d81ec17f-8c92-4c35-b19d-bae24c7b1087','nativeTemplateId','1','NativeBanner模板(0旧模板，1新模板）','d2b6cc37-c4c6-49f8-95b6-2e41eb472d09',NULL,1,'2020-05-01 00:00:00','2020-07-30 20:32:17','2020-07-30 20:32:17'),('d8b2fc89-270a-4d59-a82f-d04ec7e462a0','easyJudgeCDMax','1.5','easy对手的判定用时最大值','02ef1912-6a65-4281-a694-43d8b75007bb',NULL,1,'2020-05-01 00:00:00','2020-07-30 20:32:16','2020-07-30 20:32:16'),('d8efddfa-0883-4a5f-93e7-c14145b208e5','interstitialCD','0','插屏广告的cd','37956cfa-e476-4792-9993-2501c51fd489',NULL,1,'2020-05-01 00:00:00','2020-07-30 20:27:26','2020-07-30 20:27:26'),('d91560c0-47a5-4787-b5ca-92dc299aa577','rateappear','50','评价弹窗出现关卡','254e3a35-1b6f-47ac-8cb6-e2360526381d',NULL,1,'2020-05-01 00:00:00','2020-07-30 20:31:33','2020-07-30 20:31:33'),('d94aa6b9-7b1f-41f1-a80c-5f93adc51160','openNativeBannerAddition','1','native banner广告补充开关','40d5669d-5ae5-49b9-b58d-3c704bdfc594',NULL,1,'2020-05-01 00:00:00','2020-07-30 20:27:27','2020-07-30 20:27:27'),('d96f3806-eddd-4d7d-b7ac-4041f389088e','discardVideo','1800','广告丢弃时间','64529814-3cba-49ed-bee4-0487b65be20c',NULL,1,'2020-05-01 00:00:00','2020-07-30 20:27:24','2020-07-30 20:27:24'),('d9d2de7d-5b9e-4505-9cd6-321c6a842ec8','discardMenu','1800','广告丢弃时间','cdbd3e85-6a42-4000-996e-3e024ff4cc6d',NULL,1,'2020-05-01 00:00:00','2020-07-30 20:27:25','2020-07-30 20:27:25'),('da0de662-e444-4689-b363-c7ac8ad3a9ae','discardNative','1800','广告丢弃时间','eb97e0fc-2281-4770-8a00-6c53032d9ca6',NULL,1,'2020-05-01 00:00:00','2020-07-30 20:27:19','2020-07-30 20:27:19'),('da238727-bd03-4fe0-a4c7-79d0d0df3993','fiveStarsNotice','0','弹窗评论是否需要带5星提示','02ef1912-6a65-4281-a694-43d8b75007bb',NULL,1,'2020-05-01 00:00:00','2020-07-30 20:32:17','2020-07-30 20:32:17'),('da2c86df-e972-43b8-b54a-825bfe77be01','config013','true','GDPR+谷歌儿童政策弹窗是否开启','d8fb45fb-cae5-4912-a246-95bdb38eadeb',NULL,1,'2020-05-01 00:00:00','2020-07-30 20:27:26','2020-07-30 20:27:26'),('da6a2b6a-f696-4b1f-84c5-bdf86c519964','discardRewardVideo','1800','广告丢弃时间','e7c95fb2-3797-4212-adb1-68b4f861a1e1',NULL,1,'2020-05-01 00:00:00','2020-07-30 20:27:19','2020-07-30 20:27:19'),('dab580fe-9784-4632-9012-ef20f12d1294','config012','facebook','儿童用户不初始化SDK的渠道，半角逗号隔开','ee3ac931-50c3-48cf-9528-553dce9bd263',NULL,1,'2020-05-01 00:00:00','2020-07-30 20:27:20','2020-07-30 20:27:20'),('db13fe49-d38d-40bb-a80c-765b0b093563','discardNative','1800','广告丢弃时间','bf744ec9-0766-414d-9226-deb7f504e2da',NULL,1,'2020-05-01 00:00:00','2020-07-30 20:27:20','2020-07-30 20:27:20'),('dbdb9bc9-9a36-4daa-9608-3d12e4fbc812','bannerTimeCD','15','banner内部刷新cd','45d53fa5-2193-483f-8752-b788da07ee9d',NULL,1,'2020-05-01 00:00:00','2020-07-30 20:27:26','2020-07-30 20:27:26'),('dc7f4605-93dc-4e02-b55e-b6c1bcb145c2','config013','true','GDPR+谷歌儿童政策弹窗是否开启','40d5669d-5ae5-49b9-b58d-3c704bdfc594',NULL,1,'2020-05-01 00:00:00','2020-07-30 20:27:27','2020-07-30 20:27:27'),('dcbe968c-542b-456d-a981-e8fa6e8a691d','discardRewardVideo','1800','广告丢弃时间','a696ebf2-17a6-45cf-971f-ad2108ed7265',NULL,1,'2020-05-01 00:00:00','2020-07-30 20:27:18','2020-07-30 20:27:18'),('dd09fa0e-fa8f-403d-9ef7-c003679f707a','interstitialCD','0','插屏广告的cd','eb97e0fc-2281-4770-8a00-6c53032d9ca6',NULL,1,'2020-05-01 00:00:00','2020-07-30 20:27:19','2020-07-30 20:27:19'),('dd2926ef-b846-4a53-af73-f54d8ab14896','rewardVideoNumPerDay','3','每日视频广告数量','02ef1912-6a65-4281-a694-43d8b75007bb',NULL,1,'2020-05-01 00:00:00','2020-07-30 20:32:16','2020-07-30 20:32:16'),('dd40718b-90b4-4579-8a94-8220262b3b1f','passStageReward_chapterVideoMul','2','章节激励视频奖励倍率','8954b70f-2587-474f-b4ef-72c65f20d31c',NULL,1,'2020-05-01 00:00:00','2020-07-30 20:31:34','2020-07-30 20:31:34'),('dd523337-c249-421d-ad28-0c0cd1286ccd','foregroundAdCD','120','切回游戏展示广告cd','8885eae0-97f1-4dbd-8d56-1719a40ac188',NULL,1,'2020-05-01 00:00:00','2020-07-30 20:27:23','2020-07-30 20:27:23'),('dd6156c5-b8b8-4b92-afa6-02c4926dc30b','discardBanner','1800','广告丢弃时间','2b582d59-ee7f-4c2f-b62e-55781fa67709',NULL,1,'2020-05-01 00:00:00','2020-07-30 20:27:24','2020-07-30 20:27:24'),('dd7e7f54-afa0-414a-afc6-84f123adea93','discardBanner','1800','广告丢弃时间','a4b3c237-110a-4381-965f-4c9d76fb6996',NULL,1,'2020-05-01 00:00:00','2020-07-30 20:27:23','2020-07-30 20:27:23'),('dd9b13d9-af74-4f44-b997-58748ae224fa','discardMenu','1800','广告丢弃时间','d03ff918-8790-4782-bb0d-f6f826c39095',NULL,1,'2020-05-01 00:00:00','2020-07-30 20:27:21','2020-07-30 20:27:21'),('ddc83077-9985-45bc-8376-ded469d43391','videoadreward','0.8;1','激励视频广告钱数','26a8b698-9802-48d5-aa53-65630c7a8813',NULL,1,'2020-05-01 00:00:00','2020-07-30 20:31:35','2020-07-30 20:31:35'),('de0ed904-0119-40d8-a33c-a073bd5fa7be','OpenAd','3','新玩家几局后开始出现广告','02ef1912-6a65-4281-a694-43d8b75007bb',NULL,1,'2020-05-01 00:00:00','2020-07-30 20:32:16','2020-07-30 20:32:16'),('de474933-11c9-4cb2-bdf1-9822fd71ee58','config010','https://sites.google.com/site/smooteprivacypolicy/','隐私政策URL','f5ec9a45-78ba-4b6f-ad50-c10d937132f7',NULL,1,'2020-05-01 00:00:00','2020-07-30 20:27:22','2020-07-30 20:27:22'),('de72b6c4-531e-4a2d-8ed7-bdca2080c064','interstitialCD','0','插屏广告的cd','fdd1e57a-d8b5-4586-afa6-f2b471064bd7',NULL,1,'2020-05-01 00:00:00','2020-07-30 20:27:21','2020-07-30 20:27:21'),('de77c27f-66e7-4ef7-9a9a-e9ccc4a5eb83','QuickUndo','1','快速撤销功能开关（1：功能开启；0：功能关闭；默认是1）','02ef1912-6a65-4281-a694-43d8b75007bb',NULL,1,'2020-05-01 00:00:00','2020-07-30 20:32:17','2020-07-30 20:32:17'),('dea1e415-139d-43c4-9e83-46243c1872d1','discardRewardVideo','1800','广告丢弃时间','45d53fa5-2193-483f-8752-b788da07ee9d',NULL,1,'2020-05-01 00:00:00','2020-07-30 20:27:26','2020-07-30 20:27:26'),('deb450c5-dc7a-4b40-99d5-787342b3fe47','discardVideo','1800','广告丢弃时间','835c0271-34cf-455d-b1e7-45627a2e3788',NULL,1,'2020-05-01 00:00:00','2020-07-30 20:27:23','2020-07-30 20:27:23'),('def22718-0754-44d1-b856-e01ad5c23c92','discardMenu','1800','广告丢弃时间','37956cfa-e476-4792-9993-2501c51fd489',NULL,1,'2020-05-01 00:00:00','2020-07-30 20:27:26','2020-07-30 20:27:26'),('df47682b-132a-4a31-be8d-c2f4695633b7','aolBannerRefreshTime','30','AOL刷新时间','f1da0374-eeba-4319-b250-dc0ea165bba0',NULL,1,'2020-05-01 00:00:00','2020-07-30 20:27:24','2020-07-30 20:27:24'),('df987f95-78ad-4d5d-8712-fbbfae811e54','videoTipsDrawErrorCount','9','连续划错多少次出现激励视频弹窗','6eec7ed5-69c9-4126-a9f9-d435a6f744fb',NULL,1,'2020-05-01 00:00:00','2020-07-30 20:31:35','2020-07-30 20:31:35'),('e0250a72-ef64-41d0-b9bb-1e76850bbcce','tryCacheTimes','0','广告请求重试次数','766a41ed-6e68-423d-80bc-76105794e54c',NULL,1,'2020-05-01 00:00:00','2020-07-30 20:27:18','2020-07-30 20:27:18'),('e04b51f2-f523-4deb-bbe9-a08e22beb623','delayToChangeText','5','native文本切换倒计时','eb97e0fc-2281-4770-8a00-6c53032d9ca6',NULL,1,'2020-05-01 00:00:00','2020-07-30 20:27:19','2020-07-30 20:27:19'),('e079051c-1322-43b0-851c-0b3ab0248be3','config010','https://sites.google.com/site/smooteprivacypolicy/','隐私政策URL','58e88a15-363b-4dc1-b50b-ea9cc1d83e07',NULL,1,'2020-05-01 00:00:00','2020-07-30 20:27:24','2020-07-30 20:27:24'),('e0edf190-4468-42d4-a5eb-be879c54dd90','discardBanner','1800','广告丢弃时间','e7c95fb2-3797-4212-adb1-68b4f861a1e1',NULL,1,'2020-05-01 00:00:00','2020-07-30 20:27:19','2020-07-30 20:27:19'),('e126b595-33a8-46d6-8ccd-82c37312aa42','tryCacheTimes','0','广告请求重试次数','e2ab3a48-8f79-4b13-ab07-04202238384a',NULL,1,'2020-05-01 00:00:00','2020-07-30 20:27:20','2020-07-30 20:27:20'),('e13d40d8-f219-4692-bb3b-d9175e70b221','askfriendappeartimes','10','ask friend在商店后弹出次数','8954b70f-2587-474f-b4ef-72c65f20d31c',NULL,1,'2020-05-01 00:00:00','2020-07-30 20:31:34','2020-07-30 20:31:34'),('e13dbe61-a4ea-499c-b0cb-8e070d4ee8f7','discardNative','1800','广告丢弃时间','a696ebf2-17a6-45cf-971f-ad2108ed7265',NULL,1,'2020-05-01 00:00:00','2020-07-30 20:27:18','2020-07-30 20:27:18'),('e17580e5-a25e-4800-9152-3d46a7935ea1','discardRewardVideo','1800','广告丢弃时间','eb97e0fc-2281-4770-8a00-6c53032d9ca6',NULL,1,'2020-05-01 00:00:00','2020-07-30 20:27:19','2020-07-30 20:27:19'),('e1d5b8eb-2b2b-44c3-86e6-8b9ec79f2e4b','config010','https://sites.google.com/site/smooteprivacypolicy/','隐私政策URL','40d5669d-5ae5-49b9-b58d-3c704bdfc594',NULL,1,'2020-05-01 00:00:00','2020-07-30 20:27:27','2020-07-30 20:27:27'),('e1e90411-951d-476d-b172-0dae316fb0a8','delayToNextCache','60','广告重试的间隔','d2b6cc37-c4c6-49f8-95b6-2e41eb472d09',NULL,1,'2020-05-01 00:00:00','2020-07-30 20:32:17','2020-07-30 20:32:17'),('e25d6d53-3ba7-4b7f-bed0-2102f2d8125d','interstitialTimeCD','90','插屏时间cd','449fa7b8-2e10-4e4c-a573-cf605525fc46',NULL,1,'2020-05-01 00:00:00','2020-07-30 20:27:20','2020-07-30 20:27:20'),('e26b17ea-22b3-4e2a-8225-46c1e5fd457f','discardNative','1800','广告丢弃时间','d2b6cc37-c4c6-49f8-95b6-2e41eb472d09',NULL,1,'2020-05-01 00:00:00','2020-07-30 20:32:17','2020-07-30 20:32:17'),('e28b4626-66e7-4771-ad7c-b641e000dd34','boardskinlock','0;0;20;50;90;150','皮肤解锁关卡','3888fbd2-291f-4072-8e5c-1696aad0b267',NULL,1,'2020-05-01 00:00:00','2020-07-30 20:31:35','2020-07-30 20:31:35'),('e2b8771f-da5c-4648-8517-e890cdadf07f','bannerRefreshTime','30','Banner请求cd','f1da0374-eeba-4319-b250-dc0ea165bba0',NULL,1,'2020-05-01 00:00:00','2020-07-30 20:27:24','2020-07-30 20:27:24'),('e4135ece-a3bf-4874-b93b-59cbcf8f3499','nativeMenuTimeCD','180','Native_Menu时间cd','870241ef-65cb-4659-9742-8581158ddf5f',NULL,1,'2020-05-01 00:00:00','2020-07-30 20:27:19','2020-07-30 20:27:19'),('e4890614-f70c-484d-9e40-2b6d6e1b63e7','mainAppPackageName','com.cardgame.solitaire.full','lite跳转的主包包名','02ef1912-6a65-4281-a694-43d8b75007bb',NULL,1,'2020-05-01 00:00:00','2020-07-30 20:32:17','2020-07-30 20:32:17'),('e49384ff-5669-4948-be4c-dc85320d19c4','popupsAfterShop','2','商店界面后弹出弹窗类型1分享2广告','53896149-bf28-4c6d-bc07-9e28fc92880e',NULL,1,'2020-05-01 00:00:00','2020-07-30 20:31:34','2020-07-30 20:31:34'),('e49b68a9-0b1e-40d2-8b90-cae5501cbc52','nativeMenuTimeCD','180','Native_Menu时间cd','d2b6cc37-c4c6-49f8-95b6-2e41eb472d09',NULL,1,'2020-05-01 00:00:00','2020-07-30 20:32:17','2020-07-30 20:32:17'),('e4f3050d-eea8-449d-b2fc-da80de057e97','openNativeBannerAddition','1','native banner广告补充开关','af061380-0d10-4118-b32d-da2faf5f5f2c',NULL,1,'2020-05-01 00:00:00','2020-07-30 20:27:21','2020-07-30 20:27:21'),('e4fa3816-d6cf-4485-b64c-6ecb8bde4398','discountappear','10','限时折扣出现关卡','254e3a35-1b6f-47ac-8cb6-e2360526381d',NULL,1,'2020-05-01 00:00:00','2020-07-30 20:31:33','2020-07-30 20:31:33'),('e50bbd29-d008-4ddf-af66-f04812a615d0','passStageReward_stageVideoNum','50','激励视频奖励金币固定值','6eec7ed5-69c9-4126-a9f9-d435a6f744fb',NULL,1,'2020-05-01 00:00:00','2020-07-30 20:31:35','2020-07-30 20:31:35'),('e517e38f-a9dc-4458-90c6-b9236ca6572d','bannerTimeCD','15','banner内部刷新cd','c33a593e-38b6-44e4-9f0c-bbeecd82095f',NULL,1,'2020-05-01 00:00:00','2020-07-30 20:31:36','2020-07-30 20:31:36'),('e5592541-c816-4686-be80-69b38842024b','openNativeBannerAddition','1','native banner广告补充开关','9e192225-401b-459d-a763-a1a0e8d3b3d1',NULL,1,'2020-05-01 00:00:00','2020-07-30 20:27:23','2020-07-30 20:27:23'),('e5d57fde-8073-4282-a27f-a4be3b75f145','tryCacheTimes','0','广告请求重试次数','cdbd3e85-6a42-4000-996e-3e024ff4cc6d',NULL,1,'2020-05-01 00:00:00','2020-07-30 20:27:25','2020-07-30 20:27:25'),('e5ea4213-5a24-4334-bc97-f94725652c25','ignoreFiveStarPraise','1','五星评价前置问题是否开启','02ef1912-6a65-4281-a694-43d8b75007bb',NULL,1,'2020-05-01 00:00:00','2020-07-30 20:32:17','2020-07-30 20:32:17'),('e64f1c07-5425-46c8-b309-3914c6012823','discardInterstitial','1800','广告丢弃时间','09a6f3a0-581c-4b7b-a93e-5c21b12a5abd',NULL,1,'2020-05-01 00:00:00','2020-07-30 20:27:22','2020-07-30 20:27:22'),('e686a7fb-7c3a-4e26-80ac-867e33585d67','classicMagicNum','3','普通模式魔法棒单局使用上限[-1为无限制]','02ef1912-6a65-4281-a694-43d8b75007bb',NULL,1,'2020-05-01 00:00:00','2020-07-30 20:32:17','2020-07-30 20:32:17'),('e6f4588e-0a6d-43f4-8fa6-f5805afabaeb','discardInterstitial','1800','广告丢弃时间','13f3cad9-a21f-4d19-9939-49433f4b857d',NULL,1,'2020-05-01 00:00:00','2020-07-30 20:27:25','2020-07-30 20:27:25'),('e6f982fa-1019-4f97-a0e2-941b87e41aa9','delayToChangeText','5','native文本切换倒计时','d03ff918-8790-4782-bb0d-f6f826c39095',NULL,1,'2020-05-01 00:00:00','2020-07-30 20:27:21','2020-07-30 20:27:21'),('e70e6e3c-f865-412c-8d16-5978d469c88b','openNativeBannerAddition','1','native banner广告补充开关','02ef1912-6a65-4281-a694-43d8b75007bb',NULL,1,'2020-05-01 00:00:00','2020-07-30 20:32:17','2020-07-30 20:32:17'),('e718f9e3-7c9e-48da-acef-da89acb97e50','delayToNextCache','60','广告重试的间隔','eb97e0fc-2281-4770-8a00-6c53032d9ca6',NULL,1,'2020-05-01 00:00:00','2020-07-30 20:27:19','2020-07-30 20:27:19'),('e75402da-39b6-438a-ae84-67a0217604fd','bannerTimeCD','15','banner内部刷新cd','bf744ec9-0766-414d-9226-deb7f504e2da',NULL,1,'2020-05-01 00:00:00','2020-07-30 20:27:20','2020-07-30 20:27:20'),('e7a52851-7b63-4dfd-8134-09fdcf5c6d04','config003','0','Menu旧用户点击区域','25cd3758-fa7d-4e34-8e03-07dda42a11ef',NULL,1,'2020-05-01 00:00:00','2020-07-30 20:32:17','2020-07-30 20:32:17'),('e7c41878-db6e-46a7-a0b1-e89f69f5d63b','extrawordrewardrate','1.2','追加词激励视频奖励倍率','8954b70f-2587-474f-b4ef-72c65f20d31c',NULL,1,'2020-05-01 00:00:00','2020-07-30 20:31:34','2020-07-30 20:31:34'),('e7f13b22-bf52-4850-b3ed-702bea99212c','interstitialCD','0','插屏广告的cd','e7c95fb2-3797-4212-adb1-68b4f861a1e1',NULL,1,'2020-05-01 00:00:00','2020-07-30 20:27:19','2020-07-30 20:27:19'),('e844ead1-959c-4eaa-ad92-84cb77965220','discardVideo','1800','广告丢弃时间','49f52f76-adbe-40a2-898b-b3ce002c7b11',NULL,1,'2020-05-01 00:00:00','2020-07-30 20:27:23','2020-07-30 20:27:23'),('e86312e4-0a4a-4040-9329-f4627cb48039','config011','13','判断为儿童的最高年龄','93456038-4afc-4a42-baef-17c37841d813',NULL,1,'2020-05-01 00:00:00','2020-07-30 20:27:20','2020-07-30 20:27:20'),('e87bb204-1a45-4cc2-96f9-ab5c0baa2866','OpenAd','5','开始展示插屏的关卡','93456038-4afc-4a42-baef-17c37841d813',NULL,1,'2020-05-01 00:00:00','2020-07-30 20:27:20','2020-07-30 20:27:20'),('e894c59f-145c-4bb8-ba0f-0d9c7e6d00d4','nativeMenuTimeCD','180','Native_Menu时间cd','cdbd3e85-6a42-4000-996e-3e024ff4cc6d',NULL,1,'2020-05-01 00:00:00','2020-07-30 20:27:25','2020-07-30 20:27:25'),('e8b8ec55-9ce1-4161-a3d4-ed2902090b5c','tryCacheTimes','0','广告请求重试次数','09a6f3a0-581c-4b7b-a93e-5c21b12a5abd',NULL,1,'2020-05-01 00:00:00','2020-07-30 20:27:22','2020-07-30 20:27:22'),('e8ba5445-7ca9-4a42-bd05-c52824ef1e9b','tryCacheTimes','0','广告请求重试次数','49f52f76-adbe-40a2-898b-b3ce002c7b11',NULL,1,'2020-05-01 00:00:00','2020-07-30 20:27:23','2020-07-30 20:27:23'),('e8eb8530-9790-43b0-a840-bd91563ae65c','bannerRefreshTime','30','Banner请求cd','37956cfa-e476-4792-9993-2501c51fd489',NULL,1,'2020-05-01 00:00:00','2020-07-30 20:27:26','2020-07-30 20:27:26'),('e96c6f3d-ebde-45b8-a328-77e969d05314','askfriendappeartimes','10','ask friend在商店后弹出次数','254e3a35-1b6f-47ac-8cb6-e2360526381d',NULL,1,'2020-05-01 00:00:00','2020-07-30 20:31:33','2020-07-30 20:31:33'),('e9c74199-d6e4-47a0-b817-37c6238637c7','discardInterstitial','1800','广告丢弃时间','77322dfb-045a-4f53-92b5-c3aae9192500',NULL,1,'2020-05-01 00:00:00','2020-07-30 20:31:34','2020-07-30 20:31:34'),('e9f929fc-20d6-4d24-8eea-6e8761957f8a','interstitialCD','0','插屏广告的cd','449fa7b8-2e10-4e4c-a573-cf605525fc46',NULL,1,'2020-05-01 00:00:00','2020-07-30 20:27:20','2020-07-30 20:27:20'),('ea25e975-96bd-4135-b853-faf6e9578ea7','delayToNextCache','60','广告重试的间隔','56fc24fd-a74e-4476-b270-840947e64e0f',NULL,1,'2020-05-01 00:00:00','2020-07-30 20:27:27','2020-07-30 20:27:27'),('ea64ac1d-6c3e-4a5e-b5d6-e67c610f8842','config011','13','判断为儿童的最高年龄','12f8e9ff-4497-47a0-ae1f-838653c6d07f',NULL,1,'2020-05-01 00:00:00','2020-07-30 20:27:25','2020-07-30 20:27:25'),('ea69ab5f-59b3-4d34-a1a2-0506d2f6982b','boardSecretStageConfig','16;10|3;4;1','board隐藏关配置：第x关出;每y关出一次|出现顺序(key 1:找茬 2:连线 3:交换词 4:连连看 5:横向连词，6:圈词)','53896149-bf28-4c6d-bc07-9e28fc92880e',NULL,1,'2020-05-01 00:00:00','2020-07-30 20:31:35','2020-07-30 20:31:35'),('eaa073b8-30c5-495b-93e3-61e8b0e3332f','tryCacheTimes','0','广告请求重试次数','13f3cad9-a21f-4d19-9939-49433f4b857d',NULL,1,'2020-05-01 00:00:00','2020-07-30 20:27:25','2020-07-30 20:27:25'),('eaa889f3-a761-4804-a9be-125030aeeaa9','aolBannerRefreshTime','30','AOL刷新时间','e7c95fb2-3797-4212-adb1-68b4f861a1e1',NULL,1,'2020-05-01 00:00:00','2020-07-30 20:27:19','2020-07-30 20:27:19'),('eab8f4af-5778-42a6-b0cf-567efb0fd52e','openNativeBannerAddition','1','native banner广告补充开关','8885eae0-97f1-4dbd-8d56-1719a40ac188',NULL,1,'2020-05-01 00:00:00','2020-07-30 20:27:23','2020-07-30 20:27:23'),('eb0174e8-b601-43a9-94b6-48d49880c658','bannerTimeCD','15','banner内部刷新cd','a4b3c237-110a-4381-965f-4c9d76fb6996',NULL,1,'2020-05-01 00:00:00','2020-07-30 20:27:23','2020-07-30 20:27:23'),('eb021ddc-932b-4cf7-a143-9f0ea4a12d5a','aolBannerRefreshTime','30','AOL刷新时间','271c1b6a-89e0-439b-9607-bfb9bdb24b7c',NULL,1,'2020-05-01 00:00:00','2020-07-30 20:27:24','2020-07-30 20:27:24'),('eb44b3b4-3deb-4ed9-8c35-8bda98fe5273','config005','3','NativeBanner旧用户点击区域','77322dfb-045a-4f53-92b5-c3aae9192500',NULL,1,'2020-05-01 00:00:00','2020-07-30 20:31:34','2020-07-30 20:31:34'),('eb6c124f-7d4c-49eb-8e2b-a812bfcf50a2','config012','facebook','儿童用户不初始化SDK的渠道，半角逗号隔开','bf7f3d98-ce82-450d-9cfe-23aac2fc195c',NULL,1,'2020-05-01 00:00:00','2020-07-30 20:27:19','2020-07-30 20:27:19'),('eb853ecb-75c9-4377-96a7-06a3f19742ea','config011','13','判断为儿童的最高年龄','ae0b1265-8ae3-4425-a175-94309e819528',NULL,1,'2020-05-01 00:00:00','2020-07-30 20:27:27','2020-07-30 20:27:27'),('ebb8d810-60a6-48c9-9c26-cc355e6007bf','bannerTimeCD','15','banner内部刷新cd','e2ab3a48-8f79-4b13-ab07-04202238384a',NULL,1,'2020-05-01 00:00:00','2020-07-30 20:27:20','2020-07-30 20:27:20'),('ebc722b5-5ba2-4d35-a39e-4d9142c0b6b3','discardMenu','1800','广告丢弃时间','d2b6cc37-c4c6-49f8-95b6-2e41eb472d09',NULL,1,'2020-05-01 00:00:00','2020-07-30 20:32:17','2020-07-30 20:32:17'),('ebe5cd2c-7569-4e5e-9cc9-362eb015234e','funnyGameConfig','100','目标分数','53896149-bf28-4c6d-bc07-9e28fc92880e',NULL,1,'2020-05-01 00:00:00','2020-07-30 20:31:35','2020-07-30 20:31:35'),('ec0572fb-fc60-40c8-8c8a-941da702a2d0','delayToNextCache','60','广告重试的间隔','358cdbde-075c-4f20-b8d6-0c9ac6a5ac35',NULL,1,'2020-05-01 00:00:00','2020-07-30 20:27:26','2020-07-30 20:27:26'),('ec2dcb28-61cf-4b40-ba06-206c5abd6d7b','bannerTimeCD','15','banner内部刷新cd','835c0271-34cf-455d-b1e7-45627a2e3788',NULL,1,'2020-05-01 00:00:00','2020-07-30 20:27:23','2020-07-30 20:27:23'),('ecd4c550-3cda-4609-b793-2a7a0b0f7efa','bannerTimeCD','15','banner内部刷新cd','64529814-3cba-49ed-bee4-0487b65be20c',NULL,1,'2020-05-01 00:00:00','2020-07-30 20:27:24','2020-07-30 20:27:24'),('ecff7818-7236-43dc-985e-b53fec8d6db5','extrawordrewardrate','1.2','追加词激励视频奖励倍率','254e3a35-1b6f-47ac-8cb6-e2360526381d',NULL,1,'2020-05-01 00:00:00','2020-07-30 20:31:33','2020-07-30 20:31:33'),('edb3316b-c482-4c29-836e-bfea3eef1527','discardBanner','1800','广告丢弃时间','eb97e0fc-2281-4770-8a00-6c53032d9ca6',NULL,1,'2020-05-01 00:00:00','2020-07-30 20:27:19','2020-07-30 20:27:19'),('edb5b520-c3db-4f5c-a27c-987d3ff64bfb','openNativeBannerAddition','1','native banner广告补充开关','001b7152-be62-4861-949f-e5c50d0a646e',NULL,1,'2020-05-01 00:00:00','2020-07-30 20:27:24','2020-07-30 20:27:24'),('ee00203a-7655-4729-828c-c7c8de3d3699','discardBanner','1800','广告丢弃时间','56fc24fd-a74e-4476-b270-840947e64e0f',NULL,1,'2020-05-01 00:00:00','2020-07-30 20:27:27','2020-07-30 20:27:27'),('ee438a38-42a8-4201-84dd-7b2c65e4b2ed','foregroundAdCD','120','切回游戏展示广告cd','e05be2fc-fca1-43f6-aa1a-56e70ce575d7',NULL,1,'2020-05-01 00:00:00','2020-07-30 20:27:24','2020-07-30 20:27:24'),('ee73efd4-8906-40e7-8c8e-72b5aeb68d61','discardBanner','1800','广告丢弃时间','402fc850-1507-48e1-92a2-e6b2338b6321',NULL,1,'2020-05-01 00:00:00','2020-07-30 20:27:20','2020-07-30 20:27:20'),('ee7e9912-dd6f-4911-93cd-694931a8d767','QuickPlay','1','快速收牌功能开关（1：功能开启；0：功能关闭；默认是1）','02ef1912-6a65-4281-a694-43d8b75007bb',NULL,1,'2020-05-01 00:00:00','2020-07-30 20:32:17','2020-07-30 20:32:17'),('ee85136c-ca1e-4051-b42d-66ec605c3571','delayToNextCache','60','广告重试的间隔','870241ef-65cb-4659-9742-8581158ddf5f',NULL,1,'2020-05-01 00:00:00','2020-07-30 20:27:19','2020-07-30 20:27:19'),('eed37ab4-afd6-4474-a839-28db43a9e6f4','discardNative','1800','广告丢弃时间','e7c95fb2-3797-4212-adb1-68b4f861a1e1',NULL,1,'2020-05-01 00:00:00','2020-07-30 20:27:19','2020-07-30 20:27:19'),('ef1ccc26-0eb7-4f5f-b708-e080f9a16cc3','config012','facebook','儿童用户不初始化SDK的渠道，半角逗号隔开','5ad72a7a-019d-4303-9e49-208d207781eb',NULL,1,'2020-05-01 00:00:00','2020-07-30 20:27:22','2020-07-30 20:27:22'),('ef30874b-8de7-449f-994e-748f26d3d6ca','dailyrewardcount','100','每日可以看激励视频次数','254e3a35-1b6f-47ac-8cb6-e2360526381d',NULL,1,'2020-05-01 00:00:00','2020-07-30 20:31:33','2020-07-30 20:31:33'),('ef524539-42f1-4850-a72b-5f01dbf056a5','delayToNextCache','60','广告重试的间隔','a696ebf2-17a6-45cf-971f-ad2108ed7265',NULL,1,'2020-05-01 00:00:00','2020-07-30 20:27:18','2020-07-30 20:27:18'),('ef53ca77-b228-47eb-8abd-d2c7cdfeb84f','discardNative','1800','广告丢弃时间','fb07f7e4-2810-429d-9eaf-aebf1e50385e',NULL,1,'2020-05-01 00:00:00','2020-07-30 20:27:26','2020-07-30 20:27:26'),('ef76be17-8997-44b3-b77d-242efa8b4952','interstitialTimeCD','90','插屏时间cd','64529814-3cba-49ed-bee4-0487b65be20c',NULL,1,'2020-05-01 00:00:00','2020-07-30 20:27:24','2020-07-30 20:27:24'),('ef78ba59-b232-4504-8c9c-71f24661a7d5','delayToChangeText','5','native文本切换倒计时','56fc24fd-a74e-4476-b270-840947e64e0f',NULL,1,'2020-05-01 00:00:00','2020-07-30 20:27:27','2020-07-30 20:27:27'),('f0404f7c-7a47-4d13-83e8-5ebcf1248650','rateinterval','40','评价弹窗出现间隔','3888fbd2-291f-4072-8e5c-1696aad0b267',NULL,1,'2020-05-01 00:00:00','2020-07-30 20:31:35','2020-07-30 20:31:35'),('f053a7c9-f1c0-4b8b-9295-88490479c4ca','OpenAd','5','开始展示插屏的关卡','dc340309-44d7-4fea-9cea-534e0299fe8b',NULL,1,'2020-05-01 00:00:00','2020-07-30 20:27:27','2020-07-30 20:27:27'),('f068def1-ca82-4ef7-ab18-3429ce337300','config010','https://sites.google.com/site/smooteprivacypolicy/','隐私政策URL','9bb86e38-2898-4029-a42d-f4bfded7068b',NULL,1,'2020-05-01 00:00:00','2020-07-30 20:27:22','2020-07-30 20:27:22'),('f06db91e-a444-4bea-8be3-a219134a6fab','discardVideo','1800','广告丢弃时间','c852899f-340e-49ce-ab21-e70175b8d63a',NULL,1,'2020-05-01 00:00:00','2020-07-30 20:27:22','2020-07-30 20:27:22'),('f070efd5-e178-4f3a-8921-8e57e3bc44e5','nativeMenuTimeCD','180','Native_Menu时间cd','2b582d59-ee7f-4c2f-b62e-55781fa67709',NULL,1,'2020-05-01 00:00:00','2020-07-30 20:27:24','2020-07-30 20:27:24'),('f08b4b12-85f4-47d4-a4f0-8f57e97b5994','bannerRefreshTime','30','Banner请求cd','358cdbde-075c-4f20-b8d6-0c9ac6a5ac35',NULL,1,'2020-05-01 00:00:00','2020-07-30 20:27:26','2020-07-30 20:27:26'),('f0a44dcc-b8ed-4be2-936e-c494784a8773','config012','facebook','儿童用户不初始化SDK的渠道，半角逗号隔开','56affeb0-9960-4d05-9030-0160b2740603',NULL,1,'2020-05-01 00:00:00','2020-07-30 20:27:23','2020-07-30 20:27:23'),('f172be1f-f8ec-4602-ba8e-06fd8c56d732','delayToChangeText','5','native文本切换倒计时','870241ef-65cb-4659-9742-8581158ddf5f',NULL,1,'2020-05-01 00:00:00','2020-07-30 20:27:19','2020-07-30 20:27:19'),('f1903128-a127-4d56-b8f0-afed5091a329','interstitialCD','0','插屏广告的cd','f47d2a1f-6975-4eb4-85be-bc3cec6090cc',NULL,1,'2020-05-01 00:00:00','2020-07-30 20:27:21','2020-07-30 20:27:21'),('f1a39265-c65c-4ba0-a8c8-f4be527917d6','discardRewardVideo','1800','广告丢弃时间','09a6f3a0-581c-4b7b-a93e-5c21b12a5abd',NULL,1,'2020-05-01 00:00:00','2020-07-30 20:27:23','2020-07-30 20:27:23'),('f289cd09-5f68-4965-a7a9-fa5db3ac4596','nativeTemplateId','1','NativeBanner模板(0旧模板，1新模板）','6d0212b8-1a34-4ab3-9ef2-170e0c0148eb',NULL,1,'2020-05-01 00:00:00','2020-07-30 20:31:36','2020-07-30 20:31:36'),('f2c285b8-86c8-42c2-880c-4151b9c852f3','tryCacheTimes','0','广告请求重试次数','c852899f-340e-49ce-ab21-e70175b8d63a',NULL,1,'2020-05-01 00:00:00','2020-07-30 20:27:21','2020-07-30 20:27:21'),('f2d279da-5c92-46dd-8e7b-f7c9b6a180b9','passStageReward_stageVideoNum','50','激励视频奖励金币固定值','53896149-bf28-4c6d-bc07-9e28fc92880e',NULL,1,'2020-05-01 00:00:00','2020-07-30 20:31:35','2020-07-30 20:31:35'),('f307f58b-74b6-46ac-b5d1-4e30f92bd567','discardInterstitial','1800','广告丢弃时间','bf744ec9-0766-414d-9226-deb7f504e2da',NULL,1,'2020-05-01 00:00:00','2020-07-30 20:27:20','2020-07-30 20:27:20'),('f31bc56d-45e4-4138-a042-7d546ff1e6a2','battleCoinDeal3','10','结束金币总数量活局三张牌','02ef1912-6a65-4281-a694-43d8b75007bb',NULL,1,'2020-05-01 00:00:00','2020-07-30 20:32:17','2020-07-30 20:32:17'),('f3221afd-c593-45a5-bc8d-a1fb325cbc31','tryCacheTimes','0','广告请求重试次数','fb07f7e4-2810-429d-9eaf-aebf1e50385e',NULL,1,'2020-05-01 00:00:00','2020-07-30 20:27:26','2020-07-30 20:27:26'),('f3554127-af7b-481c-8f83-e04d2b02ea4b','OpenAd','5','开始展示插屏的关卡','5ad72a7a-019d-4303-9e49-208d207781eb',NULL,1,'2020-05-01 00:00:00','2020-07-30 20:27:22','2020-07-30 20:27:22'),('f363c8a1-3c74-4e51-b104-9d7ed8a063a7','interstitialTimeCD','90','插屏时间cd','1a6ec88c-4800-49c1-908f-da76985a73dd',NULL,1,'2020-05-01 00:00:00','2020-07-30 20:27:22','2020-07-30 20:27:22'),('f38f6819-a6d3-49a9-9267-3e62c131313b','discardRewardVideo','1800','广告丢弃时间','1a6ec88c-4800-49c1-908f-da76985a73dd',NULL,1,'2020-05-01 00:00:00','2020-07-30 20:27:22','2020-07-30 20:27:22'),('f4b6720c-5da8-47a4-8e7f-f45d606c58e7','popupsAfterShop','2','商店界面后弹出弹窗类型1分享2广告','26a8b698-9802-48d5-aa53-65630c7a8813',NULL,1,'2020-05-01 00:00:00','2020-07-30 20:31:35','2020-07-30 20:31:35'),('f4ba79d4-c9f7-4c9c-b304-d05c6a905cb4','discardInterstitial','1800','广告丢弃时间','2daaed44-e5e5-4b53-867f-987b995dc698',NULL,1,'2020-05-01 00:00:00','2020-07-30 20:27:27','2020-07-30 20:27:27'),('f4f6dfc1-e42f-4371-bb6d-72ec8f270053','nativeMenuTemplate','1','Native Menu模板开关（0旧模板；1新模板；默认是1）','02ef1912-6a65-4281-a694-43d8b75007bb',NULL,1,'2020-05-01 00:00:00','2020-07-30 20:32:17','2020-07-30 20:32:17'),('f5412834-73b1-4883-b43c-baa66b73f16f','discardMenu','1800','广告丢弃时间','449fa7b8-2e10-4e4c-a573-cf605525fc46',NULL,1,'2020-05-01 00:00:00','2020-07-30 20:27:20','2020-07-30 20:27:20'),('f6209a32-d008-4f9a-89cd-b66bb881734d','bannerTimeCD','15','banner内部刷新cd','c852899f-340e-49ce-ab21-e70175b8d63a',NULL,1,'2020-05-01 00:00:00','2020-07-30 20:27:22','2020-07-30 20:27:22'),('f6997c02-aa7d-4e29-974e-2e3461aaf5d2','config013','true','GDPR+谷歌儿童政策弹窗是否开启','56affeb0-9960-4d05-9030-0160b2740603',NULL,1,'2020-05-01 00:00:00','2020-07-30 20:27:23','2020-07-30 20:27:23'),('f6a82a21-3b68-4f5f-b9a2-9ad611190940','bannerTimeCD','15','banner内部刷新cd','eb97e0fc-2281-4770-8a00-6c53032d9ca6',NULL,1,'2020-05-01 00:00:00','2020-07-30 20:27:19','2020-07-30 20:27:19'),('f6c8e714-8458-4c59-b63d-3955b8ae028b','bannerTimeCD','15','banner内部刷新cd','49f52f76-adbe-40a2-898b-b3ce002c7b11',NULL,1,'2020-05-01 00:00:00','2020-07-30 20:27:23','2020-07-30 20:27:23'),('f72e51f2-d858-4eed-b0b5-abc22350e2c7','adsappear','20','banner广告出现关卡','254e3a35-1b6f-47ac-8cb6-e2360526381d',NULL,1,'2020-05-01 00:00:00','2020-07-30 20:31:33','2020-07-30 20:31:33'),('f74998fc-6576-47aa-83d7-67608bab0e0e','wheel_config','5;7;4;99;10000;10','相关常量：开启关卡；shuffle次数；划错次数；每关出现最大次数；低于此金币数时会触发；按钮出现后显示时间(秒）','8954b70f-2587-474f-b4ef-72c65f20d31c',NULL,1,'2020-05-01 00:00:00','2020-07-30 20:31:34','2020-07-30 20:31:34'),('f7ab887a-fea8-4c6c-8c52-afdc92acaf56','nativeMenuTimeCD','180','Native_Menu时间cd','402fc850-1507-48e1-92a2-e6b2338b6321',NULL,1,'2020-05-01 00:00:00','2020-07-30 20:27:20','2020-07-30 20:27:20'),('f7ad61b0-0502-47d3-b23b-a9d899b67430','discardMenu','1800','广告丢弃时间','49f52f76-adbe-40a2-898b-b3ce002c7b11',NULL,1,'2020-05-01 00:00:00','2020-07-30 20:27:23','2020-07-30 20:27:23'),('f7f55ba5-93f7-4fb0-9d83-bf38184969da','config011','13','判断为儿童的最高年龄','e506c1a2-ebff-404b-bb3e-c611fb026281',NULL,1,'2020-05-01 00:00:00','2020-07-30 20:27:18','2020-07-30 20:27:18'),('f80d2bfb-5374-475b-98f5-01396c523e50','config048','true','是否打开弹窗 :true有弹窗 ,false无弹窗','c33a593e-38b6-44e4-9f0c-bbeecd82095f',NULL,1,'2020-05-01 00:00:00','2020-07-30 20:31:36','2020-07-30 20:31:36'),('f87fd288-d28d-4f0e-8cb4-6d11ae6106a9','config011','13','判断为儿童的最高年龄','e05be2fc-fca1-43f6-aa1a-56e70ce575d7',NULL,1,'2020-05-01 00:00:00','2020-07-30 20:27:24','2020-07-30 20:27:24'),('f8970c75-62f5-4546-b346-a53920a9d5a6','config010','https://sites.google.com/site/smooteprivacypolicy/','隐私政策URL','ae0b1265-8ae3-4425-a175-94309e819528',NULL,1,'2020-05-01 00:00:00','2020-07-30 20:27:27','2020-07-30 20:27:27'),('f8c4c2d7-330b-4a70-ade4-fe61d2f329ee','nativeMenuTimeCD','180','Native_Menu时间cd','56fc24fd-a74e-4476-b270-840947e64e0f',NULL,1,'2020-05-01 00:00:00','2020-07-30 20:27:27','2020-07-30 20:27:27'),('f8ff96e1-5961-42e1-affd-3c33ea831c60','discardVideo','1800','广告丢弃时间','56fc24fd-a74e-4476-b270-840947e64e0f',NULL,1,'2020-05-01 00:00:00','2020-07-30 20:27:27','2020-07-30 20:27:27'),('f901149b-3324-4203-b689-7f897e990cb1','interstitialCD','0','插屏广告的cd','13f3cad9-a21f-4d19-9939-49433f4b857d',NULL,1,'2020-05-01 00:00:00','2020-07-30 20:27:25','2020-07-30 20:27:25'),('f9d98588-f9e6-44b2-b14f-56b1a94dc433','discardBanner','1800','广告丢弃时间','835c0271-34cf-455d-b1e7-45627a2e3788',NULL,1,'2020-05-01 00:00:00','2020-07-30 20:27:23','2020-07-30 20:27:23'),('fa47e3e1-ca3e-46ae-9e8a-5323ea46cd80','discardVideo','1800','广告丢弃时间','f1da0374-eeba-4319-b250-dc0ea165bba0',NULL,1,'2020-05-01 00:00:00','2020-07-30 20:27:24','2020-07-30 20:27:24'),('fa48b9ee-86a2-46b7-bb76-15dbe6a69f01','enterForegroundInterstitial','0','后台返回游戏插屏开关','02ef1912-6a65-4281-a694-43d8b75007bb',NULL,1,'2020-05-01 00:00:00','2020-07-30 20:32:16','2020-07-30 20:32:16'),('fa6f05c6-5127-4e67-8992-861728e879c3','discardVideo','1800','广告丢弃时间','77322dfb-045a-4f53-92b5-c3aae9192500',NULL,1,'2020-05-01 00:00:00','2020-07-30 20:31:34','2020-07-30 20:31:34'),('fafdeae8-4168-432f-92c7-8edc844a2a6a','popupsAfterShop','2','商店界面后弹出弹窗类型1分享2广告','3888fbd2-291f-4072-8e5c-1696aad0b267',NULL,1,'2020-05-01 00:00:00','2020-07-30 20:31:35','2020-07-30 20:31:35'),('fb6c9549-090e-4886-8f8e-f7dec4c5975b','passStageReward_switch','1','过关激励视频开关','26a8b698-9802-48d5-aa53-65630c7a8813',NULL,1,'2020-05-01 00:00:00','2020-07-30 20:31:36','2020-07-30 20:31:36'),('fbf9ffe6-5671-48af-97e0-51a8682b4c69','interstitialCD','0','插屏广告的cd','45d53fa5-2193-483f-8752-b788da07ee9d',NULL,1,'2020-05-01 00:00:00','2020-07-30 20:27:26','2020-07-30 20:27:26'),('fc0b8607-b675-4565-aef4-225c08ae6f7c','discountappear','10','限时折扣出现关卡','6eec7ed5-69c9-4126-a9f9-d435a6f744fb',NULL,1,'2020-05-01 00:00:00','2020-07-30 20:31:35','2020-07-30 20:31:35'),('fc725322-1ee9-492e-b44c-b9f2c41e31fd','delayToChangeText','5','native文本切换倒计时','402fc850-1507-48e1-92a2-e6b2338b6321',NULL,1,'2020-05-01 00:00:00','2020-07-30 20:27:20','2020-07-30 20:27:20'),('fc7b1a4a-f2c5-4070-96d2-8b6edb5c8879','config013','true','GDPR+谷歌儿童政策弹窗是否开启','ee3ac931-50c3-48cf-9528-553dce9bd263',NULL,1,'2020-05-01 00:00:00','2020-07-30 20:27:20','2020-07-30 20:27:20'),('fc7f9734-fbf1-4dfd-8126-5fdef96e40a0','discardNative','1800','广告丢弃时间','1a6ec88c-4800-49c1-908f-da76985a73dd',NULL,1,'2020-05-01 00:00:00','2020-07-30 20:27:22','2020-07-30 20:27:22'),('fd2446df-b6cc-431b-aa85-dbef38d79ede','discardRewardVideo','1800','广告丢弃时间','d03ff918-8790-4782-bb0d-f6f826c39095',NULL,1,'2020-05-01 00:00:00','2020-07-30 20:27:21','2020-07-30 20:27:21'),('fe083a30-7154-4fb9-af43-c06ba89430cd','discardRewardVideo','1800','广告丢弃时间','2daaed44-e5e5-4b53-867f-987b995dc698',NULL,1,'2020-05-01 00:00:00','2020-07-30 20:27:27','2020-07-30 20:27:27'),('fe116d27-0ab8-4afc-87f3-ba2a096197bc','loadVideoMaxTime','300','视频广告超时时间','d2b6cc37-c4c6-49f8-95b6-2e41eb472d09',NULL,1,'2020-05-01 00:00:00','2020-07-30 20:32:17','2020-07-30 20:32:17'),('fe787cb0-fba6-4438-9b3d-f8565959aba4','config012','facebook','儿童用户不初始化SDK的渠道，半角逗号隔开','40d5669d-5ae5-49b9-b58d-3c704bdfc594',NULL,1,'2020-05-01 00:00:00','2020-07-30 20:27:27','2020-07-30 20:27:27'),('fe9bcbd1-046d-4bea-aacf-acec68328e87','nativeMenuTimeCD','180','Native_Menu时间cd','908aab62-8e86-47ef-bb1a-45d0dec2b81c',NULL,1,'2020-05-01 00:00:00','2020-07-30 20:31:34','2020-07-30 20:31:34'),('ff20c49a-9663-4def-8750-c723e1b2a653','OpenAd','5','开始展示插屏的关卡','9e192225-401b-459d-a763-a1a0e8d3b3d1',NULL,1,'2020-05-01 00:00:00','2020-07-30 20:27:23','2020-07-30 20:27:23'),('ff89a7f4-01c1-401b-aa8a-74c13744f9a9','delayToChangeText','5','native文本切换倒计时','f47d2a1f-6975-4eb4-85be-bc3cec6090cc',NULL,1,'2020-05-01 00:00:00','2020-07-30 20:27:21','2020-07-30 20:27:21'),('ffd335e8-96ad-4907-a585-27935058258c','openNativeBannerAddition','1','native banner广告补充开关','8e7283d6-0dd3-48fa-9ed2-b8b48c408c8f',NULL,1,'2020-05-01 00:00:00','2020-07-30 20:27:25','2020-07-30 20:27:25'),('ffecbbd0-2263-42be-9b9f-61943fbe1172','rateappear','50','评价弹窗出现关卡','22a29ccf-1367-4ecc-ad8f-bbd955047936',NULL,1,'2020-05-01 00:00:00','2020-07-30 20:31:36','2020-07-30 20:31:36');
/*!40000 ALTER TABLE `config` ENABLE KEYS */;
UNLOCK TABLES;

--
-- Table structure for table `configGroup`
--

DROP TABLE IF EXISTS `configGroup`;
/*!40101 SET @saved_cs_client     = @@character_set_client */;
/*!40101 SET character_set_client = utf8 */;
CREATE TABLE `configGroup` (
  `id` char(36) NOT NULL,
  `name` varchar(50) NOT NULL,
  `description` varchar(50) NOT NULL,
  `type` tinyint(1) NOT NULL,
  `dependentId` char(36) DEFAULT NULL,
  `productId` char(36) NOT NULL,
  `creatorId` char(36) DEFAULT NULL,
  `active` tinyint(1) NOT NULL,
  `createdAt` timestamp NOT NULL DEFAULT CURRENT_TIMESTAMP,
  `updatedAt` timestamp NOT NULL DEFAULT CURRENT_TIMESTAMP ON UPDATE CURRENT_TIMESTAMP,
  PRIMARY KEY (`id`),
  UNIQUE KEY `idx_name` (`name`,`type`,`productId`)
) ENGINE=InnoDB DEFAULT CHARSET=utf8mb4;
/*!40101 SET character_set_client = @saved_cs_client */;

--
-- Dumping data for table `configGroup`
--

LOCK TABLES `configGroup` WRITE;
/*!40000 ALTER TABLE `configGroup` DISABLE KEYS */;
INSERT INTO `configGroup` VALUES ('001b7152-be62-4861-949f-e5c50d0a646e','default','默认游戏常量组',1,NULL,'51453887-4d52-4f0b-a631-c3343085206b',NULL,1,'2020-07-30 20:27:24','2020-07-30 20:27:24'),('02ef1912-6a65-4281-a694-43d8b75007bb','default','默认游戏常量组',1,NULL,'1ae04a84-41d3-437a-96b9-0c21b903408b',NULL,1,'2020-07-30 20:32:16','2020-07-30 20:32:16'),('09a6f3a0-581c-4b7b-a93e-5c21b12a5abd','default','默认广告常量组',0,NULL,'a3dd8486-2340-4502-99ef-44297546d589',NULL,1,'2020-07-30 20:27:22','2020-07-30 20:27:22'),('11423f6d-0979-432f-a947-77ff327feeba','default','默认游戏常量组',1,NULL,'fb8415d0-7235-4e47-a8b0-c721600c37fe',NULL,1,'2020-07-30 20:27:24','2020-07-30 20:27:24'),('12f8e9ff-4497-47a0-ae1f-838653c6d07f','default','默认游戏常量组',1,NULL,'b9ce12db-e8b7-4d7b-83b4-4e3a2447e48d',NULL,1,'2020-07-30 20:27:25','2020-07-30 20:27:25'),('13f3cad9-a21f-4d19-9939-49433f4b857d','default','默认广告常量组',0,NULL,'b9ce12db-e8b7-4d7b-83b4-4e3a2447e48d',NULL,1,'2020-07-30 20:27:25','2020-07-30 20:27:25'),('1a6ec88c-4800-49c1-908f-da76985a73dd','default','默认广告常量组',0,NULL,'85d4878d-dc23-4c5f-a5d1-9d3f682c02f7',NULL,1,'2020-07-30 20:27:22','2020-07-30 20:27:22'),('1b0ad012-6508-47a0-915e-64e865362208','default','默认游戏常量组',1,NULL,'3b2ac62a-6a87-4a52-bc26-f7133eedabe1',NULL,1,'2020-07-30 20:27:18','2020-07-30 20:27:18'),('22a29ccf-1367-4ecc-ad8f-bbd955047936','b4B6','b4B6',1,'254e3a35-1b6f-47ac-8cb6-e2360526381d','8a093ce0-5c0f-48b1-aa44-1b65ed889498',NULL,1,'2020-07-30 20:31:36','2020-07-30 20:31:36'),('254e3a35-1b6f-47ac-8cb6-e2360526381d','default','默认游戏常量组',1,NULL,'8a093ce0-5c0f-48b1-aa44-1b65ed889498',NULL,1,'2020-07-30 20:31:33','2020-07-30 20:31:33'),('25cd3758-fa7d-4e34-8e03-07dda42a11ef','s26new','s26new',0,'d2b6cc37-c4c6-49f8-95b6-2e41eb472d09','1ae04a84-41d3-437a-96b9-0c21b903408b',NULL,1,'2020-07-30 20:32:17','2020-07-30 20:32:17'),('26a8b698-9802-48d5-aa53-65630c7a8813','b1B1','b1B1',1,'8954b70f-2587-474f-b4ef-72c65f20d31c','60b7868d-734a-4a17-93b5-3183e839e720',NULL,1,'2020-07-30 20:31:35','2020-07-30 20:31:35'),('26c3caed-1ef5-406a-9122-dc1b0c321044','default','默认广告常量组',0,NULL,'3b2ac62a-6a87-4a52-bc26-f7133eedabe1',NULL,1,'2020-07-30 20:27:18','2020-07-30 20:27:18'),('271c1b6a-89e0-439b-9607-bfb9bdb24b7c','default','默认广告常量组',0,NULL,'fb8415d0-7235-4e47-a8b0-c721600c37fe',NULL,1,'2020-07-30 20:27:24','2020-07-30 20:27:24'),('2b582d59-ee7f-4c2f-b62e-55781fa67709','default','默认广告常量组',0,NULL,'371611ac-4de7-4c3b-9a1d-b636610e0482',NULL,1,'2020-07-30 20:27:23','2020-07-30 20:27:23'),('2daaed44-e5e5-4b53-867f-987b995dc698','default','默认广告常量组',0,NULL,'0d325427-bb0a-46ce-ae9d-17a08430df2b',NULL,1,'2020-07-30 20:27:27','2020-07-30 20:27:27'),('2e899833-45ab-49ef-af7c-98c3e8ce960f','default','默认游戏常量组',1,NULL,'c7dc3ffc-132d-4404-9579-555111d4bd03',NULL,1,'2020-07-30 20:27:21','2020-07-30 20:27:21'),('3157b89b-046d-48ca-af9f-082b1ddbd4a9','Legend','Legend',1,'ea815942-8ab7-43b4-bae3-40c1e0e53ce0','f03ae1c1-e6c8-47f3-8923-cb276e53d36f',NULL,1,'2020-07-30 20:27:27','2020-07-30 20:27:27'),('33d5453a-a69d-44a7-8fcc-6eecb8e5ec70','default','默认游戏常量组',1,NULL,'491e4b7a-ed8c-4a5e-8a63-95c0a3f475b5',NULL,1,'2020-07-30 20:27:21','2020-07-30 20:27:21'),('358cdbde-075c-4f20-b8d6-0c9ac6a5ac35','default','默认广告常量组',0,NULL,'b76cc914-a0d4-4eab-ac10-e927c5054c9a',NULL,1,'2020-07-30 20:27:26','2020-07-30 20:27:26'),('37956cfa-e476-4792-9993-2501c51fd489','default','默认广告常量组',0,NULL,'0d5984cc-5fb0-43f4-aa28-7d8e57d6866c',NULL,1,'2020-07-30 20:27:26','2020-07-30 20:27:26'),('3888fbd2-291f-4072-8e5c-1696aad0b267','b4B5','b4B5',1,'254e3a35-1b6f-47ac-8cb6-e2360526381d','8a093ce0-5c0f-48b1-aa44-1b65ed889498',NULL,1,'2020-07-30 20:31:35','2020-07-30 20:31:35'),('402fc850-1507-48e1-92a2-e6b2338b6321','default','默认广告常量组',0,NULL,'667a0566-08f7-4b0d-b794-ac7e6651c6c1',NULL,1,'2020-07-30 20:27:20','2020-07-30 20:27:20'),('40d5669d-5ae5-49b9-b58d-3c704bdfc594','default','默认游戏常量组',1,NULL,'5581c819-2fd2-4fdc-9cd7-69ab990b15df',NULL,1,'2020-07-30 20:27:27','2020-07-30 20:27:27'),('44775c75-f8ce-46e8-b9bc-610339a82ac6','Legend','Legend',0,'449fa7b8-2e10-4e4c-a573-cf605525fc46','f03ae1c1-e6c8-47f3-8923-cb276e53d36f',NULL,1,'2020-07-30 20:27:27','2020-07-30 20:27:27'),('449fa7b8-2e10-4e4c-a573-cf605525fc46','default','默认广告常量组',0,NULL,'f03ae1c1-e6c8-47f3-8923-cb276e53d36f',NULL,1,'2020-07-30 20:27:20','2020-07-30 20:27:20'),('45d53fa5-2193-483f-8752-b788da07ee9d','default','默认广告常量组',0,NULL,'9ef428c8-5ff8-4823-8937-616cf284b84a',NULL,1,'2020-07-30 20:27:26','2020-07-30 20:27:26'),('47e265c0-7db7-4e6e-8389-2ba40d1078bb','default','默认广告常量组',0,NULL,'ea31df77-0aef-4810-b305-742d7456258a',NULL,1,'2020-07-30 20:27:22','2020-07-30 20:27:22'),('49f52f76-adbe-40a2-898b-b3ce002c7b11','default','默认广告常量组',0,NULL,'98fa0896-1cbc-485f-ac07-d7d67698b6f1',NULL,1,'2020-07-30 20:27:23','2020-07-30 20:27:23'),('53896149-bf28-4c6d-bc07-9e28fc92880e','b4','b4',1,'254e3a35-1b6f-47ac-8cb6-e2360526381d','8a093ce0-5c0f-48b1-aa44-1b65ed889498',NULL,1,'2020-07-30 20:31:34','2020-07-30 20:31:34'),('5497fa84-5a40-45e0-bdee-6819533e44fe','default','默认广告常量组',0,NULL,'637c034e-89c2-40d2-a9f8-536f6e300e8a',NULL,1,'2020-07-30 20:27:25','2020-07-30 20:27:25'),('56affeb0-9960-4d05-9030-0160b2740603','default','默认游戏常量组',1,NULL,'3ec48dec-0f54-4931-97e3-e49cf7e2c5b5',NULL,1,'2020-07-30 20:27:23','2020-07-30 20:27:23'),('56fc24fd-a74e-4476-b270-840947e64e0f','default','默认广告常量组',0,NULL,'c8c7b65c-4f45-49f9-aacf-befaf759a741',NULL,1,'2020-07-30 20:27:27','2020-07-30 20:27:27'),('58e88a15-363b-4dc1-b50b-ea9cc1d83e07','default','默认游戏常量组',1,NULL,'70464d3c-215c-41f2-b162-47d00d841f65',NULL,1,'2020-07-30 20:27:24','2020-07-30 20:27:24'),('5ad72a7a-019d-4303-9e49-208d207781eb','default','默认游戏常量组',1,NULL,'85d4878d-dc23-4c5f-a5d1-9d3f682c02f7',NULL,1,'2020-07-30 20:27:22','2020-07-30 20:27:22'),('6055f856-a2ce-4fa0-8678-c914b660717c','default','默认游戏常量组',1,NULL,'9ef428c8-5ff8-4823-8937-616cf284b84a',NULL,1,'2020-07-30 20:27:26','2020-07-30 20:27:26'),('6227e907-a951-4391-ba79-8e2b4b0fb64a','default','默认游戏常量组',1,NULL,'a3941cbd-8150-42b8-9649-cf54b266ef3b',NULL,1,'2020-07-30 20:27:19','2020-07-30 20:27:19'),('64529814-3cba-49ed-bee4-0487b65be20c','default','默认广告常量组',0,NULL,'51453887-4d52-4f0b-a631-c3343085206b',NULL,1,'2020-07-30 20:27:24','2020-07-30 20:27:24'),('6d0212b8-1a34-4ab3-9ef2-170e0c0148eb','b1B1','b1B1',0,'77322dfb-045a-4f53-92b5-c3aae9192500','60b7868d-734a-4a17-93b5-3183e839e720',NULL,1,'2020-07-30 20:31:36','2020-07-30 20:31:36'),('6e8c5916-968b-49aa-9989-972a901706fa','default','默认游戏常量组',1,NULL,'637c034e-89c2-40d2-a9f8-536f6e300e8a',NULL,1,'2020-07-30 20:27:25','2020-07-30 20:27:25'),('6eec7ed5-69c9-4126-a9f9-d435a6f744fb','b1','b1',1,'8954b70f-2587-474f-b4ef-72c65f20d31c','60b7868d-734a-4a17-93b5-3183e839e720',NULL,1,'2020-07-30 20:31:35','2020-07-30 20:31:35'),('766a41ed-6e68-423d-80bc-76105794e54c','default','默认广告常量组',0,NULL,'8819d891-d0e1-4fed-a765-8496fd1af2fd',NULL,1,'2020-07-30 20:27:18','2020-07-30 20:27:18'),('767967e4-fe2b-4a89-9abe-a707a398d4b8','default','默认游戏常量组',1,NULL,'0d5984cc-5fb0-43f4-aa28-7d8e57d6866c',NULL,1,'2020-07-30 20:27:26','2020-07-30 20:27:26'),('77322dfb-045a-4f53-92b5-c3aae9192500','default','默认广告常量组',0,NULL,'60b7868d-734a-4a17-93b5-3183e839e720',NULL,1,'2020-07-30 20:31:34','2020-07-30 20:31:34'),('835c0271-34cf-455d-b1e7-45627a2e3788','default','默认广告常量组',0,NULL,'3ec48dec-0f54-4931-97e3-e49cf7e2c5b5',NULL,1,'2020-07-30 20:27:23','2020-07-30 20:27:23'),('870241ef-65cb-4659-9742-8581158ddf5f','default','默认广告常量组',0,NULL,'e8110e18-1d83-40dd-9f97-46ae8efed098',NULL,1,'2020-07-30 20:27:19','2020-07-30 20:27:19'),('8885eae0-97f1-4dbd-8d56-1719a40ac188','default','默认游戏常量组',1,NULL,'371611ac-4de7-4c3b-9a1d-b636610e0482',NULL,1,'2020-07-30 20:27:23','2020-07-30 20:27:23'),('8954b70f-2587-474f-b4ef-72c65f20d31c','default','默认游戏常量组',1,NULL,'60b7868d-734a-4a17-93b5-3183e839e720',NULL,1,'2020-07-30 20:31:34','2020-07-30 20:31:34'),('8c1b734a-abd7-464f-950f-9b10314aa657','default','默认广告常量组',0,NULL,'5581c819-2fd2-4fdc-9cd7-69ab990b15df',NULL,1,'2020-07-30 20:27:27','2020-07-30 20:27:27'),('8d8704e5-3987-4334-b9cc-bac2416110e6','default','默认游戏常量组',1,NULL,'a8da3b45-2e15-44cc-874f-886d896068e2',NULL,1,'2020-07-30 20:27:19','2020-07-30 20:27:19'),('8e7283d6-0dd3-48fa-9ed2-b8b48c408c8f','default','默认游戏常量组',1,NULL,'f4572d9c-0f24-445a-ae9a-010e23c45471',NULL,1,'2020-07-30 20:27:25','2020-07-30 20:27:25'),('908aab62-8e86-47ef-bb1a-45d0dec2b81c','default','默认广告常量组',0,NULL,'8a093ce0-5c0f-48b1-aa44-1b65ed889498',NULL,1,'2020-07-30 20:31:33','2020-07-30 20:31:33'),('917a71bc-8002-45e5-8c9e-1fe259a6a1dc','default','默认游戏常量组',1,NULL,'39851304-52f0-4d31-b931-f8afb6c24b3b',NULL,1,'2020-07-30 20:27:23','2020-07-30 20:27:23'),('93456038-4afc-4a42-baef-17c37841d813','default','默认游戏常量组',1,NULL,'c34970c9-459b-4cfe-8c66-8021bbdb4779',NULL,1,'2020-07-30 20:27:20','2020-07-30 20:27:20'),('99e96dc9-a372-4e36-92de-8f5d5e2e9b4b','default','默认广告常量组',0,NULL,'f4572d9c-0f24-445a-ae9a-010e23c45471',NULL,1,'2020-07-30 20:27:25','2020-07-30 20:27:25'),('9bb86e38-2898-4029-a42d-f4bfded7068b','default','默认游戏常量组',1,NULL,'a3dd8486-2340-4502-99ef-44297546d589',NULL,1,'2020-07-30 20:27:22','2020-07-30 20:27:22'),('9e192225-401b-459d-a763-a1a0e8d3b3d1','default','默认游戏常量组',1,NULL,'98fa0896-1cbc-485f-ac07-d7d67698b6f1',NULL,1,'2020-07-30 20:27:23','2020-07-30 20:27:23'),('a4b3c237-110a-4381-965f-4c9d76fb6996','default','默认广告常量组',0,NULL,'39851304-52f0-4d31-b931-f8afb6c24b3b',NULL,1,'2020-07-30 20:27:23','2020-07-30 20:27:23'),('a696ebf2-17a6-45cf-971f-ad2108ed7265','default','默认广告常量组',0,NULL,'409c9fbc-f883-4ba7-adda-7da6f238d42d',NULL,1,'2020-07-30 20:27:18','2020-07-30 20:27:18'),('a8261063-c1c6-4d03-b42d-6730b33b8f45','b1','b1',0,'77322dfb-045a-4f53-92b5-c3aae9192500','60b7868d-734a-4a17-93b5-3183e839e720',NULL,1,'2020-07-30 20:31:35','2020-07-30 20:31:35'),('ae0b1265-8ae3-4425-a175-94309e819528','default','默认游戏常量组',1,NULL,'c8c7b65c-4f45-49f9-aacf-befaf759a741',NULL,1,'2020-07-30 20:27:27','2020-07-30 20:27:27'),('af061380-0d10-4118-b32d-da2faf5f5f2c','default','默认游戏常量组',1,NULL,'d124a477-3b0d-4190-86db-55089e5833bc',NULL,1,'2020-07-30 20:27:21','2020-07-30 20:27:21'),('b1f7f2f4-c16b-4a5e-ac14-764f11662086','default','默认游戏常量组',1,NULL,'b76cc914-a0d4-4eab-ac10-e927c5054c9a',NULL,1,'2020-07-30 20:27:26','2020-07-30 20:27:26'),('b7827f41-2647-428a-bb03-5d7f59a0484d','s26new','s26new',1,'02ef1912-6a65-4281-a694-43d8b75007bb','1ae04a84-41d3-437a-96b9-0c21b903408b',NULL,1,'2020-07-30 20:32:17','2020-07-30 20:32:17'),('bf744ec9-0766-414d-9226-deb7f504e2da','default','默认广告常量组',0,NULL,'c34970c9-459b-4cfe-8c66-8021bbdb4779',NULL,1,'2020-07-30 20:27:20','2020-07-30 20:27:20'),('bf7f3d98-ce82-450d-9cfe-23aac2fc195c','default','默认游戏常量组',1,NULL,'e8110e18-1d83-40dd-9f97-46ae8efed098',NULL,1,'2020-07-30 20:27:19','2020-07-30 20:27:19'),('c33a593e-38b6-44e4-9f0c-bbeecd82095f','b4B6','b4B6',0,'908aab62-8e86-47ef-bb1a-45d0dec2b81c','8a093ce0-5c0f-48b1-aa44-1b65ed889498',NULL,1,'2020-07-30 20:31:36','2020-07-30 20:31:36'),('c6d78289-1a87-4e6b-bc76-f37d4f8ee462','default','默认游戏常量组',1,NULL,'787c40ab-018c-42d5-9b17-33a06177b2d1',NULL,1,'2020-07-30 20:27:21','2020-07-30 20:27:21'),('c852899f-340e-49ce-ab21-e70175b8d63a','default','默认广告常量组',0,NULL,'d124a477-3b0d-4190-86db-55089e5833bc',NULL,1,'2020-07-30 20:27:21','2020-07-30 20:27:21'),('ca0c186b-acbe-4d4f-8079-1dd1f8b6aa66','b4','b4',0,'908aab62-8e86-47ef-bb1a-45d0dec2b81c','8a093ce0-5c0f-48b1-aa44-1b65ed889498',NULL,1,'2020-07-30 20:31:35','2020-07-30 20:31:35'),('cdbd3e85-6a42-4000-996e-3e024ff4cc6d','default','默认广告常量组',0,NULL,'70464d3c-215c-41f2-b162-47d00d841f65',NULL,1,'2020-07-30 20:27:25','2020-07-30 20:27:25'),('d03ff918-8790-4782-bb0d-f6f826c39095','default','默认广告常量组',0,NULL,'c7dc3ffc-132d-4404-9579-555111d4bd03',NULL,1,'2020-07-30 20:27:21','2020-07-30 20:27:21'),('d1bd9e83-5216-48ff-8a5f-fe517bdd03b0','b4B5','b4B5',0,'908aab62-8e86-47ef-bb1a-45d0dec2b81c','8a093ce0-5c0f-48b1-aa44-1b65ed889498',NULL,1,'2020-07-30 20:31:35','2020-07-30 20:31:35'),('d2b6cc37-c4c6-49f8-95b6-2e41eb472d09','default','默认广告常量组',0,NULL,'1ae04a84-41d3-437a-96b9-0c21b903408b',NULL,1,'2020-07-30 20:32:17','2020-07-30 20:32:17'),('d8fb45fb-cae5-4912-a246-95bdb38eadeb','default','默认游戏常量组',1,NULL,'c3a51587-2496-4a3e-98d6-3285b047c3f3',NULL,1,'2020-07-30 20:27:25','2020-07-30 20:27:25'),('dc340309-44d7-4fea-9cea-534e0299fe8b','default','默认游戏常量组',1,NULL,'0d325427-bb0a-46ce-ae9d-17a08430df2b',NULL,1,'2020-07-30 20:27:27','2020-07-30 20:27:27'),('dea0ddbf-68a3-4fdb-a488-84aaf2494671','default','默认游戏常量组',1,NULL,'c012ae06-11ee-48db-b3f7-b90e36533b62',NULL,1,'2020-07-30 20:27:19','2020-07-30 20:27:19'),('e05be2fc-fca1-43f6-aa1a-56e70ce575d7','default','默认游戏常量组',1,NULL,'3b065e40-f4a1-411b-af9d-a80a2f6dece9',NULL,1,'2020-07-30 20:27:24','2020-07-30 20:27:24'),('e2ab3a48-8f79-4b13-ab07-04202238384a','default','默认广告常量组',0,NULL,'a8da3b45-2e15-44cc-874f-886d896068e2',NULL,1,'2020-07-30 20:27:20','2020-07-30 20:27:20'),('e4c4b2e2-acbb-4ea9-b8ac-b4dac2b32202','default','默认游戏常量组',1,NULL,'8819d891-d0e1-4fed-a765-8496fd1af2fd',NULL,1,'2020-07-30 20:27:18','2020-07-30 20:27:18'),('e506c1a2-ebff-404b-bb3e-c611fb026281','default','默认游戏常量组',1,NULL,'409c9fbc-f883-4ba7-adda-7da6f238d42d',NULL,1,'2020-07-30 20:27:18','2020-07-30 20:27:18'),('e7c95fb2-3797-4212-adb1-68b4f861a1e1','default','默认广告常量组',0,NULL,'c012ae06-11ee-48db-b3f7-b90e36533b62',NULL,1,'2020-07-30 20:27:19','2020-07-30 20:27:19'),('ea815942-8ab7-43b4-bae3-40c1e0e53ce0','default','默认游戏常量组',1,NULL,'f03ae1c1-e6c8-47f3-8923-cb276e53d36f',NULL,1,'2020-07-30 20:27:20','2020-07-30 20:27:20'),('eb97e0fc-2281-4770-8a00-6c53032d9ca6','default','默认广告常量组',0,NULL,'a3941cbd-8150-42b8-9649-cf54b266ef3b',NULL,1,'2020-07-30 20:27:19','2020-07-30 20:27:19'),('ee3ac931-50c3-48cf-9528-553dce9bd263','default','默认游戏常量组',1,NULL,'667a0566-08f7-4b0d-b794-ac7e6651c6c1',NULL,1,'2020-07-30 20:27:20','2020-07-30 20:27:20'),('f1da0374-eeba-4319-b250-dc0ea165bba0','default','默认广告常量组',0,NULL,'3b065e40-f4a1-411b-af9d-a80a2f6dece9',NULL,1,'2020-07-30 20:27:24','2020-07-30 20:27:24'),('f47d2a1f-6975-4eb4-85be-bc3cec6090cc','default','默认广告常量组',0,NULL,'787c40ab-018c-42d5-9b17-33a06177b2d1',NULL,1,'2020-07-30 20:27:21','2020-07-30 20:27:21'),('f5ec9a45-78ba-4b6f-ad50-c10d937132f7','default','默认游戏常量组',1,NULL,'ea31df77-0aef-4810-b305-742d7456258a',NULL,1,'2020-07-30 20:27:22','2020-07-30 20:27:22'),('fb07f7e4-2810-429d-9eaf-aebf1e50385e','default','默认广告常量组',0,NULL,'c3a51587-2496-4a3e-98d6-3285b047c3f3',NULL,1,'2020-07-30 20:27:26','2020-07-30 20:27:26'),('fdd1e57a-d8b5-4586-afa6-f2b471064bd7','default','默认广告常量组',0,NULL,'491e4b7a-ed8c-4a5e-8a63-95c0a3f475b5',NULL,1,'2020-07-30 20:27:21','2020-07-30 20:27:21');
/*!40000 ALTER TABLE `configGroup` ENABLE KEYS */;
UNLOCK TABLES;

--
-- Table structure for table `customShop`
--

DROP TABLE IF EXISTS `customShop`;
/*!40101 SET @saved_cs_client     = @@character_set_client */;
/*!40101 SET character_set_client = utf8 */;
CREATE TABLE `customShop` (
  `id` char(36) NOT NULL,
  `key` varchar(20) NOT NULL,
  `type` varchar(10) NOT NULL,
  `description` varchar(50) NOT NULL,
  `productId` char(36) NOT NULL,
  `creatorId` char(36) DEFAULT NULL,
  `active` tinyint(1) NOT NULL,
  `createdAt` timestamp NOT NULL DEFAULT CURRENT_TIMESTAMP,
  `updatedAt` timestamp NOT NULL DEFAULT CURRENT_TIMESTAMP ON UPDATE CURRENT_TIMESTAMP,
  PRIMARY KEY (`id`),
  UNIQUE KEY `idx_key` (`key`,`productId`)
) ENGINE=InnoDB DEFAULT CHARSET=utf8mb4;
/*!40101 SET character_set_client = @saved_cs_client */;

--
-- Dumping data for table `customShop`
--

LOCK TABLES `customShop` WRITE;
/*!40000 ALTER TABLE `customShop` DISABLE KEYS */;
/*!40000 ALTER TABLE `customShop` ENABLE KEYS */;
UNLOCK TABLES;

--
-- Table structure for table `goods`
--

DROP TABLE IF EXISTS `goods`;
/*!40101 SET @saved_cs_client     = @@character_set_client */;
/*!40101 SET character_set_client = utf8 */;
CREATE TABLE `goods` (
  `id` char(36) NOT NULL,
  `goodsGroupId` char(36) NOT NULL,
  `productId` char(36) NOT NULL,
  `creatorId` char(36) DEFAULT NULL,
  `active` tinyint(1) NOT NULL,
  `createdAt` timestamp NOT NULL DEFAULT CURRENT_TIMESTAMP,
  `updatedAt` timestamp NOT NULL DEFAULT CURRENT_TIMESTAMP ON UPDATE CURRENT_TIMESTAMP,
  PRIMARY KEY (`id`)
) ENGINE=InnoDB DEFAULT CHARSET=utf8mb4;
/*!40101 SET character_set_client = @saved_cs_client */;

--
-- Dumping data for table `goods`
--

LOCK TABLES `goods` WRITE;
/*!40000 ALTER TABLE `goods` DISABLE KEYS */;
/*!40000 ALTER TABLE `goods` ENABLE KEYS */;
UNLOCK TABLES;

--
-- Table structure for table `goodsGroup`
--

DROP TABLE IF EXISTS `goodsGroup`;
/*!40101 SET @saved_cs_client     = @@character_set_client */;
/*!40101 SET character_set_client = utf8 */;
CREATE TABLE `goodsGroup` (
  `id` char(36) NOT NULL,
  `name` varchar(20) NOT NULL,
  `description` varchar(50) NOT NULL,
  `productId` char(36) NOT NULL,
  `creatorId` char(36) DEFAULT NULL,
  `active` tinyint(1) NOT NULL,
  `createdAt` timestamp NOT NULL DEFAULT CURRENT_TIMESTAMP,
  `updatedAt` timestamp NOT NULL DEFAULT CURRENT_TIMESTAMP ON UPDATE CURRENT_TIMESTAMP,
  PRIMARY KEY (`id`),
  UNIQUE KEY `idx_name` (`name`,`productId`)
) ENGINE=InnoDB DEFAULT CHARSET=utf8mb4;
/*!40101 SET character_set_client = @saved_cs_client */;

--
-- Dumping data for table `goodsGroup`
--

LOCK TABLES `goodsGroup` WRITE;
/*!40000 ALTER TABLE `goodsGroup` DISABLE KEYS */;
/*!40000 ALTER TABLE `goodsGroup` ENABLE KEYS */;
UNLOCK TABLES;

--
-- Table structure for table `goodsMap`
--

DROP TABLE IF EXISTS `goodsMap`;
/*!40101 SET @saved_cs_client     = @@character_set_client */;
/*!40101 SET character_set_client = utf8 */;
CREATE TABLE `goodsMap` (
  `id` char(36) NOT NULL,
  `value` varchar(150) DEFAULT NULL,
  `shopId` char(36) NOT NULL,
  `goodsId` char(36) NOT NULL,
  `productId` char(36) NOT NULL,
  `creatorId` char(36) DEFAULT NULL,
  `createdAt` timestamp NOT NULL DEFAULT CURRENT_TIMESTAMP,
  `updatedAt` timestamp NOT NULL DEFAULT CURRENT_TIMESTAMP ON UPDATE CURRENT_TIMESTAMP,
  PRIMARY KEY (`id`),
  UNIQUE KEY `shop_goods` (`shopId`,`goodsId`)
) ENGINE=InnoDB DEFAULT CHARSET=utf8mb4;
/*!40101 SET character_set_client = @saved_cs_client */;

--
-- Dumping data for table `goodsMap`
--

LOCK TABLES `goodsMap` WRITE;
/*!40000 ALTER TABLE `goodsMap` DISABLE KEYS */;
/*!40000 ALTER TABLE `goodsMap` ENABLE KEYS */;
UNLOCK TABLES;

--
-- Table structure for table `nationDefine`
--

DROP TABLE IF EXISTS `nationDefine`;
/*!40101 SET @saved_cs_client     = @@character_set_client */;
/*!40101 SET character_set_client = utf8 */;
CREATE TABLE `nationDefine` (
  `id` char(36) NOT NULL,
  `code` char(2) NOT NULL,
  `name` varchar(20) NOT NULL,
  `createdAt` timestamp NOT NULL DEFAULT CURRENT_TIMESTAMP,
  `updatedAt` timestamp NOT NULL DEFAULT CURRENT_TIMESTAMP ON UPDATE CURRENT_TIMESTAMP,
  PRIMARY KEY (`id`),
  UNIQUE KEY `code` (`code`),
  UNIQUE KEY `name` (`name`)
) ENGINE=InnoDB DEFAULT CHARSET=utf8mb4;
/*!40101 SET character_set_client = @saved_cs_client */;

--
-- Dumping data for table `nationDefine`
--

LOCK TABLES `nationDefine` WRITE;
/*!40000 ALTER TABLE `nationDefine` DISABLE KEYS */;
INSERT INTO `nationDefine` VALUES ('00a02555-b12c-444f-b958-fb909c62df40','VN','越南','2020-07-30 20:24:51','2020-07-30 20:24:51'),('01fb9807-5b7e-4ed9-823c-c226adbea70f','GT','危地马拉','2020-07-30 20:24:50','2020-07-30 20:24:50'),('02205fab-cdff-4f32-af9a-6ab6c5fa160c','MN','蒙古','2020-07-30 20:24:50','2020-07-30 20:24:50'),('04b3bdf1-f337-44e3-a428-ce317bd62bcc','LU','卢森堡','2020-07-30 20:24:50','2020-07-30 20:24:50'),('053bddfe-f6f8-4d42-94b8-4db11906515d','RS','塞尔维亚','2020-07-30 20:24:51','2020-07-30 20:24:51'),('0599b30b-6c57-46f4-a97b-5b7fe318e94d','IL','以色列','2020-07-30 20:24:51','2020-07-30 20:24:51'),('061d9b7b-1328-4043-a66c-83bd830da315','HU','匈牙利','2020-07-30 20:24:51','2020-07-30 20:24:51'),('06e9db0a-b380-42bf-aae6-c0be7fc1aa3b','RU','俄罗斯','2020-07-30 20:24:50','2020-07-30 20:24:50'),('08911122-5bcd-4813-95b7-3d1951eed0bb','SZ','斯威士兰','2020-07-30 20:24:52','2020-07-30 20:24:52'),('089777a8-08e8-4f6a-b9d3-2a5b52cd454d','JE','泽西岛','2020-07-30 20:24:51','2020-07-30 20:24:51'),('0a168e2e-9b9f-4eed-bc97-d9933a190194','RW','卢旺达','2020-07-30 20:24:52','2020-07-30 20:24:52'),('0a905643-2b88-4b91-9498-f171e8dde89f','BH','巴林','2020-07-30 20:24:49','2020-07-30 20:24:49'),('0adc8dac-37ec-4a5e-ab1e-b683ebb9b956','AO','安哥拉','2020-07-30 20:24:50','2020-07-30 20:24:50'),('0b6354b2-e940-49e0-8fc7-4677c797c544','RE','留尼汪岛','2020-07-30 20:24:52','2020-07-30 20:24:52'),('0b93653b-06ac-4fc3-af0c-66046779c8c8','EC','厄瓜多尔','2020-07-30 20:24:50','2020-07-30 20:24:50'),('0c5d9f6f-25fe-4f09-93e7-79dd857900a1','HR','克罗地亚','2020-07-30 20:24:51','2020-07-30 20:24:51'),('0d5130cd-91d9-46c8-ab33-bc12b52cafe7','CU','古巴','2020-07-30 20:24:51','2020-07-30 20:24:51'),('0e0295cc-3472-472e-b72b-8491cced2107','GU','关岛','2020-07-30 20:24:51','2020-07-30 20:24:51'),('0ec93aa2-7d2a-4d9b-b1bd-b7132ecf6160','LB','黎巴嫩','2020-07-30 20:24:50','2020-07-30 20:24:50'),('10d941b0-898b-4e88-89f2-5857cba6f9a3','PL','波兰','2020-07-30 20:24:50','2020-07-30 20:24:50'),('1126857f-a1d7-4c8a-b827-9fba3d71a868','YT','马约特','2020-07-30 20:24:52','2020-07-30 20:24:52'),('1436a930-9c58-401d-9608-3595eb9ab6aa','MT','马耳他','2020-07-30 20:24:52','2020-07-30 20:24:52'),('1469556e-10ed-40da-9370-0e5ffabe8941','BW','博茨瓦纳','2020-07-30 20:24:51','2020-07-30 20:24:51'),('14f5a31b-b5d4-4e4c-8a6e-68c86d3c091b','IN','印度','2020-07-30 20:24:51','2020-07-30 20:24:51'),('14ff4cdc-df1e-4ffa-a97d-85250e4f64f1','GP','瓜德罗普岛','2020-07-30 20:24:51','2020-07-30 20:24:51'),('1580e4f8-4a3a-4f35-bd55-1f92a6789086','TM','土库曼斯坦','2020-07-30 20:24:52','2020-07-30 20:24:52'),('1820e53f-46d2-4a6a-b18b-d726da0c0d35','GE','格鲁吉亚','2020-07-30 20:24:51','2020-07-30 20:24:51'),('1855a5fa-5bf5-41b3-a601-861b857dbb19','MR','毛里塔尼亚','2020-07-30 20:24:52','2020-07-30 20:24:52'),('18ddcd16-3a1a-4d33-88f0-a271e1bbb1bc','PF','法属波利尼西亚','2020-07-30 20:24:51','2020-07-30 20:24:51'),('18f26df1-a780-4831-950c-ea0d021fe439','LR','利比里亚','2020-07-30 20:24:51','2020-07-30 20:24:51'),('1951d9a8-5859-4c82-98f6-113429c18ff9','MC','摩纳哥','2020-07-30 20:24:50','2020-07-30 20:24:50'),('19b13678-ed70-4c98-9ec9-45117be3f382','YE','也门','2020-07-30 20:24:50','2020-07-30 20:24:50'),('1b727a5e-0d5b-40d0-a41d-1fb5f6d711c5','NU','纽埃','2020-07-30 20:24:52','2020-07-30 20:24:52'),('1d0a2d42-b72b-47b6-af8f-f28c4a19e02a','HN','洪都拉斯','2020-07-30 20:24:50','2020-07-30 20:24:50'),('21c88ba2-9c6c-457a-8fec-b260e27262fd','BS','巴哈马','2020-07-30 20:24:51','2020-07-30 20:24:51'),('25a2d876-a721-433a-9405-565b0d7294e4','VG','圣文森特和格林纳丁斯','2020-07-30 20:24:52','2020-07-30 20:24:52'),('265a1ec4-ae54-4aa6-ab91-df7a33955d12','WF','瓦利斯群岛和富图纳群岛','2020-07-30 20:24:52','2020-07-30 20:24:52'),('267ecb7b-4a9a-44f2-a455-17776563f700','PH','菲律宾','2020-07-30 20:24:51','2020-07-30 20:24:51'),('26b78e06-c702-4d0b-9eea-f0a04609a943','NO','挪威','2020-07-30 20:24:50','2020-07-30 20:24:50'),('2796d826-34b3-4268-8017-06c06e9620ec','IE','爱尔兰','2020-07-30 20:24:51','2020-07-30 20:24:51'),('2b01b43b-837c-4529-9a8d-e04bfe913e27','AL','阿尔巴尼亚','2020-07-30 20:24:49','2020-07-30 20:24:49'),('2b04d366-3176-4379-b367-d32d750ffedf','IT','意大利','2020-07-30 20:24:51','2020-07-30 20:24:51'),('2bb09dfc-228b-4960-9d9e-0e6c6e54e8ed','PA','巴拿马','2020-07-30 20:24:50','2020-07-30 20:24:50'),('2d0524fc-45ad-41bd-b390-8ed7cd1cad79','NG','尼日利亚','2020-07-30 20:24:51','2020-07-30 20:24:51'),('2d83a881-a026-4d03-b8b8-8faebbddc1fe','CX','圣诞岛','2020-07-30 20:24:51','2020-07-30 20:24:51'),('2e51a2df-154b-452c-accb-4165089a5e55','VA','梵蒂冈','2020-07-30 20:24:52','2020-07-30 20:24:52'),('2fa2b2d8-799a-4f30-b693-0ea5a5095679','FJ','斐济','2020-07-30 20:24:51','2020-07-30 20:24:51'),('323943a3-3b86-4955-bf36-e3ca8032d44d','NL','荷兰','2020-07-30 20:24:50','2020-07-30 20:24:50'),('33e1481b-948d-422c-b531-96c070976314','TT','特立尼达和多巴哥','2020-07-30 20:24:52','2020-07-30 20:24:52'),('3728fa1d-2479-40f6-b002-b261b1233daa','GY','圭亚那','2020-07-30 20:24:51','2020-07-30 20:24:51'),('3916e5be-2f20-4825-96ac-5d6725c499ae','MS','蒙特塞拉特','2020-07-30 20:24:52','2020-07-30 20:24:52'),('3d7149a6-fc1b-446c-bca4-c7ab8104764a','UZ','乌兹别克斯坦','2020-07-30 20:24:52','2020-07-30 20:24:52'),('406995dd-95af-4148-9023-057e773838e6','NZ','新西兰','2020-07-30 20:24:51','2020-07-30 20:24:51'),('4283c275-18f1-4707-a6d0-5b51fea8c8b3','BB','巴巴多斯','2020-07-30 20:24:51','2020-07-30 20:24:51'),('42f4021e-7eb3-426c-b5fd-986a4631e784','BF','布基纳法索','2020-07-30 20:24:51','2020-07-30 20:24:51'),('43931d5c-9b24-408c-8583-e9840aa3f980','SL','塞拉利昂','2020-07-30 20:24:52','2020-07-30 20:24:52'),('442a3128-1a6a-4460-8840-161686c7d496','FI','芬兰','2020-07-30 20:24:50','2020-07-30 20:24:50'),('45aa9c0d-f596-4f7e-8fab-4e5c957a7890','TN','突尼斯','2020-07-30 20:24:49','2020-07-30 20:24:49'),('467738f7-f8ea-46b2-ab29-4e2dc59eda74','CI','科特迪瓦','2020-07-30 20:24:51','2020-07-30 20:24:51'),('46ea75da-f202-4d70-a110-6f2c5d6c9c1a','KR','韩国','2020-07-30 20:24:50','2020-07-30 20:24:50'),('499e8848-26b7-406f-81a8-5edd44f1a028','KH','柬埔寨','2020-07-30 20:24:51','2020-07-30 20:24:51'),('49ab90b4-54d2-4169-a21f-501bc9fe1224','DZ','阿尔及利亚','2020-07-30 20:24:49','2020-07-30 20:24:49'),('4b746d52-b355-4a78-b634-24fb11c13e58','KN','圣基茨和尼维斯','2020-07-30 20:24:52','2020-07-30 20:24:52'),('4c10977d-2a2e-452a-8465-14fa1ba897b8','GQ','赤道几内亚','2020-07-30 20:24:51','2020-07-30 20:24:51'),('4c410136-3fb0-4539-8dee-f17ec6876dfc','CD','刚果（金）','2020-07-30 20:24:51','2020-07-30 20:24:51'),('4f6d2c65-34fe-4639-b244-c47163bb5f9f','BZ','伯利兹','2020-07-30 20:24:51','2020-07-30 20:24:51'),('502dd811-8c54-4f58-8c7e-098367652264','BO','玻利维亚','2020-07-30 20:24:50','2020-07-30 20:24:50'),('50683549-5e2e-4150-9570-5a842cc9ce33','TV','图瓦卢','2020-07-30 20:24:52','2020-07-30 20:24:52'),('509f19ed-c744-481e-af29-479dd3c523ee','LK','斯里兰卡','2020-07-30 20:24:50','2020-07-30 20:24:50'),('51c7dc20-9a2c-4ec5-816a-62d51e20c820','TG','多哥','2020-07-30 20:24:52','2020-07-30 20:24:52'),('52a0e947-5461-45fa-ad72-6276342c971d','BE','比利时','2020-07-30 20:24:50','2020-07-30 20:24:50'),('539442f5-ec85-46be-a1da-356db84b1ef9','CK','库克群岛','2020-07-30 20:24:51','2020-07-30 20:24:51'),('53d2d6b4-2007-4cf8-a17b-73b3f2365b4d','KE','肯尼亚','2020-07-30 20:24:51','2020-07-30 20:24:51'),('54c2b6c4-47c6-4cd0-9d97-207b027708cf','AD','安道尔','2020-07-30 20:24:50','2020-07-30 20:24:50'),('54d5829f-fc90-4d9e-85a1-894067d954c6','MW','马拉维','2020-07-30 20:24:51','2020-07-30 20:24:51'),('561f9538-3215-450d-a2c3-c007e7b51ed1','TL','东帝汶','2020-07-30 20:24:50','2020-07-30 20:24:50'),('5876ad99-8270-4eef-8429-d6c547ce8e73','TZ','坦桑尼亚','2020-07-30 20:24:52','2020-07-30 20:24:52'),('5a4cbb39-e540-4c89-8a62-18312920330a','ZM','赞比亚','2020-07-30 20:24:52','2020-07-30 20:24:52'),('5accc9a1-c705-47bd-a9e1-7fcb719655d6','FX','法国大都会','2020-07-30 20:24:51','2020-07-30 20:24:51'),('5d2a0e68-eaab-49fb-a349-4ce63806dea3','EG','埃及','2020-07-30 20:24:49','2020-07-30 20:24:49'),('5d6f89ef-3346-43b6-a2c8-d745ab8598d8','PR','波多黎各','2020-07-30 20:24:50','2020-07-30 20:24:50'),('5dfac484-c4d9-42ff-b00b-059719e605c3','OM','阿曼','2020-07-30 20:24:50','2020-07-30 20:24:50'),('5e6ca3e2-a2fd-42ba-994e-a657b8a82f90','FO','法罗群岛','2020-07-30 20:24:50','2020-07-30 20:24:50'),('6092dadb-2b7b-48fc-bb51-88e07d6c5699','UG','乌干达','2020-07-30 20:24:52','2020-07-30 20:24:52'),('60e85fb1-bcdd-40ac-ad85-fd6bfb4d519c','PE','秘鲁','2020-07-30 20:24:50','2020-07-30 20:24:50'),('62741875-013f-47db-b924-c2228a6808dc','GG','根西岛','2020-07-30 20:24:51','2020-07-30 20:24:51'),('62c34256-8fe7-4153-a8dd-3a24e2343519','ZA','南非','2020-07-30 20:24:51','2020-07-30 20:24:51'),('63385d08-98a2-4fa3-b2c0-6b88a104ab37','AF','阿富汗','2020-07-30 20:24:50','2020-07-30 20:24:50'),('64aadde6-0605-410f-9e57-ec8ea85442d0','PK','巴基斯坦','2020-07-30 20:24:50','2020-07-30 20:24:50'),('650d5e0e-2dcb-491f-8b53-0e1d09e42649','SY','叙利亚','2020-07-30 20:24:49','2020-07-30 20:24:49'),('65295b9b-5710-4c22-bdee-e006f23ca56e','VE','委内瑞拉','2020-07-30 20:24:51','2020-07-30 20:24:51'),('658e9223-3bc8-43c3-b9f6-5285886b9a10','BG','保加利亚','2020-07-30 20:24:50','2020-07-30 20:24:50'),('67a161c8-5863-46ce-8cab-7f49229aa1f1','UA','乌克兰','2020-07-30 20:24:50','2020-07-30 20:24:50'),('683be0b7-9051-4590-a6c1-cb278a1cbd41','WS','萨摩亚','2020-07-30 20:24:52','2020-07-30 20:24:52'),('686ff2dd-d8a3-4c2c-afc6-492e99175113','BM','百慕大','2020-07-30 20:24:51','2020-07-30 20:24:51'),('68a6ef95-d5fc-447d-94d4-86df410db0af','PS','巴勒斯坦','2020-07-30 20:24:49','2020-07-30 20:24:49'),('6a5b2caa-072f-45b2-ba95-65d043fcc90a','BN','文莱','2020-07-30 20:24:50','2020-07-30 20:24:50'),('6d77d126-bff2-416c-b7af-59c80f551ab8','TD','乍得','2020-07-30 20:24:51','2020-07-30 20:24:51'),('6d7fe3f7-6079-4b15-9fff-a46ee59ebe43','AG','安提瓜和巴布达','2020-07-30 20:24:51','2020-07-30 20:24:51'),('72a143a5-621e-4bee-92dd-df12df162f4e','DJ','吉布提','2020-07-30 20:24:51','2020-07-30 20:24:51'),('73013e9c-d9d0-4849-ae6f-7acd6337d89f','IQ','伊拉克','2020-07-30 20:24:49','2020-07-30 20:24:49'),('736f50fe-ad16-490d-986e-cb252b5a8fea','IS','冰岛','2020-07-30 20:24:50','2020-07-30 20:24:50'),('73ed0853-57e5-4462-baa2-b3312769262b','GA','加蓬','2020-07-30 20:24:51','2020-07-30 20:24:51'),('7652242b-1790-4895-b066-404113557a39','BT','不丹','2020-07-30 20:24:51','2020-07-30 20:24:51'),('78071d5d-c4e2-4e0d-930b-690c916d3b30','TJ','塔吉克斯坦','2020-07-30 20:24:52','2020-07-30 20:24:52'),('78ba89af-3569-435e-b9ff-033e0f6c5fda','PN','皮特凯恩群岛','2020-07-30 20:24:52','2020-07-30 20:24:52'),('7a0600ff-9971-46b3-adc9-5e86a9453fed','LI','列支敦士登','2020-07-30 20:24:50','2020-07-30 20:24:50'),('7eadcd9a-3e6c-475d-a517-b286aec34ab3','BR','巴西','2020-07-30 20:24:50','2020-07-30 20:24:50'),('810275d1-8588-4e59-9f8f-2dfa18e9991f','MQ','马提尼克岛','2020-07-30 20:24:52','2020-07-30 20:24:52'),('817199c6-966c-43ba-8355-02ec14081853','SA','沙特阿拉伯','2020-07-30 20:24:49','2020-07-30 20:24:49'),('81a12c56-b4a8-476d-8219-f6b9bc72966d','TH','泰国','2020-07-30 20:24:50','2020-07-30 20:24:50'),('81d5b97c-c90e-475e-bb87-3c27a02df6cd','JP','日本','2020-07-30 20:24:50','2020-07-30 20:24:50'),('828bca5f-7cee-4f6f-ac74-7e8ff88064fa','NA','纳米比亚','2020-07-30 20:24:52','2020-07-30 20:24:52'),('85c3caf9-be8c-438a-8b8f-25aed7292fea','ST','圣多美和普林西比','2020-07-30 20:24:52','2020-07-30 20:24:52'),('86562462-e5b9-44aa-a473-b922e9fc12e5','QA','卡塔尔','2020-07-30 20:24:50','2020-07-30 20:24:50'),('869115a2-0b53-4dbe-812e-4de5bb474c5d','BD','孟加拉','2020-07-30 20:24:51','2020-07-30 20:24:51'),('89d73bcd-238c-4a94-a2d5-17a4b098699a','SK','斯洛伐克','2020-07-30 20:24:50','2020-07-30 20:24:50'),('89d86d95-4b7c-47b6-be13-bd403a393e25','US','美国','2020-07-30 20:24:51','2020-07-30 20:24:51'),('8a00e350-9d3f-4c38-b663-e0c42d06fb8b','NC','新喀里多尼亚','2020-07-30 20:24:52','2020-07-30 20:24:52'),('8b65329a-cdab-406b-a58d-9eb063af8c4a','GI','直布罗陀','2020-07-30 20:24:51','2020-07-30 20:24:51'),('8baf54a0-2c1d-4f36-b7d6-7b7284418fae','SR','苏里南','2020-07-30 20:24:52','2020-07-30 20:24:52'),('8c0d5857-b9b1-4da9-8957-8e3e792066f2','AI','安圭拉','2020-07-30 20:24:51','2020-07-30 20:24:51'),('8d28d447-627a-413d-a40b-aae42adda062','PT','葡萄牙','2020-07-30 20:24:50','2020-07-30 20:24:50'),('90ff725e-243e-4521-8b38-61fc99e16ac5','MV','马尔代夫','2020-07-30 20:24:50','2020-07-30 20:24:50'),('91cea268-0eca-4a39-ad39-4c30eceecc6b','NI','尼加拉瓜','2020-07-30 20:24:50','2020-07-30 20:24:50'),('925a7329-722f-45ad-be99-afd537d0b2fc','CN','中国','2020-07-30 20:24:50','2020-07-30 20:24:50'),('9331e542-db9b-4065-8904-d85af8f3d96c','MK','马其顿','2020-07-30 20:24:51','2020-07-30 20:24:51'),('94042954-425d-4e26-b784-dec7e7ea4f39','KD','朝鲜','2020-07-30 20:24:51','2020-07-30 20:24:51'),('940a4f40-45f2-4cc9-a931-9313d3d8c24d','EH','西撒哈拉','2020-07-30 20:24:52','2020-07-30 20:24:52'),('94851357-5dbf-48e5-b7b9-c3aa732255d0','KZ','哈萨克斯坦','2020-07-30 20:24:51','2020-07-30 20:24:51'),('94fd578a-b737-4281-a145-6de4e8bbdbe0','DK','丹麦','2020-07-30 20:24:50','2020-07-30 20:24:50'),('9695e5b8-0772-4e9f-9f98-12684e0d62de','CA','加拿大','2020-07-30 20:24:51','2020-07-30 20:24:51'),('96fabe86-22bd-4cd7-8c0a-592fb419ee6c','NR','瑙鲁','2020-07-30 20:24:52','2020-07-30 20:24:52'),('98f2fce1-5aa7-4999-b756-bfec6ebbb2ad','RO','罗马尼亚','2020-07-30 20:24:50','2020-07-30 20:24:50'),('997f82be-9561-4ae6-8e97-9de90cd26ed3','NP','尼泊尔','2020-07-30 20:24:52','2020-07-30 20:24:52'),('9999c258-6598-49ba-b4dd-e2aa93756994','JO','约旦','2020-07-30 20:24:49','2020-07-30 20:24:49'),('9babb6d3-6b1b-416d-8fb1-8939d4887291','BI','布隆迪','2020-07-30 20:24:51','2020-07-30 20:24:51'),('9cebce49-3a6f-4d60-b781-1601f4d0512f','PW','帕劳','2020-07-30 20:24:52','2020-07-30 20:24:52'),('9e67e896-8e3f-4cdd-9eec-c9c4a5726001','CV','佛得角','2020-07-30 20:24:51','2020-07-30 20:24:51'),('a174a485-19d9-4f65-b9e6-c7e7919192c5','GN','几内亚','2020-07-30 20:24:51','2020-07-30 20:24:51'),('a30c0dab-0a1f-43f0-97a7-2b32bc939f63','GB','英国','2020-07-30 20:24:51','2020-07-30 20:24:51'),('a4572e13-e585-4a76-8991-ed4dc7d6203e','AX','奥兰群岛','2020-07-30 20:24:50','2020-07-30 20:24:50'),('a70a216a-fa76-4dc4-850d-035023a6f72d','ME','黑山','2020-07-30 20:24:52','2020-07-30 20:24:52'),('a92d83b8-8bd3-4b6a-9d49-c82e026056f7','LY','利比亚','2020-07-30 20:24:50','2020-07-30 20:24:50'),('aabcc702-9dd7-4b35-abe1-c81239d110ee','CG','刚果','2020-07-30 20:24:50','2020-07-30 20:24:50'),('add99c42-4e14-4b5f-862f-fee002a1efac','BA','波斯尼亚和黑塞哥维那','2020-07-30 20:24:51','2020-07-30 20:24:51'),('b32fe8b7-6894-405e-b044-309b3ef8ddd5','GM','冈比亚','2020-07-30 20:24:51','2020-07-30 20:24:51'),('b399ef70-ea11-43b2-a593-ac794338ab1b','MM','缅甸','2020-07-30 20:24:52','2020-07-30 20:24:52'),('b41384f9-66ea-4039-aa2b-c62a7b4a16f0','BY','白俄罗斯','2020-07-30 20:24:50','2020-07-30 20:24:50'),('b572bc00-7114-4bb4-9e8c-ae2684577e37','GW','几内亚比绍','2020-07-30 20:24:51','2020-07-30 20:24:51'),('b586d58a-76cc-4539-b3b9-2a3a3f4716bd','AE','阿拉伯联合酋长国','2020-07-30 20:24:49','2020-07-30 20:24:49'),('b5d00bda-7721-48c3-99ce-3f5909b99035','EE','爱沙尼亚','2020-07-30 20:24:50','2020-07-30 20:24:50'),('b61a1977-b03f-4ae2-ab0d-22ef3ada4355','CF','中非','2020-07-30 20:24:51','2020-07-30 20:24:51'),('b67cfe2a-568f-4462-bb86-592e8ed99589','KM','科摩罗','2020-07-30 20:24:51','2020-07-30 20:24:51'),('b74edc8d-ca6a-4608-b94e-3900e034cde3','CM','喀麦隆','2020-07-30 20:24:50','2020-07-30 20:24:50'),('b7d093a8-5bb0-4e83-9cd6-873faddd6ea9','LV','拉脱维亚','2020-07-30 20:24:50','2020-07-30 20:24:50'),('b86ef763-c188-4a2f-827d-2636e46149f7','MD','摩尔多瓦','2020-07-30 20:24:50','2020-07-30 20:24:50'),('b958fbf8-05f2-4bc7-81c2-8b2d1aa53d29','ES','西班牙','2020-07-30 20:24:50','2020-07-30 20:24:50'),('bb3b8fb6-9d12-4a8b-a33f-03208c61fd6c','SI','斯洛文尼亚','2020-07-30 20:24:50','2020-07-30 20:24:50'),('bbcbf26e-6760-4c8e-926d-27dfa17f6040','SC','塞舌尔','2020-07-30 20:24:52','2020-07-30 20:24:52'),('bd97befb-2d41-41c9-8390-f0ee4fed2b93','BV','布维岛','2020-07-30 20:24:51','2020-07-30 20:24:51'),('bdc6afe1-7d98-496b-a0ab-8d95a2297926','SD','苏丹','2020-07-30 20:24:49','2020-07-30 20:24:49'),('c2f18417-29e5-452e-b0b7-ffb665acfe66','SN','塞内加尔','2020-07-30 20:24:50','2020-07-30 20:24:50'),('c48a4d57-0102-4683-90d4-e6e96bfaa224','LO','老挝','2020-07-30 20:24:51','2020-07-30 20:24:51'),('c5d50fd3-98e4-46ec-88e8-c93801fe8f96','CH','瑞士','2020-07-30 20:24:50','2020-07-30 20:24:50'),('c5e6df68-c22c-45c3-845f-c79965fc86a4','SB','所罗门群岛','2020-07-30 20:24:52','2020-07-30 20:24:52'),('c6cd8078-eb69-4f60-bd48-d84fd2c98608','KG','吉尔吉斯斯坦','2020-07-30 20:24:51','2020-07-30 20:24:51'),('ca6eec65-7bbf-4479-b720-2306c760d592','CR','哥斯达黎加','2020-07-30 20:24:50','2020-07-30 20:24:50'),('cacaf947-e8f2-4da5-a543-b519d0e2f9da','MX','墨西哥','2020-07-30 20:24:50','2020-07-30 20:24:50'),('cb9f7a01-cbf8-4fbe-be9f-be76bc1234ca','GD','格林纳达','2020-07-30 20:24:51','2020-07-30 20:24:51'),('cc8bf052-00d6-490b-912e-ba700cd5515d','DM','多米尼加','2020-07-30 20:24:51','2020-07-30 20:24:51'),('cd1530c1-451c-4f03-bf1c-4e0fcb222235','LC','圣卢西亚','2020-07-30 20:24:52','2020-07-30 20:24:52'),('cffe4c2c-9f98-46f2-8c77-2ad7141b565d','FR','法国','2020-07-30 20:24:50','2020-07-30 20:24:50'),('d60312bd-be03-427d-8c6b-59255db99eb3','YU','南斯拉夫','2020-07-30 20:24:50','2020-07-30 20:24:50'),('d6e173d4-170e-4a32-8ebf-514eba7f46a2','IR','伊朗','2020-07-30 20:24:50','2020-07-30 20:24:50'),('d6e3ae0e-d499-4c9b-89b8-5a55f11ecca9','SH','圣赫勒拿','2020-07-30 20:24:52','2020-07-30 20:24:52'),('d735ccbe-7100-4968-96d6-8cffdb22b50f','NF','诺福克岛','2020-07-30 20:24:52','2020-07-30 20:24:52'),('d7607b5d-1e75-4887-9e0a-aa17020334c3','UY','乌拉圭','2020-07-30 20:24:50','2020-07-30 20:24:50'),('d806ede9-1d44-4003-903f-ed462642a795','AZ','阿塞拜疆','2020-07-30 20:24:50','2020-07-30 20:24:50'),('d8209b6d-3e57-4d09-aefe-74ebc0ed8709','CO','哥伦比亚','2020-07-30 20:24:50','2020-07-30 20:24:50'),('d897725e-dea4-4f18-8ba6-5774d934de50','MG','马达加斯加','2020-07-30 20:24:51','2020-07-30 20:24:51'),('da7f4c20-e67d-42f7-99a9-d607bb0a42cb','GF','法属圭亚那','2020-07-30 20:24:51','2020-07-30 20:24:51'),('db34ed7a-a4f9-45bc-9d01-a812c2965e20','AS','美属萨摩亚','2020-07-30 20:24:50','2020-07-30 20:24:50'),('dc1d0119-347c-4129-9d2d-fdb3368c7ebc','SM','圣马力诺','2020-07-30 20:24:52','2020-07-30 20:24:52'),('dc6a10ac-17ad-43d8-a0d4-3d3772ba05e0','NE','尼日尔','2020-07-30 20:24:52','2020-07-30 20:24:52'),('dfaa4db2-8098-4b02-a50d-238e34681389','SV','萨尔瓦多','2020-07-30 20:24:50','2020-07-30 20:24:50'),('e0d44d5f-9ade-4bce-bd80-74e9235f8e96','ZW','津巴布韦','2020-07-30 20:24:51','2020-07-30 20:24:51'),('e1ce8921-da22-48c1-8c2a-df0fa9bcf4f1','TK','托克劳','2020-07-30 20:24:52','2020-07-30 20:24:52'),('e267b0a8-862a-4e77-99f9-74ef89a8c252','IM','马恩岛','2020-07-30 20:24:51','2020-07-30 20:24:51'),('e4269f55-bf66-4900-90b2-771adf11a2e5','AM','亚美尼亚','2020-07-30 20:24:51','2020-07-30 20:24:51'),('e4c7e47b-96b1-42ee-9e0e-5b1712adc07a','MY','马来西亚','2020-07-30 20:24:50','2020-07-30 20:24:50'),('e4fc278e-bc89-446f-94ee-5aa36392b9fe','BJ','贝宁','2020-07-30 20:24:51','2020-07-30 20:24:51'),('e570254e-91ad-46fe-b614-fdc85d137b48','MF','密克罗尼西亚','2020-07-30 20:24:52','2020-07-30 20:24:52'),('e68caccc-5d01-4ab3-9e4d-02e4fd693404','MU','毛里求斯','2020-07-30 20:24:52','2020-07-30 20:24:52'),('e8f863e8-e5fb-417f-9918-5c29c6b86149','AR','阿根廷','2020-07-30 20:24:50','2020-07-30 20:24:50'),('e9d329b9-575d-48ad-8e9c-40017773ac42','GR','希腊','2020-07-30 20:24:51','2020-07-30 20:24:51'),('ea573f28-a97c-4c96-8987-a27aeb5eb2a8','TO','汤加','2020-07-30 20:24:52','2020-07-30 20:24:52'),('ea5f838f-74f4-4c31-8676-2948575a5fa3','ET','埃塞俄比亚','2020-07-30 20:24:51','2020-07-30 20:24:51'),('ecd1da9e-a301-4459-bacf-71ffacc76143','SO','索马里','2020-07-30 20:24:52','2020-07-30 20:24:52'),('ecf6d167-e5e5-4302-a4d4-2dc1d01fff99','ID','印度尼西亚','2020-07-30 20:24:51','2020-07-30 20:24:51'),('ed23614c-5feb-497b-9c2a-de232948ef22','AU','澳大利亚','2020-07-30 20:24:51','2020-07-30 20:24:51'),('ed23d373-5077-4bcc-83e2-46390752950e','MA','摩洛哥','2020-07-30 20:24:50','2020-07-30 20:24:50'),('ee1f6f40-afd8-4316-a3f7-9d7aa0f99cb5','ML','马里','2020-07-30 20:24:50','2020-07-30 20:24:50'),('ee5f1163-8a5b-4080-9d7c-e47933320d64','LS','莱索托','2020-07-30 20:24:51','2020-07-30 20:24:51'),('eeac8cf6-7756-4a13-93de-42ef0110bf92','KW','科威特','2020-07-30 20:24:49','2020-07-30 20:24:49'),('ef1cd069-279a-48c9-bb52-c2b5202e66ea','MH','马绍尔群岛','2020-07-30 20:24:52','2020-07-30 20:24:52'),('f02cfba1-ae6f-4d82-806f-f7077804f407','AT','奥地利','2020-07-30 20:24:50','2020-07-30 20:24:50'),('f02ed54d-8999-4a3d-8634-784178132ad4','CL','智利','2020-07-30 20:24:50','2020-07-30 20:24:50'),('f18e8122-129e-4cd9-96a7-713ba7731dbb','LT','立陶宛','2020-07-30 20:24:50','2020-07-30 20:24:50'),('f18ffada-51b6-4b1d-9da0-f5279718642b','MZ','莫桑比克','2020-07-30 20:24:52','2020-07-30 20:24:52'),('f1af2ff5-f522-41a2-ad88-c2371914cf92','DE','德国','2020-07-30 20:24:50','2020-07-30 20:24:50'),('f350ccfa-5462-4d77-b05c-c74b0bbcada6','ER','厄立特里亚','2020-07-30 20:24:51','2020-07-30 20:24:51'),('f3eda730-81d0-479e-9201-72f2cfd1325a','HT','海地','2020-07-30 20:24:51','2020-07-30 20:24:51'),('f4dfce13-5fbb-4d3c-bc45-a46be6c68352','AW','阿鲁巴','2020-07-30 20:24:50','2020-07-30 20:24:50'),('f63223c7-e277-49d7-b169-b1ce37d5c3cd','CY','塞浦路斯','2020-07-30 20:24:51','2020-07-30 20:24:51'),('f6c32444-9976-42bf-adca-ea40e9fb00a7','PG','巴布亚新几内亚','2020-07-30 20:24:52','2020-07-30 20:24:52'),('f8d14f99-0d4e-482d-9324-9f6dc52efbef','CZ','捷克','2020-07-30 20:24:50','2020-07-30 20:24:50'),('f95a78c0-c7d8-4d76-a669-49e32ecef089','GH','加纳','2020-07-30 20:24:51','2020-07-30 20:24:51'),('fa7e34f7-c16b-4231-aa35-08cb40403a5c','CC','科科斯（基林）群岛','2020-07-30 20:24:51','2020-07-30 20:24:51'),('fab1e745-afcc-4dc6-a7af-4430e5ec49c8','TR','土耳其','2020-07-30 20:24:50','2020-07-30 20:24:50'),('fbb564f7-8495-4ea8-98b3-59bee4fd590e','SG','新加坡','2020-07-30 20:24:50','2020-07-30 20:24:50'),('fc2d90ba-1445-46d2-9be7-6557cca3b981','SE','瑞典','2020-07-30 20:24:50','2020-07-30 20:24:50'),('fee34aec-5e90-4513-88f5-478f80fff5ed','KI','基里巴斯','2020-07-30 20:24:51','2020-07-30 20:24:51'),('ff3c8615-197c-4bde-b74f-acc612617d52','VU','瓦努阿图','2020-07-30 20:24:52','2020-07-30 20:24:52'),('ff5bc85d-ccf9-487a-b8af-7600d5782d9b','JM','牙买加','2020-07-30 20:24:51','2020-07-30 20:24:51');
/*!40000 ALTER TABLE `nationDefine` ENABLE KEYS */;
UNLOCK TABLES;

--
-- Table structure for table `nativeShop`
--

DROP TABLE IF EXISTS `nativeShop`;
/*!40101 SET @saved_cs_client     = @@character_set_client */;
/*!40101 SET character_set_client = utf8 */;
CREATE TABLE `nativeShop` (
  `id` char(36) NOT NULL,
  `key` varchar(20) NOT NULL,
  `type` varchar(10) NOT NULL,
  `description` varchar(50) NOT NULL,
  `active` tinyint(1) NOT NULL,
  `createdAt` timestamp NOT NULL DEFAULT CURRENT_TIMESTAMP,
  `updatedAt` timestamp NOT NULL DEFAULT CURRENT_TIMESTAMP ON UPDATE CURRENT_TIMESTAMP,
  PRIMARY KEY (`id`),
  UNIQUE KEY `key` (`key`)
) ENGINE=InnoDB DEFAULT CHARSET=utf8mb4;
/*!40101 SET character_set_client = @saved_cs_client */;

--
-- Dumping data for table `nativeShop`
--

LOCK TABLES `nativeShop` WRITE;
/*!40000 ALTER TABLE `nativeShop` DISABLE KEYS */;
/*!40000 ALTER TABLE `nativeShop` ENABLE KEYS */;
UNLOCK TABLES;

--
-- Table structure for table `nativeTmpl`
--

DROP TABLE IF EXISTS `nativeTmpl`;
/*!40101 SET @saved_cs_client     = @@character_set_client */;
/*!40101 SET character_set_client = utf8 */;
CREATE TABLE `nativeTmpl` (
  `id` char(36) NOT NULL,
  `key` varchar(5) NOT NULL,
  `preview` varchar(100) NOT NULL,
  `test` tinyint(1) NOT NULL,
  `active` tinyint(1) NOT NULL,
  `createdAt` timestamp NOT NULL DEFAULT CURRENT_TIMESTAMP,
  `updatedAt` timestamp NOT NULL DEFAULT CURRENT_TIMESTAMP ON UPDATE CURRENT_TIMESTAMP,
  PRIMARY KEY (`id`),
  UNIQUE KEY `key` (`key`)
) ENGINE=InnoDB DEFAULT CHARSET=utf8mb4;
/*!40101 SET character_set_client = @saved_cs_client */;

--
-- Dumping data for table `nativeTmpl`
--

LOCK TABLES `nativeTmpl` WRITE;
/*!40000 ALTER TABLE `nativeTmpl` DISABLE KEYS */;
INSERT INTO `nativeTmpl` VALUES ('10a1d241-ac7b-435c-b87e-58fdecad9c23','7','http://adtest.weplayer.cc/opt/upload/preview/1/upload_8635bd7ad2b69b8627d79f33705238c1.jpg',0,1,'2020-07-30 20:25:22','2020-07-30 20:25:22'),('2c10bd63-725d-4d75-abe0-1e00bf2c6000','14','http://adtest.weplayer.cc/opt/upload/preview/1/upload_8635bd7ad2b69b8627d79f33705238c1.jpg',0,1,'2020-07-30 20:25:22','2020-07-30 20:25:22'),('3dea3fbd-353e-4b2f-8c1c-39591669c174','6','http://adtest.weplayer.cc/opt/upload/preview/1/upload_8635bd7ad2b69b8627d79f33705238c1.jpg',0,1,'2020-07-30 20:25:57','2020-07-30 20:25:57'),('995bfdca-c325-4dc2-ad83-e82831187535','8','http://adtest.weplayer.cc/opt/upload/preview/1/upload_8635bd7ad2b69b8627d79f33705238c1.jpg',0,1,'2020-07-30 20:25:22','2020-07-30 20:25:22'),('e0e4278b-b87d-40a9-968d-f5de205da2ca','5','http://adtest.weplayer.cc/opt/upload/preview/1/upload_8635bd7ad2b69b8627d79f33705238c1.jpg',0,1,'2020-07-30 20:25:57','2020-07-30 20:25:57'),('e3b86124-5eec-4827-bcdb-298a32887216','13','http://adtest.weplayer.cc/opt/upload/preview/1/upload_8635bd7ad2b69b8627d79f33705238c1.jpg',0,1,'2020-07-30 20:25:57','2020-07-30 20:25:57'),('e5da0586-caf2-4534-b0a6-506399c4261f','15','http://adtest.weplayer.cc/opt/upload/preview/1/upload_8635bd7ad2b69b8627d79f33705238c1.jpg',0,1,'2020-07-30 20:25:57','2020-07-30 20:25:57');
/*!40000 ALTER TABLE `nativeTmpl` ENABLE KEYS */;
UNLOCK TABLES;

--
-- Table structure for table `nativeTmplConf`
--

DROP TABLE IF EXISTS `nativeTmplConf`;
/*!40101 SET @saved_cs_client     = @@character_set_client */;
/*!40101 SET character_set_client = utf8 */;
CREATE TABLE `nativeTmplConf` (
  `id` char(36) NOT NULL,
  `weight` tinyint(3) unsigned NOT NULL,
  `clickArea` tinyint(3) unsigned NOT NULL,
  `isFull` tinyint(1) NOT NULL,
  `nativeTmplId` char(36) NOT NULL,
  `nativeTmplConfGroupId` char(36) NOT NULL,
  `creatorId` char(36) DEFAULT NULL,
  `active` tinyint(1) NOT NULL,
  `activeTime` timestamp NOT NULL DEFAULT '2020-05-01 00:00:00',
  `createdAt` timestamp NOT NULL DEFAULT CURRENT_TIMESTAMP,
  `updatedAt` timestamp NOT NULL DEFAULT CURRENT_TIMESTAMP ON UPDATE CURRENT_TIMESTAMP,
  PRIMARY KEY (`id`),
  UNIQUE KEY `idx_nativeTmpl` (`nativeTmplId`,`nativeTmplConfGroupId`,`activeTime`)
) ENGINE=InnoDB DEFAULT CHARSET=utf8mb4;
/*!40101 SET character_set_client = @saved_cs_client */;

--
-- Dumping data for table `nativeTmplConf`
--

LOCK TABLES `nativeTmplConf` WRITE;
/*!40000 ALTER TABLE `nativeTmplConf` DISABLE KEYS */;
INSERT INTO `nativeTmplConf` VALUES ('007d5765-e522-40b7-8d49-9e4554d10554',10,1,0,'10a1d241-ac7b-435c-b87e-58fdecad9c23','4e5bcfc9-0f0e-4128-8189-cecb4b4bcab4',NULL,1,'2020-05-01 00:00:00','2020-07-30 20:27:33','2020-07-30 20:27:33'),('00a433a1-1519-4c23-994c-ac393879a945',10,1,0,'995bfdca-c325-4dc2-ad83-e82831187535','753b6d72-211b-42bd-96a0-b2f64dc1029e',NULL,1,'2020-05-01 00:00:00','2020-07-30 20:27:32','2020-07-30 20:27:32'),('07be0e61-91ca-401c-bbad-1f5b02e5f6f8',10,1,0,'10a1d241-ac7b-435c-b87e-58fdecad9c23','e1201a30-a502-4956-9893-16d9f063c043',NULL,1,'2020-05-01 00:00:00','2020-07-30 20:27:32','2020-07-30 20:27:32'),('0aabfa0b-a2e9-47b6-9d5f-d03017ba1069',10,1,0,'995bfdca-c325-4dc2-ad83-e82831187535','668b328e-1567-4284-8abb-e91d71dc9484',NULL,1,'2020-05-01 00:00:00','2020-07-30 20:27:34','2020-07-30 20:27:34'),('0c6c1a7b-f42a-47ab-8781-9771a2881783',10,1,0,'995bfdca-c325-4dc2-ad83-e82831187535','634861ca-3e9e-4a8b-85b1-572f086cde5d',NULL,1,'2020-05-01 00:00:00','2020-07-30 20:27:33','2020-07-30 20:27:33'),('0c7ac462-26c9-4873-ad0b-1a10864ab0db',10,1,0,'10a1d241-ac7b-435c-b87e-58fdecad9c23','b40f0210-027e-40e1-b7bf-90c81823654f',NULL,1,'2020-05-01 00:00:00','2020-07-30 20:27:33','2020-07-30 20:27:33'),('0ea5249e-545f-4c2b-a7dc-27938660dd0b',10,1,0,'10a1d241-ac7b-435c-b87e-58fdecad9c23','5dcd6046-3cf2-4214-a8cf-bc61fa441699',NULL,1,'2020-05-01 00:00:00','2020-07-30 20:27:32','2020-07-30 20:27:32'),('11918b0a-5e5f-467a-9ab7-0f883a829462',10,1,0,'10a1d241-ac7b-435c-b87e-58fdecad9c23','3aa6d44f-a05b-45ef-a7a3-815db4001d24',NULL,1,'2020-05-01 00:00:00','2020-07-30 20:27:32','2020-07-30 20:27:32'),('162c2d50-2af3-422d-a80c-6e35b2b50146',10,1,0,'995bfdca-c325-4dc2-ad83-e82831187535','a27fd039-9ded-4ca2-93e7-6409324d4194',NULL,1,'2020-05-01 00:00:00','2020-07-30 20:27:34','2020-07-30 20:27:34'),('17e8e48d-e781-45ea-a19d-9e7dffbbdb79',10,1,0,'10a1d241-ac7b-435c-b87e-58fdecad9c23','8ede0732-5ede-440b-9eba-54872bb6fb4b',NULL,1,'2020-05-01 00:00:00','2020-07-30 20:27:33','2020-07-30 20:27:33'),('1a2fb1f0-0545-4c43-b21c-0f4737322b12',10,1,0,'10a1d241-ac7b-435c-b87e-58fdecad9c23','6cf8adcd-029f-4bb0-a2ee-7083b17d78af',NULL,1,'2020-05-01 00:00:00','2020-07-30 20:27:32','2020-07-30 20:27:32'),('1f0766f6-263f-48e1-8d78-1806b3af4bc5',10,1,0,'10a1d241-ac7b-435c-b87e-58fdecad9c23','5b336e57-e24d-4538-ac41-0f6df19e8ecc',NULL,1,'2020-05-01 00:00:00','2020-07-30 20:27:33','2020-07-30 20:27:33'),('1f22e963-4f38-42ca-89ca-182118959088',10,1,0,'995bfdca-c325-4dc2-ad83-e82831187535','6cf8adcd-029f-4bb0-a2ee-7083b17d78af',NULL,1,'2020-05-01 00:00:00','2020-07-30 20:27:32','2020-07-30 20:27:32'),('2357845d-ad56-4ca9-8826-d02dd6fcfefe',10,1,0,'10a1d241-ac7b-435c-b87e-58fdecad9c23','b64b3799-dbb4-49e1-a33f-bfd327b76b9b',NULL,1,'2020-05-01 00:00:00','2020-07-30 20:27:33','2020-07-30 20:27:33'),('266a83f9-02cf-45ea-a1c0-1bf315c2cd3b',10,1,0,'10a1d241-ac7b-435c-b87e-58fdecad9c23','31945272-f36f-425d-8720-c039d3871a0b',NULL,1,'2020-05-01 00:00:00','2020-07-30 20:31:40','2020-07-30 20:31:40'),('28697cce-9b2e-4a2f-b1f7-daac45d6dd47',10,1,0,'10a1d241-ac7b-435c-b87e-58fdecad9c23','a210f0aa-507f-4c7c-9d69-f5ad8bb4790d',NULL,1,'2020-05-01 00:00:00','2020-07-30 20:27:32','2020-07-30 20:27:32'),('28e786e4-de96-41f6-89d1-abc7da522333',10,1,0,'10a1d241-ac7b-435c-b87e-58fdecad9c23','5f63308c-5139-471d-be8c-d3327f2acee0',NULL,1,'2020-05-01 00:00:00','2020-07-30 20:27:34','2020-07-30 20:27:34'),('2a9d085e-ba44-499a-ab55-bebea2c31108',10,1,0,'995bfdca-c325-4dc2-ad83-e82831187535','31945272-f36f-425d-8720-c039d3871a0b',NULL,1,'2020-05-01 00:00:00','2020-07-30 20:31:40','2020-07-30 20:31:40'),('2aea3458-6f15-45e7-a854-1dcfb3e407d8',10,1,0,'995bfdca-c325-4dc2-ad83-e82831187535','82b43737-c75e-4971-a239-6797536c1c86',NULL,1,'2020-05-01 00:00:00','2020-07-30 20:27:33','2020-07-30 20:27:33'),('2c22941e-9892-4303-a490-790c560ef0d0',10,5,0,'e5da0586-caf2-4534-b0a6-506399c4261f','41a795ee-0e46-48e6-9d01-1469f2baaa1d',NULL,1,'2020-05-01 00:00:00','2020-07-30 20:27:32','2020-07-30 20:27:32'),('2c9f7234-e95a-4b40-923d-0f2f465df0ff',10,1,0,'10a1d241-ac7b-435c-b87e-58fdecad9c23','65246ebc-d90b-4065-b492-9237f9e27918',NULL,1,'2020-05-01 00:00:00','2020-07-30 20:27:33','2020-07-30 20:27:33'),('2ecb6b54-db7f-4bd9-a940-f150e61036ea',10,1,0,'10a1d241-ac7b-435c-b87e-58fdecad9c23','cd9ffeb0-6f88-400b-992b-24ff19e3eb51',NULL,1,'2020-05-01 00:00:00','2020-07-30 20:27:33','2020-07-30 20:27:33'),('2efeaf10-b13f-4c4c-9c74-ff8d0c400050',10,1,0,'10a1d241-ac7b-435c-b87e-58fdecad9c23','e31b8dad-48b1-4076-9fe5-1c8fcd4804b7',NULL,1,'2020-05-01 00:00:00','2020-07-30 20:27:34','2020-07-30 20:27:34'),('3202ae1b-db3a-4a49-9ac5-2ae6e601403f',10,1,0,'10a1d241-ac7b-435c-b87e-58fdecad9c23','668b328e-1567-4284-8abb-e91d71dc9484',NULL,1,'2020-05-01 00:00:00','2020-07-30 20:27:34','2020-07-30 20:27:34'),('32d4b38a-ad6e-4c6d-ac0e-4e75ba098a41',10,1,0,'995bfdca-c325-4dc2-ad83-e82831187535','2bb2b087-2ff7-41e0-8951-ab5e68db3de6',NULL,1,'2020-05-01 00:00:00','2020-07-30 20:27:34','2020-07-30 20:27:34'),('34ba82d0-d591-40b6-a792-02b668d2f6cc',10,1,0,'10a1d241-ac7b-435c-b87e-58fdecad9c23','bed05e94-c2e9-4ad5-9ba0-b5406984db20',NULL,1,'2020-05-01 00:00:00','2020-07-30 20:27:32','2020-07-30 20:27:32'),('361393c2-5369-405d-b0f2-ee5b59b7cb6b',10,1,0,'995bfdca-c325-4dc2-ad83-e82831187535','e07a7105-1440-4c1a-b31b-ba05cee23d9f',NULL,1,'2020-05-01 00:00:00','2020-07-30 20:27:32','2020-07-30 20:27:32'),('37b320d2-2f88-4ada-8203-92139e74156e',10,1,0,'995bfdca-c325-4dc2-ad83-e82831187535','c4e3906e-867a-4a56-82d1-cabaf5b591ef',NULL,1,'2020-05-01 00:00:00','2020-07-30 20:27:32','2020-07-30 20:27:32'),('3888e8f9-c3e3-4b3c-a4d6-f3b56763ccc0',10,1,0,'995bfdca-c325-4dc2-ad83-e82831187535','707ffd79-0d49-401c-917c-44104b22fafe',NULL,1,'2020-05-01 00:00:00','2020-07-30 20:27:34','2020-07-30 20:27:34'),('38e7488b-7146-45db-b7ed-2cdb533265ce',10,1,0,'10a1d241-ac7b-435c-b87e-58fdecad9c23','2f7504dd-2469-4233-85c2-b95010cad14a',NULL,1,'2020-05-01 00:00:00','2020-07-30 20:27:33','2020-07-30 20:27:33'),('39cdd768-4a8b-44cd-bc5a-a6fc31ea7c7e',10,1,0,'995bfdca-c325-4dc2-ad83-e82831187535','3132a8f3-fdba-4abc-8bb2-d18f583ff9e0',NULL,1,'2020-05-01 00:00:00','2020-07-30 20:27:32','2020-07-30 20:27:32'),('3a64e6c3-447b-4486-9bd3-3820cf03e742',10,1,0,'995bfdca-c325-4dc2-ad83-e82831187535','9d0222f0-cf81-4b59-a400-da71af7659db',NULL,1,'2020-05-01 00:00:00','2020-07-30 20:27:34','2020-07-30 20:27:34'),('3b4b4201-f784-44b8-8ec9-4b8d65b0139c',10,1,0,'995bfdca-c325-4dc2-ad83-e82831187535','e31b8dad-48b1-4076-9fe5-1c8fcd4804b7',NULL,1,'2020-05-01 00:00:00','2020-07-30 20:27:34','2020-07-30 20:27:34'),('3b4f85d7-696d-43d1-ba97-5156c1149a46',10,1,0,'995bfdca-c325-4dc2-ad83-e82831187535','5f63308c-5139-471d-be8c-d3327f2acee0',NULL,1,'2020-05-01 00:00:00','2020-07-30 20:27:34','2020-07-30 20:27:34'),('3c5b3aab-9a34-4240-be2e-16e534efd98b',10,1,0,'995bfdca-c325-4dc2-ad83-e82831187535','b210180e-9558-4ca7-a5dc-4d34feee33fc',NULL,1,'2020-05-01 00:00:00','2020-07-30 20:27:32','2020-07-30 20:27:32'),('3cf8ad38-0723-4a05-96e5-b9cb1dcee293',10,1,0,'10a1d241-ac7b-435c-b87e-58fdecad9c23','c4e3906e-867a-4a56-82d1-cabaf5b591ef',NULL,1,'2020-05-01 00:00:00','2020-07-30 20:27:32','2020-07-30 20:27:32'),('3d3f1d4a-80e1-424e-9ad1-6680b4eb3314',10,1,0,'995bfdca-c325-4dc2-ad83-e82831187535','65246ebc-d90b-4065-b492-9237f9e27918',NULL,1,'2020-05-01 00:00:00','2020-07-30 20:27:33','2020-07-30 20:27:33'),('3db524e2-05fd-4a63-b482-ea4060d64829',10,1,0,'995bfdca-c325-4dc2-ad83-e82831187535','c93b6aad-0af7-4d79-945d-465d89873302',NULL,1,'2020-05-01 00:00:00','2020-07-30 20:27:34','2020-07-30 20:27:34'),('3e2e4038-6b75-40e5-af6a-64bef814ee3c',10,1,0,'995bfdca-c325-4dc2-ad83-e82831187535','458e2acd-3fb5-40a8-a3e2-afe73d1820b2',NULL,1,'2020-05-01 00:00:00','2020-07-30 20:27:32','2020-07-30 20:27:32'),('3f072b0a-673d-45f1-97d7-ccea86f95580',10,1,0,'10a1d241-ac7b-435c-b87e-58fdecad9c23','37fd3ed4-c671-40f4-8db1-ad5393b2154d',NULL,1,'2020-05-01 00:00:00','2020-07-30 20:27:34','2020-07-30 20:27:34'),('3fa5f317-026e-4744-b736-7c1307f01f00',10,1,0,'995bfdca-c325-4dc2-ad83-e82831187535','6ad1450f-2a6a-4421-aa32-202dcc1c66b4',NULL,1,'2020-05-01 00:00:00','2020-07-30 20:27:33','2020-07-30 20:27:33'),('410c3ede-55a1-4e8a-b047-dd0248154d1c',10,1,0,'10a1d241-ac7b-435c-b87e-58fdecad9c23','4a4af2ad-3dc4-44a8-9673-157093037115',NULL,1,'2020-05-01 00:00:00','2020-07-30 20:27:33','2020-07-30 20:27:33'),('4161c4a7-4dc8-4d6e-89ad-9bc539bf923a',10,1,0,'995bfdca-c325-4dc2-ad83-e82831187535','00ee2a6d-369d-4427-8f7a-fdc5ae133b82',NULL,1,'2020-05-01 00:00:00','2020-07-30 20:27:32','2020-07-30 20:27:32'),('4211cf25-5fc5-4a4e-a38e-f51374ae5e0f',10,1,0,'10a1d241-ac7b-435c-b87e-58fdecad9c23','2bb2b087-2ff7-41e0-8951-ab5e68db3de6',NULL,1,'2020-05-01 00:00:00','2020-07-30 20:27:34','2020-07-30 20:27:34'),('43790cb2-b7e6-4752-8150-5d363467b338',10,1,0,'10a1d241-ac7b-435c-b87e-58fdecad9c23','0be3926f-1641-4742-a7d4-270cf10b5458',NULL,1,'2020-05-01 00:00:00','2020-07-30 20:27:34','2020-07-30 20:27:34'),('4448c44b-131d-4135-b0d4-4dd14be399a6',10,1,0,'10a1d241-ac7b-435c-b87e-58fdecad9c23','707ffd79-0d49-401c-917c-44104b22fafe',NULL,1,'2020-05-01 00:00:00','2020-07-30 20:27:34','2020-07-30 20:27:34'),('49895b82-2019-4797-bc4f-ce88345884a3',10,1,0,'995bfdca-c325-4dc2-ad83-e82831187535','e7beadd9-0f26-4c55-9e4f-67e80892ff6c',NULL,1,'2020-05-01 00:00:00','2020-07-30 20:27:32','2020-07-30 20:27:32'),('4ebdaf49-837e-4dab-ac50-285d0e6e7a8c',10,5,0,'10a1d241-ac7b-435c-b87e-58fdecad9c23','93187c2a-2c0d-4c3f-9c82-6119c6b0544a',NULL,1,'2020-05-01 00:00:00','2020-07-30 20:32:20','2020-07-30 20:32:20'),('4f06e1fe-b439-425a-a13c-9c3ef7e5713b',10,1,0,'10a1d241-ac7b-435c-b87e-58fdecad9c23','7156178a-f268-4590-a74b-51d33196b811',NULL,1,'2020-05-01 00:00:00','2020-07-30 20:27:33','2020-07-30 20:27:33'),('4f29e874-64da-46a0-8c9b-6e5394c1801d',10,1,0,'10a1d241-ac7b-435c-b87e-58fdecad9c23','59aafb51-b45c-4838-ab79-fc295f307dc4',NULL,1,'2020-05-01 00:00:00','2020-07-30 20:27:33','2020-07-30 20:27:33'),('4f3924a5-fb93-4706-b6d8-51065e101938',10,1,0,'10a1d241-ac7b-435c-b87e-58fdecad9c23','6283a7b4-cbf0-4e52-9e8c-468229e4f76f',NULL,1,'2020-05-01 00:00:00','2020-07-30 20:27:33','2020-07-30 20:27:33'),('505e0f21-95e4-48b7-bc88-034815b3d3ae',10,1,0,'10a1d241-ac7b-435c-b87e-58fdecad9c23','c45ce81a-737d-4b1f-8dbc-86d1eefae641',NULL,1,'2020-05-01 00:00:00','2020-07-30 20:27:33','2020-07-30 20:27:33'),('51b55860-89db-452a-a6de-5bb830a486c8',10,1,0,'10a1d241-ac7b-435c-b87e-58fdecad9c23','66a4fa9c-8c82-43ec-b461-05fd6d8b3297',NULL,1,'2020-05-01 00:00:00','2020-07-30 20:27:32','2020-07-30 20:27:32'),('52420b09-f904-4903-b3ff-741f8bec7e95',10,1,0,'10a1d241-ac7b-435c-b87e-58fdecad9c23','e07a7105-1440-4c1a-b31b-ba05cee23d9f',NULL,1,'2020-05-01 00:00:00','2020-07-30 20:27:32','2020-07-30 20:27:32'),('571add1d-5ed3-4e59-9b27-9546a5a61236',10,1,0,'10a1d241-ac7b-435c-b87e-58fdecad9c23','dfe16b36-e9f4-405b-a4cb-8a96e4ebebca',NULL,1,'2020-05-01 00:00:00','2020-07-30 20:27:33','2020-07-30 20:27:33'),('57c4af54-4543-4964-93c2-28b6c5e684f7',10,1,0,'995bfdca-c325-4dc2-ad83-e82831187535','cd9ffeb0-6f88-400b-992b-24ff19e3eb51',NULL,1,'2020-05-01 00:00:00','2020-07-30 20:27:33','2020-07-30 20:27:33'),('59d48f70-ce96-4474-a9d1-97ecd9b83ace',10,1,0,'10a1d241-ac7b-435c-b87e-58fdecad9c23','9d0222f0-cf81-4b59-a400-da71af7659db',NULL,1,'2020-05-01 00:00:00','2020-07-30 20:27:34','2020-07-30 20:27:34'),('5a3d10a6-5617-446d-a693-55554b6f355c',10,1,0,'995bfdca-c325-4dc2-ad83-e82831187535','07db5560-014f-4faa-9ed9-ab0092b5e2bf',NULL,1,'2020-05-01 00:00:00','2020-07-30 20:27:33','2020-07-30 20:27:33'),('5aa34d57-0e5d-43a3-b841-206acd04f5ce',10,1,0,'995bfdca-c325-4dc2-ad83-e82831187535','2f7504dd-2469-4233-85c2-b95010cad14a',NULL,1,'2020-05-01 00:00:00','2020-07-30 20:27:33','2020-07-30 20:27:33'),('5d35c92c-7db9-4dbd-99d9-fc42a83f52a0',10,1,0,'10a1d241-ac7b-435c-b87e-58fdecad9c23','b382c3f0-a257-4a11-bfcf-12e2e71efc16',NULL,1,'2020-05-01 00:00:00','2020-07-30 20:27:34','2020-07-30 20:27:34'),('5d85324b-2e11-4fbf-92d3-a1c6f84a055c',10,1,0,'10a1d241-ac7b-435c-b87e-58fdecad9c23','c0369f28-a313-48cb-866c-81b51179ca14',NULL,1,'2020-05-01 00:00:00','2020-07-30 20:27:32','2020-07-30 20:27:32'),('612e45f4-d007-4791-84b4-d7e61b8f13e7',10,1,0,'995bfdca-c325-4dc2-ad83-e82831187535','4e5bcfc9-0f0e-4128-8189-cecb4b4bcab4',NULL,1,'2020-05-01 00:00:00','2020-07-30 20:27:33','2020-07-30 20:27:33'),('62019aa7-f5e0-4a9c-84ea-f2693587997a',10,1,0,'995bfdca-c325-4dc2-ad83-e82831187535','3aa6d44f-a05b-45ef-a7a3-815db4001d24',NULL,1,'2020-05-01 00:00:00','2020-07-30 20:27:32','2020-07-30 20:27:32'),('62bc3bba-ebb0-492d-8e88-47e5a0b6256b',10,1,0,'995bfdca-c325-4dc2-ad83-e82831187535','5b336e57-e24d-4538-ac41-0f6df19e8ecc',NULL,1,'2020-05-01 00:00:00','2020-07-30 20:27:33','2020-07-30 20:27:33'),('63e740b6-2f02-467d-98ab-0f69e040f338',10,1,0,'995bfdca-c325-4dc2-ad83-e82831187535','6aa75fb8-f595-49e8-919e-3a655ab41614',NULL,1,'2020-05-01 00:00:00','2020-07-30 20:27:34','2020-07-30 20:27:34'),('641952d8-b13b-4ab3-bbd9-dd0d08e8ece6',10,1,0,'10a1d241-ac7b-435c-b87e-58fdecad9c23','07db5560-014f-4faa-9ed9-ab0092b5e2bf',NULL,1,'2020-05-01 00:00:00','2020-07-30 20:27:33','2020-07-30 20:27:33'),('648b0ae6-18ff-474f-b352-b5c84b43e6d7',10,1,0,'995bfdca-c325-4dc2-ad83-e82831187535','6ca99d79-558d-49c1-b058-aff28f428e70',NULL,1,'2020-05-01 00:00:00','2020-07-30 20:31:40','2020-07-30 20:31:40'),('6627c6d0-edf6-4884-a94f-eafb22d363c5',10,1,0,'995bfdca-c325-4dc2-ad83-e82831187535','c0369f28-a313-48cb-866c-81b51179ca14',NULL,1,'2020-05-01 00:00:00','2020-07-30 20:27:32','2020-07-30 20:27:32'),('66ee4671-ed66-4f9a-80bf-33324ebbd5d6',10,1,0,'995bfdca-c325-4dc2-ad83-e82831187535','59aafb51-b45c-4838-ab79-fc295f307dc4',NULL,1,'2020-05-01 00:00:00','2020-07-30 20:27:33','2020-07-30 20:27:33'),('6b5fd300-abf8-40e2-80b8-189dbe505ea3',10,1,0,'995bfdca-c325-4dc2-ad83-e82831187535','f06b8b90-e902-4331-af10-7c2794d4d50b',NULL,1,'2020-05-01 00:00:00','2020-07-30 20:27:34','2020-07-30 20:27:34'),('6f1be4d7-6521-4585-a915-a18e1ed3585f',10,1,0,'995bfdca-c325-4dc2-ad83-e82831187535','e7eb568d-ba84-4cf2-a7f1-2eda8efff5b4',NULL,1,'2020-05-01 00:00:00','2020-07-30 20:27:32','2020-07-30 20:27:32'),('6f9dfc75-9125-49e8-9e30-d78bc53136ee',10,1,0,'10a1d241-ac7b-435c-b87e-58fdecad9c23','4a928092-3acc-4c43-ab5a-1b33947999bc',NULL,1,'2020-05-01 00:00:00','2020-07-30 20:27:34','2020-07-30 20:27:34'),('71285d4a-f2ce-47f4-991f-9ff08668cc73',10,1,0,'995bfdca-c325-4dc2-ad83-e82831187535','d5558627-9c68-4ee0-8431-c4356377dae7',NULL,1,'2020-05-01 00:00:00','2020-07-30 20:27:32','2020-07-30 20:27:32'),('734d6b10-1e0c-4af8-b668-bcf078edcf96',10,1,0,'995bfdca-c325-4dc2-ad83-e82831187535','dfe16b36-e9f4-405b-a4cb-8a96e4ebebca',NULL,1,'2020-05-01 00:00:00','2020-07-30 20:27:33','2020-07-30 20:27:33'),('74bd803e-690a-4065-b24b-e282036aac48',10,1,0,'10a1d241-ac7b-435c-b87e-58fdecad9c23','82b43737-c75e-4971-a239-6797536c1c86',NULL,1,'2020-05-01 00:00:00','2020-07-30 20:27:33','2020-07-30 20:27:33'),('78ab58cf-bf7f-4027-812f-49404cf05faa',10,1,0,'10a1d241-ac7b-435c-b87e-58fdecad9c23','6ca99d79-558d-49c1-b058-aff28f428e70',NULL,1,'2020-05-01 00:00:00','2020-07-30 20:31:40','2020-07-30 20:31:40'),('7ba9d500-4dc9-4014-88b5-a9b6fe5d888e',10,1,0,'995bfdca-c325-4dc2-ad83-e82831187535','8ede0732-5ede-440b-9eba-54872bb6fb4b',NULL,1,'2020-05-01 00:00:00','2020-07-30 20:27:34','2020-07-30 20:27:34'),('7c2540e5-4cb0-456a-ad35-af19ab0abd94',10,1,0,'10a1d241-ac7b-435c-b87e-58fdecad9c23','6c8364e7-0a68-4d68-ab46-ed3837ec68c2',NULL,1,'2020-05-01 00:00:00','2020-07-30 20:27:33','2020-07-30 20:27:33'),('7c7cb172-4239-4eb8-98ae-f7d14ae477f1',10,1,0,'995bfdca-c325-4dc2-ad83-e82831187535','ae0f7a64-5aca-42a7-9e1f-26d3afa2d120',NULL,1,'2020-05-01 00:00:00','2020-07-30 20:27:34','2020-07-30 20:27:34'),('7e3f8ebd-310f-4053-a0ac-9c2504353780',10,1,0,'995bfdca-c325-4dc2-ad83-e82831187535','916e7be7-4bbb-4d07-bb35-c932f9f70651',NULL,1,'2020-05-01 00:00:00','2020-07-30 20:27:32','2020-07-30 20:27:32'),('7f0876c6-b913-4ea6-a3d1-5b64ea05bf5d',10,1,0,'995bfdca-c325-4dc2-ad83-e82831187535','3f5d93fd-d45d-4553-b4b2-f9e4ef4f3ef1',NULL,1,'2020-05-01 00:00:00','2020-07-30 20:27:32','2020-07-30 20:27:32'),('801ef2b7-4ced-410b-8e28-2f9b3d53e5ab',10,5,0,'2c10bd63-725d-4d75-abe0-1e00bf2c6000','41a795ee-0e46-48e6-9d01-1469f2baaa1d',NULL,1,'2020-05-01 00:00:00','2020-07-30 20:27:32','2020-07-30 20:27:32'),('818e30b5-651b-4f36-a81b-a9ea57a27262',10,1,0,'10a1d241-ac7b-435c-b87e-58fdecad9c23','af924add-cb27-4e2a-b70e-fae3d41c19e3',NULL,1,'2020-05-01 00:00:00','2020-07-30 20:27:33','2020-07-30 20:27:33'),('8782fa5c-386d-46f2-a7b0-559bd1620cfb',10,1,0,'995bfdca-c325-4dc2-ad83-e82831187535','6283a7b4-cbf0-4e52-9e8c-468229e4f76f',NULL,1,'2020-05-01 00:00:00','2020-07-30 20:27:33','2020-07-30 20:27:33'),('8ae88d73-67f4-4404-b491-77d94ad01c31',10,1,0,'995bfdca-c325-4dc2-ad83-e82831187535','b64b3799-dbb4-49e1-a33f-bfd327b76b9b',NULL,1,'2020-05-01 00:00:00','2020-07-30 20:27:33','2020-07-30 20:27:33'),('8d16a2cd-ad81-4c19-8af6-33e3b8e9c61d',10,1,0,'10a1d241-ac7b-435c-b87e-58fdecad9c23','e7beadd9-0f26-4c55-9e4f-67e80892ff6c',NULL,1,'2020-05-01 00:00:00','2020-07-30 20:27:32','2020-07-30 20:27:32'),('8f4718a1-760b-4fba-98c0-c4db13486d0a',10,1,0,'995bfdca-c325-4dc2-ad83-e82831187535','e4d7cf58-d3fc-47fa-b7c4-6b9049920a35',NULL,1,'2020-05-01 00:00:00','2020-07-30 20:27:33','2020-07-30 20:27:33'),('9046c5b3-9df0-488c-9e01-db8db642037f',10,1,0,'995bfdca-c325-4dc2-ad83-e82831187535','0be3926f-1641-4742-a7d4-270cf10b5458',NULL,1,'2020-05-01 00:00:00','2020-07-30 20:27:34','2020-07-30 20:27:34'),('9079781b-1749-4128-802d-7308d4fb1cfd',10,1,0,'995bfdca-c325-4dc2-ad83-e82831187535','5dcd6046-3cf2-4214-a8cf-bc61fa441699',NULL,1,'2020-05-01 00:00:00','2020-07-30 20:27:32','2020-07-30 20:27:32'),('90bf2986-52de-4706-ad06-18b65065254c',10,1,0,'995bfdca-c325-4dc2-ad83-e82831187535','2d0faa8d-39f2-42b7-a450-f78118e6c5aa',NULL,1,'2020-05-01 00:00:00','2020-07-30 20:27:33','2020-07-30 20:27:33'),('989a60dd-08aa-4a70-840f-5b5f16d83a9b',10,1,0,'995bfdca-c325-4dc2-ad83-e82831187535','4a928092-3acc-4c43-ab5a-1b33947999bc',NULL,1,'2020-05-01 00:00:00','2020-07-30 20:27:34','2020-07-30 20:27:34'),('98de0b4d-3a3d-428c-ba42-7782bcd5cdda',10,1,0,'10a1d241-ac7b-435c-b87e-58fdecad9c23','458e2acd-3fb5-40a8-a3e2-afe73d1820b2',NULL,1,'2020-05-01 00:00:00','2020-07-30 20:27:32','2020-07-30 20:27:32'),('999d0cae-f785-44d5-8978-3d062375e3fa',10,1,0,'995bfdca-c325-4dc2-ad83-e82831187535','e9bc63c5-be0d-4fc6-a8e5-099f94fbb156',NULL,1,'2020-05-01 00:00:00','2020-07-30 20:27:33','2020-07-30 20:27:33'),('99bcd280-f341-410f-b3d8-84ff4385f3a8',10,1,0,'995bfdca-c325-4dc2-ad83-e82831187535','52d2aeba-8428-4135-a505-1e2edb19a468',NULL,1,'2020-05-01 00:00:00','2020-07-30 20:27:32','2020-07-30 20:27:32'),('9a77eb03-f770-4469-b265-01ae37a7514e',10,1,0,'10a1d241-ac7b-435c-b87e-58fdecad9c23','916e7be7-4bbb-4d07-bb35-c932f9f70651',NULL,1,'2020-05-01 00:00:00','2020-07-30 20:27:32','2020-07-30 20:27:32'),('9fc95ec9-ce5c-4585-b1a3-866e3f03e9cd',10,1,0,'995bfdca-c325-4dc2-ad83-e82831187535','e1201a30-a502-4956-9893-16d9f063c043',NULL,1,'2020-05-01 00:00:00','2020-07-30 20:27:32','2020-07-30 20:27:32'),('9fcd0054-91db-487d-b30c-955116e1edb3',10,1,0,'995bfdca-c325-4dc2-ad83-e82831187535','b40f0210-027e-40e1-b7bf-90c81823654f',NULL,1,'2020-05-01 00:00:00','2020-07-30 20:27:33','2020-07-30 20:27:33'),('a01e4ca4-77a8-4ec1-8f3a-665bdd2bd058',10,1,0,'995bfdca-c325-4dc2-ad83-e82831187535','c173f697-b444-4bd2-baa3-3e6b49d57cb0',NULL,1,'2020-05-01 00:00:00','2020-07-30 20:27:34','2020-07-30 20:27:34'),('a1f195b8-bedd-4659-bbc4-61468bd050ca',10,1,0,'995bfdca-c325-4dc2-ad83-e82831187535','66a4fa9c-8c82-43ec-b461-05fd6d8b3297',NULL,1,'2020-05-01 00:00:00','2020-07-30 20:27:32','2020-07-30 20:27:32'),('a2488774-f601-4338-aa70-bb5d3b5368ec',10,1,0,'10a1d241-ac7b-435c-b87e-58fdecad9c23','f06b8b90-e902-4331-af10-7c2794d4d50b',NULL,1,'2020-05-01 00:00:00','2020-07-30 20:27:34','2020-07-30 20:27:34'),('a34f6514-9679-4291-bd19-800ace94d37a',10,1,0,'995bfdca-c325-4dc2-ad83-e82831187535','b382c3f0-a257-4a11-bfcf-12e2e71efc16',NULL,1,'2020-05-01 00:00:00','2020-07-30 20:27:34','2020-07-30 20:27:34'),('a38a694a-de49-4f19-ac4b-6aaf48cf5cfb',10,1,0,'995bfdca-c325-4dc2-ad83-e82831187535','a210f0aa-507f-4c7c-9d69-f5ad8bb4790d',NULL,1,'2020-05-01 00:00:00','2020-07-30 20:27:32','2020-07-30 20:27:32'),('a3a5d027-b254-4a0e-ae54-e36cbab7723f',10,1,0,'10a1d241-ac7b-435c-b87e-58fdecad9c23','e7eb568d-ba84-4cf2-a7f1-2eda8efff5b4',NULL,1,'2020-05-01 00:00:00','2020-07-30 20:27:32','2020-07-30 20:27:32'),('a72b702a-a67c-4afa-ac80-41bd947080d7',10,1,0,'995bfdca-c325-4dc2-ad83-e82831187535','af924add-cb27-4e2a-b70e-fae3d41c19e3',NULL,1,'2020-05-01 00:00:00','2020-07-30 20:27:33','2020-07-30 20:27:33'),('aa379952-f5a6-440c-b8dc-fbf623de2c2c',10,1,0,'10a1d241-ac7b-435c-b87e-58fdecad9c23','3f5d93fd-d45d-4553-b4b2-f9e4ef4f3ef1',NULL,1,'2020-05-01 00:00:00','2020-07-30 20:27:32','2020-07-30 20:27:32'),('aac7c588-3552-4501-b69a-2acfa0fb564a',10,1,0,'995bfdca-c325-4dc2-ad83-e82831187535','bed05e94-c2e9-4ad5-9ba0-b5406984db20',NULL,1,'2020-05-01 00:00:00','2020-07-30 20:27:32','2020-07-30 20:27:32'),('aacb5589-33b1-4604-9e8b-684413429551',10,1,0,'10a1d241-ac7b-435c-b87e-58fdecad9c23','01fe601c-a323-41c7-a552-49acc2f363cb',NULL,1,'2020-05-01 00:00:00','2020-07-30 20:27:33','2020-07-30 20:27:33'),('ac2c32b8-a0ab-473d-a619-dbc18fd1c67d',10,1,0,'10a1d241-ac7b-435c-b87e-58fdecad9c23','6ad1450f-2a6a-4421-aa32-202dcc1c66b4',NULL,1,'2020-05-01 00:00:00','2020-07-30 20:27:33','2020-07-30 20:27:33'),('ac83f0ad-f7e8-4567-bcba-9dfcda16c026',10,1,0,'10a1d241-ac7b-435c-b87e-58fdecad9c23','52d2aeba-8428-4135-a505-1e2edb19a468',NULL,1,'2020-05-01 00:00:00','2020-07-30 20:27:32','2020-07-30 20:27:32'),('ad77f915-03c7-4049-ac97-949069de2c36',10,5,0,'995bfdca-c325-4dc2-ad83-e82831187535','93187c2a-2c0d-4c3f-9c82-6119c6b0544a',NULL,1,'2020-05-01 00:00:00','2020-07-30 20:32:20','2020-07-30 20:32:20'),('b03b3df0-2074-4509-9d6e-5f12adbf92ca',10,1,0,'10a1d241-ac7b-435c-b87e-58fdecad9c23','ae0f7a64-5aca-42a7-9e1f-26d3afa2d120',NULL,1,'2020-05-01 00:00:00','2020-07-30 20:27:34','2020-07-30 20:27:34'),('b0be6283-6507-4a86-b879-53b0965dc74a',10,1,0,'10a1d241-ac7b-435c-b87e-58fdecad9c23','e0d7a9c9-3bb5-4a3f-b3dd-ee3a15b58c93',NULL,1,'2020-05-01 00:00:00','2020-07-30 20:27:32','2020-07-30 20:27:32'),('b336c780-3a9b-41ca-9df0-f9b023496d83',10,1,0,'10a1d241-ac7b-435c-b87e-58fdecad9c23','b210180e-9558-4ca7-a5dc-4d34feee33fc',NULL,1,'2020-05-01 00:00:00','2020-07-30 20:27:32','2020-07-30 20:27:32'),('b49f7cc9-f8ec-4bca-8bd9-71fe60f9b990',10,1,0,'10a1d241-ac7b-435c-b87e-58fdecad9c23','51664977-b398-4e81-9c3a-5f53e18218d6',NULL,1,'2020-05-01 00:00:00','2020-07-30 20:27:33','2020-07-30 20:27:33'),('bdc65779-29da-45ca-9bd1-63e4c3b72f6a',10,1,0,'10a1d241-ac7b-435c-b87e-58fdecad9c23','a27fd039-9ded-4ca2-93e7-6409324d4194',NULL,1,'2020-05-01 00:00:00','2020-07-30 20:27:34','2020-07-30 20:27:34'),('bf613e7f-6497-4c4c-94d1-88269b9ffe12',10,1,0,'10a1d241-ac7b-435c-b87e-58fdecad9c23','634861ca-3e9e-4a8b-85b1-572f086cde5d',NULL,1,'2020-05-01 00:00:00','2020-07-30 20:27:33','2020-07-30 20:27:33'),('bfe8f549-f087-4c7d-8c78-8e3271dd0e77',10,1,0,'10a1d241-ac7b-435c-b87e-58fdecad9c23','ebc404fe-996c-42a8-9011-382eb4a6730a',NULL,1,'2020-05-01 00:00:00','2020-07-30 20:27:34','2020-07-30 20:27:34'),('c17e1cf4-b3e9-4798-8164-d19bdc1fab3d',10,1,0,'995bfdca-c325-4dc2-ad83-e82831187535','639c192d-6a6c-4da0-b130-671a36372e80',NULL,1,'2020-05-01 00:00:00','2020-07-30 20:27:34','2020-07-30 20:27:34'),('c24bbdfe-614f-415f-8c3b-852d5cb1595d',10,1,0,'10a1d241-ac7b-435c-b87e-58fdecad9c23','d5558627-9c68-4ee0-8431-c4356377dae7',NULL,1,'2020-05-01 00:00:00','2020-07-30 20:27:32','2020-07-30 20:27:32'),('c2a6810a-0967-4c5c-93e5-5e01f020d89a',10,1,0,'10a1d241-ac7b-435c-b87e-58fdecad9c23','348a4962-a099-438c-a063-b37f6a4527e4',NULL,1,'2020-05-01 00:00:00','2020-07-30 20:27:34','2020-07-30 20:27:34'),('c35fb017-d4e0-4500-ac3e-2225504d0c21',10,1,0,'10a1d241-ac7b-435c-b87e-58fdecad9c23','2d0faa8d-39f2-42b7-a450-f78118e6c5aa',NULL,1,'2020-05-01 00:00:00','2020-07-30 20:27:33','2020-07-30 20:27:33'),('c41df7c7-b203-490f-b7b1-dceb08c7a77f',10,1,0,'995bfdca-c325-4dc2-ad83-e82831187535','81539421-5862-465d-a424-4bf6c493c7a8',NULL,1,'2020-05-01 00:00:00','2020-07-30 20:27:32','2020-07-30 20:27:32'),('c527a975-64bf-4388-8cab-2578f3e06f69',10,1,0,'10a1d241-ac7b-435c-b87e-58fdecad9c23','0d7f7712-efb9-4cdb-9daf-96488d8bfb28',NULL,1,'2020-05-01 00:00:00','2020-07-30 20:27:33','2020-07-30 20:27:33'),('c8fae008-5745-48c9-9cb1-57cb09b5d28d',10,1,0,'10a1d241-ac7b-435c-b87e-58fdecad9c23','e9bc63c5-be0d-4fc6-a8e5-099f94fbb156',NULL,1,'2020-05-01 00:00:00','2020-07-30 20:27:33','2020-07-30 20:27:33'),('ca815fc3-6454-4718-a58a-f7ff1a9a4ba1',10,1,0,'995bfdca-c325-4dc2-ad83-e82831187535','0d7f7712-efb9-4cdb-9daf-96488d8bfb28',NULL,1,'2020-05-01 00:00:00','2020-07-30 20:27:33','2020-07-30 20:27:33'),('ca9b694f-52b7-42b2-b7d4-06d91864084a',10,1,0,'995bfdca-c325-4dc2-ad83-e82831187535','348a4962-a099-438c-a063-b37f6a4527e4',NULL,1,'2020-05-01 00:00:00','2020-07-30 20:27:34','2020-07-30 20:27:34'),('cb8f6ae5-67c2-4de0-82d2-efc1b8f6781b',10,1,0,'10a1d241-ac7b-435c-b87e-58fdecad9c23','00ee2a6d-369d-4427-8f7a-fdc5ae133b82',NULL,1,'2020-05-01 00:00:00','2020-07-30 20:27:32','2020-07-30 20:27:32'),('cf57d941-e238-4af7-b7c3-64f5d50254b4',10,1,0,'995bfdca-c325-4dc2-ad83-e82831187535','01fe601c-a323-41c7-a552-49acc2f363cb',NULL,1,'2020-05-01 00:00:00','2020-07-30 20:27:33','2020-07-30 20:27:33'),('d0a1da0f-c9a6-488e-9694-74ca2c3b7cb9',10,1,0,'10a1d241-ac7b-435c-b87e-58fdecad9c23','3132a8f3-fdba-4abc-8bb2-d18f583ff9e0',NULL,1,'2020-05-01 00:00:00','2020-07-30 20:27:32','2020-07-30 20:27:32'),('d0f10d67-8dc6-487c-b8d9-b17ef673d855',10,1,0,'995bfdca-c325-4dc2-ad83-e82831187535','c45ce81a-737d-4b1f-8dbc-86d1eefae641',NULL,1,'2020-05-01 00:00:00','2020-07-30 20:27:33','2020-07-30 20:27:33'),('d565412c-44e8-4c8c-8ba8-38750473e896',10,1,0,'10a1d241-ac7b-435c-b87e-58fdecad9c23','6aa75fb8-f595-49e8-919e-3a655ab41614',NULL,1,'2020-05-01 00:00:00','2020-07-30 20:27:34','2020-07-30 20:27:34'),('d9077840-44ad-4b66-a45e-00ebc7c09bfd',10,1,0,'995bfdca-c325-4dc2-ad83-e82831187535','6c8364e7-0a68-4d68-ab46-ed3837ec68c2',NULL,1,'2020-05-01 00:00:00','2020-07-30 20:27:33','2020-07-30 20:27:33'),('dbefae51-57bf-4a69-ab46-8a12cfa73b61',10,1,0,'995bfdca-c325-4dc2-ad83-e82831187535','37fd3ed4-c671-40f4-8db1-ad5393b2154d',NULL,1,'2020-05-01 00:00:00','2020-07-30 20:27:34','2020-07-30 20:27:34'),('de8bc2ad-8fea-4ce0-9526-e7ae1085bd46',10,1,0,'10a1d241-ac7b-435c-b87e-58fdecad9c23','a5a8ce29-7e35-4743-bd37-af65c3c69a39',NULL,1,'2020-05-01 00:00:00','2020-07-30 20:27:33','2020-07-30 20:27:33'),('def51cf7-8d56-45eb-a0fc-f623a559d407',10,1,0,'995bfdca-c325-4dc2-ad83-e82831187535','3869597d-8e42-467c-805b-3625934c4817',NULL,1,'2020-05-01 00:00:00','2020-07-30 20:27:33','2020-07-30 20:27:33'),('e389c654-520b-4d81-9a91-7d580c0947ac',10,1,0,'995bfdca-c325-4dc2-ad83-e82831187535','e0d7a9c9-3bb5-4a3f-b3dd-ee3a15b58c93',NULL,1,'2020-05-01 00:00:00','2020-07-30 20:27:32','2020-07-30 20:27:32'),('e5d8501e-7c60-4c67-8282-7a32a6481ce2',10,1,0,'995bfdca-c325-4dc2-ad83-e82831187535','4a4af2ad-3dc4-44a8-9673-157093037115',NULL,1,'2020-05-01 00:00:00','2020-07-30 20:27:33','2020-07-30 20:27:33'),('ea0f58fe-30f6-47d7-a979-d14b2cf8a1be',10,1,0,'995bfdca-c325-4dc2-ad83-e82831187535','ebc404fe-996c-42a8-9011-382eb4a6730a',NULL,1,'2020-05-01 00:00:00','2020-07-30 20:27:34','2020-07-30 20:27:34'),('ea8ee59f-11c1-4926-b627-fadc4fab881e',10,1,0,'995bfdca-c325-4dc2-ad83-e82831187535','51664977-b398-4e81-9c3a-5f53e18218d6',NULL,1,'2020-05-01 00:00:00','2020-07-30 20:27:33','2020-07-30 20:27:33'),('eca3a2e7-e9f0-4beb-9c8b-d5769aadb8c1',10,1,0,'10a1d241-ac7b-435c-b87e-58fdecad9c23','81539421-5862-465d-a424-4bf6c493c7a8',NULL,1,'2020-05-01 00:00:00','2020-07-30 20:27:32','2020-07-30 20:27:32'),('ef03c3c0-a355-41a2-b038-feb892c5a15b',10,1,0,'10a1d241-ac7b-435c-b87e-58fdecad9c23','753b6d72-211b-42bd-96a0-b2f64dc1029e',NULL,1,'2020-05-01 00:00:00','2020-07-30 20:27:32','2020-07-30 20:27:32'),('f0aa2e4d-9f20-45d6-a7f3-a7411e221994',10,1,0,'10a1d241-ac7b-435c-b87e-58fdecad9c23','3869597d-8e42-467c-805b-3625934c4817',NULL,1,'2020-05-01 00:00:00','2020-07-30 20:27:33','2020-07-30 20:27:33'),('f2b6bf00-545a-4a2c-b557-7ceff9465726',10,1,0,'10a1d241-ac7b-435c-b87e-58fdecad9c23','c93b6aad-0af7-4d79-945d-465d89873302',NULL,1,'2020-05-01 00:00:00','2020-07-30 20:27:34','2020-07-30 20:27:34'),('f3acd810-d354-4a65-aa01-17d86d75a4ab',10,1,0,'10a1d241-ac7b-435c-b87e-58fdecad9c23','e4d7cf58-d3fc-47fa-b7c4-6b9049920a35',NULL,1,'2020-05-01 00:00:00','2020-07-30 20:27:33','2020-07-30 20:27:33'),('f55237f3-92c3-49f2-9034-22fb999cec26',10,1,0,'995bfdca-c325-4dc2-ad83-e82831187535','a5a8ce29-7e35-4743-bd37-af65c3c69a39',NULL,1,'2020-05-01 00:00:00','2020-07-30 20:27:33','2020-07-30 20:27:33'),('f79924b9-aa5b-49cd-9757-66b08b2ceb3f',10,1,0,'995bfdca-c325-4dc2-ad83-e82831187535','7156178a-f268-4590-a74b-51d33196b811',NULL,1,'2020-05-01 00:00:00','2020-07-30 20:27:33','2020-07-30 20:27:33'),('fadf3f8e-cd0f-44a0-bf1d-52bcddfa15c8',10,1,0,'10a1d241-ac7b-435c-b87e-58fdecad9c23','639c192d-6a6c-4da0-b130-671a36372e80',NULL,1,'2020-05-01 00:00:00','2020-07-30 20:27:34','2020-07-30 20:27:34'),('fc8f8ac6-5510-48e2-ba1c-c852831e5383',10,1,0,'10a1d241-ac7b-435c-b87e-58fdecad9c23','c173f697-b444-4bd2-baa3-3e6b49d57cb0',NULL,1,'2020-05-01 00:00:00','2020-07-30 20:27:34','2020-07-30 20:27:34');
/*!40000 ALTER TABLE `nativeTmplConf` ENABLE KEYS */;
UNLOCK TABLES;

--
-- Table structure for table `nativeTmplConfGroup`
--

DROP TABLE IF EXISTS `nativeTmplConfGroup`;
/*!40101 SET @saved_cs_client     = @@character_set_client */;
/*!40101 SET character_set_client = utf8 */;
CREATE TABLE `nativeTmplConfGroup` (
  `id` char(36) NOT NULL,
  `name` varchar(20) NOT NULL,
  `description` varchar(50) NOT NULL,
  `productId` char(36) NOT NULL,
  `creatorId` char(36) DEFAULT NULL,
  `active` tinyint(1) NOT NULL,
  `createdAt` timestamp NOT NULL DEFAULT CURRENT_TIMESTAMP,
  `updatedAt` timestamp NOT NULL DEFAULT CURRENT_TIMESTAMP ON UPDATE CURRENT_TIMESTAMP,
  PRIMARY KEY (`id`),
  UNIQUE KEY `idx_name` (`name`,`productId`)
) ENGINE=InnoDB DEFAULT CHARSET=utf8mb4;
/*!40101 SET character_set_client = @saved_cs_client */;

--
-- Dumping data for table `nativeTmplConfGroup`
--

LOCK TABLES `nativeTmplConfGroup` WRITE;
/*!40000 ALTER TABLE `nativeTmplConfGroup` DISABLE KEYS */;
INSERT INTO `nativeTmplConfGroup` VALUES ('00ee2a6d-369d-4427-8f7a-fdc5ae133b82','default','默认组','409c9fbc-f883-4ba7-adda-7da6f238d42d',NULL,1,'2020-07-30 20:27:32','2020-07-30 20:27:32'),('01fe601c-a323-41c7-a552-49acc2f363cb','default','默认组','ea31df77-0aef-4810-b305-742d7456258a',NULL,1,'2020-07-30 20:27:33','2020-07-30 20:27:33'),('07db5560-014f-4faa-9ed9-ab0092b5e2bf','default','默认组','98fa0896-1cbc-485f-ac07-d7d67698b6f1',NULL,1,'2020-07-30 20:27:33','2020-07-30 20:27:33'),('0be3926f-1641-4742-a7d4-270cf10b5458','a47','a47','c8c7b65c-4f45-49f9-aacf-befaf759a741',NULL,1,'2020-07-30 20:27:34','2020-07-30 20:27:34'),('0d7f7712-efb9-4cdb-9daf-96488d8bfb28','a32','a32','3ec48dec-0f54-4931-97e3-e49cf7e2c5b5',NULL,1,'2020-07-30 20:27:33','2020-07-30 20:27:33'),('2bb2b087-2ff7-41e0-8951-ab5e68db3de6','a44','a44','b76cc914-a0d4-4eab-ac10-e927c5054c9a',NULL,1,'2020-07-30 20:27:34','2020-07-30 20:27:34'),('2d0faa8d-39f2-42b7-a450-f78118e6c5aa','a26','a26','d124a477-3b0d-4190-86db-55089e5833bc',NULL,1,'2020-07-30 20:27:33','2020-07-30 20:27:33'),('2f7504dd-2469-4233-85c2-b95010cad14a','a30','a30','39851304-52f0-4d31-b931-f8afb6c24b3b',NULL,1,'2020-07-30 20:27:33','2020-07-30 20:27:33'),('3132a8f3-fdba-4abc-8bb2-d18f583ff9e0','a18','a18','a8da3b45-2e15-44cc-874f-886d896068e2',NULL,1,'2020-07-30 20:27:32','2020-07-30 20:27:32'),('31945272-f36f-425d-8720-c039d3871a0b','default','默认组','8a093ce0-5c0f-48b1-aa44-1b65ed889498',NULL,1,'2020-07-30 20:31:40','2020-07-30 20:31:40'),('348a4962-a099-438c-a063-b37f6a4527e4','a42','a42','0d5984cc-5fb0-43f4-aa28-7d8e57d6866c',NULL,1,'2020-07-30 20:27:34','2020-07-30 20:27:34'),('37fd3ed4-c671-40f4-8db1-ad5393b2154d','default','默认组','c3a51587-2496-4a3e-98d6-3285b047c3f3',NULL,1,'2020-07-30 20:27:34','2020-07-30 20:27:34'),('3869597d-8e42-467c-805b-3625934c4817','default','默认组','70464d3c-215c-41f2-b162-47d00d841f65',NULL,1,'2020-07-30 20:27:33','2020-07-30 20:27:33'),('3aa6d44f-a05b-45ef-a7a3-815db4001d24','default','默认组','c012ae06-11ee-48db-b3f7-b90e36533b62',NULL,1,'2020-07-30 20:27:32','2020-07-30 20:27:32'),('3f5d93fd-d45d-4553-b4b2-f9e4ef4f3ef1','default','默认组','c34970c9-459b-4cfe-8c66-8021bbdb4779',NULL,1,'2020-07-30 20:27:32','2020-07-30 20:27:32'),('41a795ee-0e46-48e6-9d01-1469f2baaa1d','a16NewVersion','a16NewVersion','c012ae06-11ee-48db-b3f7-b90e36533b62',NULL,1,'2020-07-30 20:27:32','2020-07-30 20:27:32'),('458e2acd-3fb5-40a8-a3e2-afe73d1820b2','a16','a16','c012ae06-11ee-48db-b3f7-b90e36533b62',NULL,1,'2020-07-30 20:27:32','2020-07-30 20:27:32'),('4a4af2ad-3dc4-44a8-9673-157093037115','a25','a25','c7dc3ffc-132d-4404-9579-555111d4bd03',NULL,1,'2020-07-30 20:27:33','2020-07-30 20:27:33'),('4a928092-3acc-4c43-ab5a-1b33947999bc','a45','a45','0d325427-bb0a-46ce-ae9d-17a08430df2b',NULL,1,'2020-07-30 20:27:34','2020-07-30 20:27:34'),('4e5bcfc9-0f0e-4128-8189-cecb4b4bcab4','a28','a28','ea31df77-0aef-4810-b305-742d7456258a',NULL,1,'2020-07-30 20:27:33','2020-07-30 20:27:33'),('51664977-b398-4e81-9c3a-5f53e18218d6','a31','a31','98fa0896-1cbc-485f-ac07-d7d67698b6f1',NULL,1,'2020-07-30 20:27:33','2020-07-30 20:27:33'),('52d2aeba-8428-4135-a505-1e2edb19a468','a24','a24','491e4b7a-ed8c-4a5e-8a63-95c0a3f475b5',NULL,1,'2020-07-30 20:27:32','2020-07-30 20:27:32'),('59aafb51-b45c-4838-ab79-fc295f307dc4','a27','a27','85d4878d-dc23-4c5f-a5d1-9d3f682c02f7',NULL,1,'2020-07-30 20:27:33','2020-07-30 20:27:33'),('5b336e57-e24d-4538-ac41-0f6df19e8ecc','a36','a36','3b065e40-f4a1-411b-af9d-a80a2f6dece9',NULL,1,'2020-07-30 20:27:33','2020-07-30 20:27:33'),('5dcd6046-3cf2-4214-a8cf-bc61fa441699','default','默认组','3b2ac62a-6a87-4a52-bc26-f7133eedabe1',NULL,1,'2020-07-30 20:27:32','2020-07-30 20:27:32'),('5f63308c-5139-471d-be8c-d3327f2acee0','default','默认组','0d5984cc-5fb0-43f4-aa28-7d8e57d6866c',NULL,1,'2020-07-30 20:27:34','2020-07-30 20:27:34'),('6283a7b4-cbf0-4e52-9e8c-468229e4f76f','default','默认组','3b065e40-f4a1-411b-af9d-a80a2f6dece9',NULL,1,'2020-07-30 20:27:33','2020-07-30 20:27:33'),('634861ca-3e9e-4a8b-85b1-572f086cde5d','a33','a33','371611ac-4de7-4c3b-9a1d-b636610e0482',NULL,1,'2020-07-30 20:27:33','2020-07-30 20:27:33'),('639c192d-6a6c-4da0-b130-671a36372e80','a41','a41','c3a51587-2496-4a3e-98d6-3285b047c3f3',NULL,1,'2020-07-30 20:27:34','2020-07-30 20:27:34'),('65246ebc-d90b-4065-b492-9237f9e27918','default','默认组','fb8415d0-7235-4e47-a8b0-c721600c37fe',NULL,1,'2020-07-30 20:27:33','2020-07-30 20:27:33'),('668b328e-1567-4284-8abb-e91d71dc9484','a46','a46','5581c819-2fd2-4fdc-9cd7-69ab990b15df',NULL,1,'2020-07-30 20:27:34','2020-07-30 20:27:34'),('66a4fa9c-8c82-43ec-b461-05fd6d8b3297','a19','a19','f03ae1c1-e6c8-47f3-8923-cb276e53d36f',NULL,1,'2020-07-30 20:27:32','2020-07-30 20:27:32'),('6aa75fb8-f595-49e8-919e-3a655ab41614','default','默认组','637c034e-89c2-40d2-a9f8-536f6e300e8a',NULL,1,'2020-07-30 20:27:34','2020-07-30 20:27:34'),('6ad1450f-2a6a-4421-aa32-202dcc1c66b4','a37','a37','70464d3c-215c-41f2-b162-47d00d841f65',NULL,1,'2020-07-30 20:27:33','2020-07-30 20:27:33'),('6c8364e7-0a68-4d68-ab46-ed3837ec68c2','default','默认组','d124a477-3b0d-4190-86db-55089e5833bc',NULL,1,'2020-07-30 20:27:33','2020-07-30 20:27:33'),('6ca99d79-558d-49c1-b058-aff28f428e70','default','默认组','60b7868d-734a-4a17-93b5-3183e839e720',NULL,1,'2020-07-30 20:31:40','2020-07-30 20:31:40'),('6cf8adcd-029f-4bb0-a2ee-7083b17d78af','default','默认组','a8da3b45-2e15-44cc-874f-886d896068e2',NULL,1,'2020-07-30 20:27:32','2020-07-30 20:27:32'),('707ffd79-0d49-401c-917c-44104b22fafe','a43','a43','9ef428c8-5ff8-4823-8937-616cf284b84a',NULL,1,'2020-07-30 20:27:34','2020-07-30 20:27:34'),('7156178a-f268-4590-a74b-51d33196b811','a29','a29','a3dd8486-2340-4502-99ef-44297546d589',NULL,1,'2020-07-30 20:27:33','2020-07-30 20:27:33'),('753b6d72-211b-42bd-96a0-b2f64dc1029e','a13','a13','409c9fbc-f883-4ba7-adda-7da6f238d42d',NULL,1,'2020-07-30 20:27:32','2020-07-30 20:27:32'),('81539421-5862-465d-a424-4bf6c493c7a8','a21','a21','667a0566-08f7-4b0d-b794-ac7e6651c6c1',NULL,1,'2020-07-30 20:27:32','2020-07-30 20:27:32'),('82b43737-c75e-4971-a239-6797536c1c86','a35','a35','51453887-4d52-4f0b-a631-c3343085206b',NULL,1,'2020-07-30 20:27:33','2020-07-30 20:27:33'),('8ede0732-5ede-440b-9eba-54872bb6fb4b','a38','a38','637c034e-89c2-40d2-a9f8-536f6e300e8a',NULL,1,'2020-07-30 20:27:33','2020-07-30 20:27:33'),('916e7be7-4bbb-4d07-bb35-c932f9f70651','a15','a15','3b2ac62a-6a87-4a52-bc26-f7133eedabe1',NULL,1,'2020-07-30 20:27:32','2020-07-30 20:27:32'),('93187c2a-2c0d-4c3f-9c82-6119c6b0544a','default','默认组','1ae04a84-41d3-437a-96b9-0c21b903408b',NULL,1,'2020-07-30 20:32:20','2020-07-30 20:32:20'),('9d0222f0-cf81-4b59-a400-da71af7659db','default','默认组','f4572d9c-0f24-445a-ae9a-010e23c45471',NULL,1,'2020-07-30 20:27:34','2020-07-30 20:27:34'),('a210f0aa-507f-4c7c-9d69-f5ad8bb4790d','a23','a23','787c40ab-018c-42d5-9b17-33a06177b2d1',NULL,1,'2020-07-30 20:27:32','2020-07-30 20:27:32'),('a27fd039-9ded-4ca2-93e7-6409324d4194','default','默认组','b9ce12db-e8b7-4d7b-83b4-4e3a2447e48d',NULL,1,'2020-07-30 20:27:34','2020-07-30 20:27:34'),('a5a8ce29-7e35-4743-bd37-af65c3c69a39','default','默认组','a3dd8486-2340-4502-99ef-44297546d589',NULL,1,'2020-07-30 20:27:33','2020-07-30 20:27:33'),('ae0f7a64-5aca-42a7-9e1f-26d3afa2d120','a39','a39','b9ce12db-e8b7-4d7b-83b4-4e3a2447e48d',NULL,1,'2020-07-30 20:27:34','2020-07-30 20:27:34'),('af924add-cb27-4e2a-b70e-fae3d41c19e3','default','默认组','c7dc3ffc-132d-4404-9579-555111d4bd03',NULL,1,'2020-07-30 20:27:33','2020-07-30 20:27:33'),('b210180e-9558-4ca7-a5dc-4d34feee33fc','default','默认组','8819d891-d0e1-4fed-a765-8496fd1af2fd',NULL,1,'2020-07-30 20:27:32','2020-07-30 20:27:32'),('b382c3f0-a257-4a11-bfcf-12e2e71efc16','default','默认组','b76cc914-a0d4-4eab-ac10-e927c5054c9a',NULL,1,'2020-07-30 20:27:34','2020-07-30 20:27:34'),('b40f0210-027e-40e1-b7bf-90c81823654f','default','默认组','85d4878d-dc23-4c5f-a5d1-9d3f682c02f7',NULL,1,'2020-07-30 20:27:33','2020-07-30 20:27:33'),('b64b3799-dbb4-49e1-a33f-bfd327b76b9b','default','默认组','39851304-52f0-4d31-b931-f8afb6c24b3b',NULL,1,'2020-07-30 20:27:33','2020-07-30 20:27:33'),('bed05e94-c2e9-4ad5-9ba0-b5406984db20','default','默认组','787c40ab-018c-42d5-9b17-33a06177b2d1',NULL,1,'2020-07-30 20:27:32','2020-07-30 20:27:32'),('c0369f28-a313-48cb-866c-81b51179ca14','a20','a20','c34970c9-459b-4cfe-8c66-8021bbdb4779',NULL,1,'2020-07-30 20:27:32','2020-07-30 20:27:32'),('c173f697-b444-4bd2-baa3-3e6b49d57cb0','default','默认组','c8c7b65c-4f45-49f9-aacf-befaf759a741',NULL,1,'2020-07-30 20:27:34','2020-07-30 20:27:34'),('c45ce81a-737d-4b1f-8dbc-86d1eefae641','a34','a34','fb8415d0-7235-4e47-a8b0-c721600c37fe',NULL,1,'2020-07-30 20:27:33','2020-07-30 20:27:33'),('c4e3906e-867a-4a56-82d1-cabaf5b591ef','default','默认组','667a0566-08f7-4b0d-b794-ac7e6651c6c1',NULL,1,'2020-07-30 20:27:32','2020-07-30 20:27:32'),('c93b6aad-0af7-4d79-945d-465d89873302','default','默认组','0d325427-bb0a-46ce-ae9d-17a08430df2b',NULL,1,'2020-07-30 20:27:34','2020-07-30 20:27:34'),('cd9ffeb0-6f88-400b-992b-24ff19e3eb51','default','默认组','491e4b7a-ed8c-4a5e-8a63-95c0a3f475b5',NULL,1,'2020-07-30 20:27:32','2020-07-30 20:27:32'),('d5558627-9c68-4ee0-8431-c4356377dae7','a12','a12','8819d891-d0e1-4fed-a765-8496fd1af2fd',NULL,1,'2020-07-30 20:27:32','2020-07-30 20:27:32'),('dfe16b36-e9f4-405b-a4cb-8a96e4ebebca','default','默认组','371611ac-4de7-4c3b-9a1d-b636610e0482',NULL,1,'2020-07-30 20:27:33','2020-07-30 20:27:33'),('e07a7105-1440-4c1a-b31b-ba05cee23d9f','default','默认组','e8110e18-1d83-40dd-9f97-46ae8efed098',NULL,1,'2020-07-30 20:27:32','2020-07-30 20:27:32'),('e0d7a9c9-3bb5-4a3f-b3dd-ee3a15b58c93','a14','a14','e8110e18-1d83-40dd-9f97-46ae8efed098',NULL,1,'2020-07-30 20:27:32','2020-07-30 20:27:32'),('e1201a30-a502-4956-9893-16d9f063c043','default','默认组','f03ae1c1-e6c8-47f3-8923-cb276e53d36f',NULL,1,'2020-07-30 20:27:32','2020-07-30 20:27:32'),('e31b8dad-48b1-4076-9fe5-1c8fcd4804b7','a40','a40','f4572d9c-0f24-445a-ae9a-010e23c45471',NULL,1,'2020-07-30 20:27:34','2020-07-30 20:27:34'),('e4d7cf58-d3fc-47fa-b7c4-6b9049920a35','default','默认组','51453887-4d52-4f0b-a631-c3343085206b',NULL,1,'2020-07-30 20:27:33','2020-07-30 20:27:33'),('e7beadd9-0f26-4c55-9e4f-67e80892ff6c','a17','a17','a3941cbd-8150-42b8-9649-cf54b266ef3b',NULL,1,'2020-07-30 20:27:32','2020-07-30 20:27:32'),('e7eb568d-ba84-4cf2-a7f1-2eda8efff5b4','default','默认组','a3941cbd-8150-42b8-9649-cf54b266ef3b',NULL,1,'2020-07-30 20:27:32','2020-07-30 20:27:32'),('e9bc63c5-be0d-4fc6-a8e5-099f94fbb156','default','默认组','3ec48dec-0f54-4931-97e3-e49cf7e2c5b5',NULL,1,'2020-07-30 20:27:33','2020-07-30 20:27:33'),('ebc404fe-996c-42a8-9011-382eb4a6730a','default','默认组','5581c819-2fd2-4fdc-9cd7-69ab990b15df',NULL,1,'2020-07-30 20:27:34','2020-07-30 20:27:34'),('f06b8b90-e902-4331-af10-7c2794d4d50b','default','默认组','9ef428c8-5ff8-4823-8937-616cf284b84a',NULL,1,'2020-07-30 20:27:34','2020-07-30 20:27:34');
/*!40000 ALTER TABLE `nativeTmplConfGroup` ENABLE KEYS */;
UNLOCK TABLES;

--
-- Table structure for table `packParam`
--

DROP TABLE IF EXISTS `packParam`;
/*!40101 SET @saved_cs_client     = @@character_set_client */;
/*!40101 SET character_set_client = utf8 */;
CREATE TABLE `packParam` (
  `id` char(36) NOT NULL,
  `key` varchar(50) NOT NULL,
  `description` varchar(50) NOT NULL,
  `test` tinyint(1) NOT NULL,
  `active` tinyint(1) NOT NULL,
  `createdAt` timestamp NOT NULL DEFAULT CURRENT_TIMESTAMP,
  `updatedAt` timestamp NOT NULL DEFAULT CURRENT_TIMESTAMP ON UPDATE CURRENT_TIMESTAMP,
  PRIMARY KEY (`id`),
  UNIQUE KEY `key` (`key`)
) ENGINE=InnoDB DEFAULT CHARSET=utf8mb4;
/*!40101 SET character_set_client = @saved_cs_client */;

--
-- Dumping data for table `packParam`
--

LOCK TABLES `packParam` WRITE;
/*!40000 ALTER TABLE `packParam` DISABLE KEYS */;
/*!40000 ALTER TABLE `packParam` ENABLE KEYS */;
UNLOCK TABLES;

--
-- Table structure for table `packParamConf`
--

DROP TABLE IF EXISTS `packParamConf`;
/*!40101 SET @saved_cs_client     = @@character_set_client */;
/*!40101 SET character_set_client = utf8 */;
CREATE TABLE `packParamConf` (
  `id` char(36) NOT NULL,
  `value` varchar(100) NOT NULL,
  `packParamId` char(36) NOT NULL,
  `productId` char(36) NOT NULL,
  `createdAt` timestamp NOT NULL DEFAULT CURRENT_TIMESTAMP,
  `updatedAt` timestamp NOT NULL DEFAULT CURRENT_TIMESTAMP ON UPDATE CURRENT_TIMESTAMP,
  PRIMARY KEY (`id`),
  UNIQUE KEY `pid_packParam` (`packParamId`,`productId`)
) ENGINE=InnoDB DEFAULT CHARSET=utf8mb4;
/*!40101 SET character_set_client = @saved_cs_client */;

--
-- Dumping data for table `packParamConf`
--

LOCK TABLES `packParamConf` WRITE;
/*!40000 ALTER TABLE `packParamConf` DISABLE KEYS */;
/*!40000 ALTER TABLE `packParamConf` ENABLE KEYS */;
UNLOCK TABLES;

--
-- Table structure for table `product`
--

DROP TABLE IF EXISTS `product`;
/*!40101 SET @saved_cs_client     = @@character_set_client */;
/*!40101 SET character_set_client = utf8 */;
CREATE TABLE `product` (
  `id` char(36) NOT NULL,
  `name` varchar(100) NOT NULL,
  `packageName` varchar(100) NOT NULL,
  `platform` varchar(10) NOT NULL,
  `pid` varchar(50) DEFAULT NULL,
  `productGroupId` char(36) NOT NULL,
  `test` tinyint(1) NOT NULL,
  `active` tinyint(1) NOT NULL,
  `createdAt` timestamp NOT NULL DEFAULT CURRENT_TIMESTAMP,
  `updatedAt` timestamp NOT NULL DEFAULT CURRENT_TIMESTAMP ON UPDATE CURRENT_TIMESTAMP,
  PRIMARY KEY (`id`),
  UNIQUE KEY `platform_packageName` (`packageName`,`platform`)
) ENGINE=InnoDB DEFAULT CHARSET=utf8mb4;
/*!40101 SET character_set_client = @saved_cs_client */;

--
-- Dumping data for table `product`
--

LOCK TABLES `product` WRITE;
/*!40000 ALTER TABLE `product` DISABLE KEYS */;
INSERT INTO `product` VALUES ('0d325427-bb0a-46ce-ae9d-17a08430df2b','Bowling Star','com.games.galaxybowling','android',NULL,'6d8a7a84-115b-414b-a793-c2ef300e27cb',0,1,'2020-07-30 20:27:17','2020-07-30 20:27:17'),('0d5984cc-5fb0-43f4-aa28-7d8e57d6866c','MonsterSplash','com.games.msplash','android',NULL,'6d8a7a84-115b-414b-a793-c2ef300e27cb',0,1,'2020-07-30 20:27:17','2020-07-30 20:27:17'),('1ae04a84-41d3-437a-96b9-0c21b903408b','Pyramid Solitaire','com.queensgame.pyramid','android',NULL,'a56171c6-9d98-4ac4-bf0e-2f1bc57ad39d',0,1,'2020-07-30 20:32:16','2020-07-30 20:32:16'),('371611ac-4de7-4c3b-9a1d-b636610e0482','FarmStory','org.cocos2dx.FarmStory','android',NULL,'6d8a7a84-115b-414b-a793-c2ef300e27cb',0,1,'2020-07-30 20:27:17','2020-07-30 20:27:17'),('39851304-52f0-4d31-b931-f8afb6c24b3b','BubbleTotem','com.game.BubbleTotem','android',NULL,'6d8a7a84-115b-414b-a793-c2ef300e27cb',0,1,'2020-07-30 20:27:17','2020-07-30 20:27:17'),('3b065e40-f4a1-411b-af9d-a80a2f6dece9','Jewels Star3','com.game.JewelsStar3','android',NULL,'6d8a7a84-115b-414b-a793-c2ef300e27cb',0,1,'2020-07-30 20:27:17','2020-07-30 20:27:17'),('3b2ac62a-6a87-4a52-bc26-f7133eedabe1','BMX Boy','com.game.BMX_Boy','android',NULL,'6d8a7a84-115b-414b-a793-c2ef300e27cb',0,1,'2020-07-30 20:27:18','2020-07-30 20:27:18'),('3ec48dec-0f54-4931-97e3-e49cf7e2c5b5','DragonGem','com.game.DragonGem','android',NULL,'6d8a7a84-115b-414b-a793-c2ef300e27cb',0,1,'2020-07-30 20:27:17','2020-07-30 20:27:17'),('409c9fbc-f883-4ba7-adda-7da6f238d42d','Gems Journey','com.pandoomobile.GemsJourney','android',NULL,'6d8a7a84-115b-414b-a793-c2ef300e27cb',0,1,'2020-07-30 20:27:17','2020-07-30 20:27:17'),('491e4b7a-ed8c-4a5e-8a63-95c0a3f475b5','BasketBallShoot','com.game.basketballshoot','android',NULL,'6d8a7a84-115b-414b-a793-c2ef300e27cb',0,1,'2020-07-30 20:27:17','2020-07-30 20:27:17'),('51453887-4d52-4f0b-a631-c3343085206b','JewelsNinja','com.games.JewelsNinja','android',NULL,'6d8a7a84-115b-414b-a793-c2ef300e27cb',0,1,'2020-07-30 20:27:17','2020-07-30 20:27:17'),('5581c819-2fd2-4fdc-9cd7-69ab990b15df','Speed Racing','com.games.SpeedRacing','android',NULL,'6d8a7a84-115b-414b-a793-c2ef300e27cb',0,1,'2020-07-30 20:27:17','2020-07-30 20:27:17'),('60b7868d-734a-4a17-93b5-3183e839e720','Word Cross_CS','com.wordgame.puzzle.board.cs','android',NULL,'59121808-abb1-4d16-8066-7da5057a2a0d',0,1,'2020-07-30 20:31:32','2020-07-30 20:31:32'),('637c034e-89c2-40d2-a9f8-536f6e300e8a','MarbleSaga','com.game.MarbleSaga','android',NULL,'6d8a7a84-115b-414b-a793-c2ef300e27cb',0,1,'2020-07-30 20:27:17','2020-07-30 20:27:17'),('667a0566-08f7-4b0d-b794-ac7e6651c6c1','Racing Moto','com.games.racingmoto','android',NULL,'6d8a7a84-115b-414b-a793-c2ef300e27cb',0,1,'2020-07-30 20:27:18','2020-07-30 20:27:18'),('70464d3c-215c-41f2-b162-47d00d841f65','MagicMania','com.pandoomobile.MagicMania','android',NULL,'6d8a7a84-115b-414b-a793-c2ef300e27cb',0,1,'2020-07-30 20:27:17','2020-07-30 20:27:17'),('787c40ab-018c-42d5-9b17-33a06177b2d1','Bubble Adventure','com.hapogames.BubbleParadise2','android',NULL,'6d8a7a84-115b-414b-a793-c2ef300e27cb',0,1,'2020-07-30 20:27:18','2020-07-30 20:27:18'),('85d4878d-dc23-4c5f-a5d1-9d3f682c02f7','BubblePirate','com.game.BubblePirate','android',NULL,'6d8a7a84-115b-414b-a793-c2ef300e27cb',0,1,'2020-07-30 20:27:17','2020-07-30 20:27:17'),('8819d891-d0e1-4fed-a765-8496fd1af2fd','Bubble Shooter','com.game.BubbleShooter','android',NULL,'6d8a7a84-115b-414b-a793-c2ef300e27cb',0,1,'2020-07-30 20:27:17','2020-07-30 20:27:17'),('8a093ce0-5c0f-48b1-aa44-1b65ed889498','Word Cross_FR','com.wordgame.puzzle.board.fr','android',NULL,'59121808-abb1-4d16-8066-7da5057a2a0d',0,1,'2020-07-30 20:31:32','2020-07-30 20:31:32'),('98fa0896-1cbc-485f-ac07-d7d67698b6f1','CandiesLegend','org.candylegend','android',NULL,'6d8a7a84-115b-414b-a793-c2ef300e27cb',0,1,'2020-07-30 20:27:17','2020-07-30 20:27:17'),('9ef428c8-5ff8-4823-8937-616cf284b84a','NumberPuzzle','org.mania2048','android',NULL,'6d8a7a84-115b-414b-a793-c2ef300e27cb',0,1,'2020-07-30 20:27:17','2020-07-30 20:27:17'),('a3941cbd-8150-42b8-9649-cf54b266ef3b','Skater Boy','com.game.SkaterBoy','android',NULL,'6d8a7a84-115b-414b-a793-c2ef300e27cb',0,1,'2020-07-30 20:27:18','2020-07-30 20:27:18'),('a3dd8486-2340-4502-99ef-44297546d589','BubbleSpace','com.pandoomobile.BubbleSpace','android',NULL,'6d8a7a84-115b-414b-a793-c2ef300e27cb',0,1,'2020-07-30 20:27:17','2020-07-30 20:27:17'),('a8da3b45-2e15-44cc-874f-886d896068e2','Sudoku Fun','com.coolmango.sudokufun','android',NULL,'6d8a7a84-115b-414b-a793-c2ef300e27cb',0,1,'2020-07-30 20:27:18','2020-07-30 20:27:18'),('b76cc914-a0d4-4eab-ac10-e927c5054c9a','BasketBall','com.games.basketball','android',NULL,'6d8a7a84-115b-414b-a793-c2ef300e27cb',0,1,'2020-07-30 20:27:17','2020-07-30 20:27:17'),('b9ce12db-e8b7-4d7b-83b4-4e3a2447e48d','MarbleSaga2','com.game.MarbleSaga2','android',NULL,'6d8a7a84-115b-414b-a793-c2ef300e27cb',0,1,'2020-07-30 20:27:17','2020-07-30 20:27:17'),('c012ae06-11ee-48db-b3f7-b90e36533b62','Jewels Star','com.game.JewelsStar','android',NULL,'6d8a7a84-115b-414b-a793-c2ef300e27cb',0,1,'2020-07-30 20:27:18','2020-07-30 20:27:18'),('c34970c9-459b-4cfe-8c66-8021bbdb4779','Jewels Star2','com.game.JewelsStar2','android',NULL,'6d8a7a84-115b-414b-a793-c2ef300e27cb',0,1,'2020-07-30 20:27:18','2020-07-30 20:27:18'),('c3a51587-2496-4a3e-98d6-3285b047c3f3','SkateBoy2','com.games.SkaterBoyLegend','android',NULL,'6d8a7a84-115b-414b-a793-c2ef300e27cb',0,1,'2020-07-30 20:27:17','2020-07-30 20:27:17'),('c7dc3ffc-132d-4404-9579-555111d4bd03','BoomAndDoom','com.games.boomanddoom','android',NULL,'6d8a7a84-115b-414b-a793-c2ef300e27cb',0,1,'2020-07-30 20:27:17','2020-07-30 20:27:17'),('c8c7b65c-4f45-49f9-aacf-befaf759a741','LetMeOut','com.smootem.letmeout','android',NULL,'6d8a7a84-115b-414b-a793-c2ef300e27cb',0,1,'2020-07-30 20:27:17','2020-07-30 20:27:17'),('d124a477-3b0d-4190-86db-55089e5833bc','BubbleFarm','com.games.BubbleFarm','android',NULL,'6d8a7a84-115b-414b-a793-c2ef300e27cb',0,1,'2020-07-30 20:27:17','2020-07-30 20:27:17'),('e8110e18-1d83-40dd-9f97-46ae8efed098','Bubble Worlds','com.hapogames.BubbleParadise','android',NULL,'6d8a7a84-115b-414b-a793-c2ef300e27cb',0,1,'2020-07-30 20:27:18','2020-07-30 20:27:18'),('ea31df77-0aef-4810-b305-742d7456258a','Bubble Shooter 2','com.game.BubbleShooter2','android',NULL,'6d8a7a84-115b-414b-a793-c2ef300e27cb',0,1,'2020-07-30 20:27:17','2020-07-30 20:27:17'),('f03ae1c1-e6c8-47f3-8923-cb276e53d36f','Jewels Legend','com.game.JewelsLegend','android',NULL,'6d8a7a84-115b-414b-a793-c2ef300e27cb',0,1,'2020-07-30 20:27:18','2020-07-30 20:27:18'),('f4572d9c-0f24-445a-ae9a-010e23c45471','PoolMania','com.game.PoolMania','android',NULL,'6d8a7a84-115b-414b-a793-c2ef300e27cb',0,1,'2020-07-30 20:27:17','2020-07-30 20:27:17'),('fb8415d0-7235-4e47-a8b0-c721600c37fe','GemsJourney2','com.pandoomobile.GemsJourney2','android',NULL,'6d8a7a84-115b-414b-a793-c2ef300e27cb',0,1,'2020-07-30 20:27:17','2020-07-30 20:27:17');
/*!40000 ALTER TABLE `product` ENABLE KEYS */;
UNLOCK TABLES;

--
-- Table structure for table `productAuth`
--

DROP TABLE IF EXISTS `productAuth`;
/*!40101 SET @saved_cs_client     = @@character_set_client */;
/*!40101 SET character_set_client = utf8 */;
CREATE TABLE `productAuth` (
  `id` char(36) NOT NULL,
  `editAd` tinyint(1) NOT NULL,
  `viewAd` tinyint(1) NOT NULL,
  `editGameConfig` tinyint(1) NOT NULL,
  `viewGameConfig` tinyint(1) NOT NULL,
  `viewPurchase` tinyint(1) NOT NULL,
  `editPurchase` tinyint(1) NOT NULL,
  `editProduct` tinyint(1) NOT NULL,
  `master` tinyint(1) NOT NULL,
  `productId` char(36) NOT NULL,
  `userId` char(36) NOT NULL,
  `createdAt` timestamp NOT NULL DEFAULT CURRENT_TIMESTAMP,
  `updatedAt` timestamp NOT NULL DEFAULT CURRENT_TIMESTAMP ON UPDATE CURRENT_TIMESTAMP,
  PRIMARY KEY (`id`),
  UNIQUE KEY `pid_uid` (`productId`,`userId`)
) ENGINE=InnoDB DEFAULT CHARSET=utf8mb4;
/*!40101 SET character_set_client = @saved_cs_client */;

--
-- Dumping data for table `productAuth`
--

LOCK TABLES `productAuth` WRITE;
/*!40000 ALTER TABLE `productAuth` DISABLE KEYS */;
/*!40000 ALTER TABLE `productAuth` ENABLE KEYS */;
UNLOCK TABLES;

--
-- Table structure for table `productGroup`
--

DROP TABLE IF EXISTS `productGroup`;
/*!40101 SET @saved_cs_client     = @@character_set_client */;
/*!40101 SET character_set_client = utf8 */;
CREATE TABLE `productGroup` (
  `id` char(36) NOT NULL,
  `name` varchar(20) NOT NULL,
  `description` varchar(50) NOT NULL,
  `active` tinyint(1) NOT NULL,
  `createdAt` timestamp NOT NULL DEFAULT CURRENT_TIMESTAMP,
  `updatedAt` timestamp NOT NULL DEFAULT CURRENT_TIMESTAMP ON UPDATE CURRENT_TIMESTAMP,
  PRIMARY KEY (`id`),
  UNIQUE KEY `name` (`name`)
) ENGINE=InnoDB DEFAULT CHARSET=utf8mb4;
/*!40101 SET character_set_client = @saved_cs_client */;

--
-- Dumping data for table `productGroup`
--

LOCK TABLES `productGroup` WRITE;
/*!40000 ALTER TABLE `productGroup` DISABLE KEYS */;
INSERT INTO `productGroup` VALUES ('59121808-abb1-4d16-8066-7da5057a2a0d','Word Cross','Word Cross 项目组',1,'2020-07-30 20:31:32','2020-07-30 20:31:32'),('6d8a7a84-115b-414b-a793-c2ef300e27cb','fuzhou','fuzhou 项目组',1,'2020-07-30 20:25:23','2020-07-30 20:25:23'),('a56171c6-9d98-4ac4-bf0e-2f1bc57ad39d','老纸牌','老纸牌 项目组',1,'2020-07-30 20:31:32','2020-07-30 20:31:32');
/*!40000 ALTER TABLE `productGroup` ENABLE KEYS */;
UNLOCK TABLES;

--
-- Table structure for table `productGroupAuth`
--

DROP TABLE IF EXISTS `productGroupAuth`;
/*!40101 SET @saved_cs_client     = @@character_set_client */;
/*!40101 SET character_set_client = utf8 */;
CREATE TABLE `productGroupAuth` (
  `id` char(36) NOT NULL,
  `editAd` tinyint(1) NOT NULL,
  `viewAd` tinyint(1) NOT NULL,
  `editGameConfig` tinyint(1) NOT NULL,
  `viewGameConfig` tinyint(1) NOT NULL,
  `viewPurchase` tinyint(1) NOT NULL,
  `editPurchase` tinyint(1) NOT NULL,
  `editProduct` tinyint(1) NOT NULL,
  `createProduct` tinyint(1) NOT NULL,
  `master` tinyint(1) NOT NULL,
  `productGroupId` char(36) NOT NULL,
  `userId` char(36) NOT NULL,
  `createdAt` timestamp NOT NULL DEFAULT CURRENT_TIMESTAMP,
  `updatedAt` timestamp NOT NULL DEFAULT CURRENT_TIMESTAMP ON UPDATE CURRENT_TIMESTAMP,
  PRIMARY KEY (`id`),
  UNIQUE KEY `pgid_uid` (`productGroupId`,`userId`)
) ENGINE=InnoDB DEFAULT CHARSET=utf8mb4;
/*!40101 SET character_set_client = @saved_cs_client */;

--
-- Dumping data for table `productGroupAuth`
--

LOCK TABLES `productGroupAuth` WRITE;
/*!40000 ALTER TABLE `productGroupAuth` DISABLE KEYS */;
/*!40000 ALTER TABLE `productGroupAuth` ENABLE KEYS */;
UNLOCK TABLES;

--
-- Table structure for table `serverVersion`
--

DROP TABLE IF EXISTS `serverVersion`;
/*!40101 SET @saved_cs_client     = @@character_set_client */;
/*!40101 SET character_set_client = utf8 */;
CREATE TABLE `serverVersion` (
  `id` char(36) NOT NULL,
  `version` varchar(10) NOT NULL,
  `gitTag` varchar(30) NOT NULL,
  `createdAt` timestamp NOT NULL DEFAULT CURRENT_TIMESTAMP,
  `updatedAt` timestamp NOT NULL DEFAULT CURRENT_TIMESTAMP ON UPDATE CURRENT_TIMESTAMP,
  PRIMARY KEY (`id`),
  UNIQUE KEY `version` (`version`),
  UNIQUE KEY `gitTag` (`gitTag`)
) ENGINE=InnoDB DEFAULT CHARSET=utf8mb4;
/*!40101 SET character_set_client = @saved_cs_client */;

--
-- Dumping data for table `serverVersion`
--

LOCK TABLES `serverVersion` WRITE;
/*!40000 ALTER TABLE `serverVersion` DISABLE KEYS */;
/*!40000 ALTER TABLE `serverVersion` ENABLE KEYS */;
UNLOCK TABLES;

--
-- Table structure for table `user`
--

DROP TABLE IF EXISTS `user`;
/*!40101 SET @saved_cs_client     = @@character_set_client */;
/*!40101 SET character_set_client = utf8 */;
CREATE TABLE `user` (
  `id` char(36) NOT NULL,
  `email` varchar(36) NOT NULL,
  `name` varchar(10) NOT NULL,
  `password` char(32) NOT NULL,
  `active` tinyint(1) NOT NULL,
  `createdAt` timestamp NOT NULL DEFAULT CURRENT_TIMESTAMP,
  `updatedAt` timestamp NOT NULL DEFAULT CURRENT_TIMESTAMP ON UPDATE CURRENT_TIMESTAMP,
  PRIMARY KEY (`id`),
  UNIQUE KEY `email` (`email`),
  UNIQUE KEY `name` (`name`)
) ENGINE=InnoDB DEFAULT CHARSET=utf8mb4;
/*!40101 SET character_set_client = @saved_cs_client */;

--
-- Dumping data for table `user`
--

LOCK TABLES `user` WRITE;
/*!40000 ALTER TABLE `user` DISABLE KEYS */;
INSERT INTO `user` VALUES ('8f5f8a14-f943-46a9-b802-168ad2abd594','admin@talefun.com','admin','e807f1fcf82d132f9bb018ca6738a19f',1,'2020-07-30 20:24:49','2020-07-30 20:24:49');
/*!40000 ALTER TABLE `user` ENABLE KEYS */;
UNLOCK TABLES;

--
-- Table structure for table `userAuth`
--

DROP TABLE IF EXISTS `userAuth`;
/*!40101 SET @saved_cs_client     = @@character_set_client */;
/*!40101 SET character_set_client = utf8 */;
CREATE TABLE `userAuth` (
  `id` char(36) NOT NULL,
  `editComConf` tinyint(1) NOT NULL,
  `viewComConf` tinyint(1) NOT NULL,
  `createProductGroup` tinyint(1) NOT NULL,
  `master` tinyint(1) NOT NULL,
  `userId` char(36) NOT NULL,
  `createdAt` timestamp NOT NULL DEFAULT CURRENT_TIMESTAMP,
  `updatedAt` timestamp NOT NULL DEFAULT CURRENT_TIMESTAMP ON UPDATE CURRENT_TIMESTAMP,
  PRIMARY KEY (`id`),
  UNIQUE KEY `userId` (`userId`)
) ENGINE=InnoDB DEFAULT CHARSET=utf8mb4;
/*!40101 SET character_set_client = @saved_cs_client */;

--
-- Dumping data for table `userAuth`
--

LOCK TABLES `userAuth` WRITE;
/*!40000 ALTER TABLE `userAuth` DISABLE KEYS */;
INSERT INTO `userAuth` VALUES ('10a8c846-16a4-4d8d-abbf-554ace87594c',1,1,1,1,'8f5f8a14-f943-46a9-b802-168ad2abd594','2020-07-30 20:24:49','2020-07-30 20:24:49');
/*!40000 ALTER TABLE `userAuth` ENABLE KEYS */;
UNLOCK TABLES;

--
-- Table structure for table `versionGroup`
--

DROP TABLE IF EXISTS `versionGroup`;
/*!40101 SET @saved_cs_client     = @@character_set_client */;
/*!40101 SET character_set_client = utf8 */;
CREATE TABLE `versionGroup` (
  `id` char(36) NOT NULL,
  `name` varchar(50) NOT NULL,
  `begin` smallint(5) unsigned NOT NULL,
  `description` varchar(50) NOT NULL,
  `type` tinyint(1) NOT NULL,
  `code` varchar(500) NOT NULL,
  `include` tinyint(1) NOT NULL,
  `productId` char(36) NOT NULL,
  `creatorId` char(36) DEFAULT NULL,
  `active` tinyint(1) NOT NULL,
  `activeTime` timestamp NOT NULL DEFAULT '2020-05-01 00:00:00',
  `createdAt` timestamp NOT NULL DEFAULT CURRENT_TIMESTAMP,
  `updatedAt` timestamp NOT NULL DEFAULT CURRENT_TIMESTAMP ON UPDATE CURRENT_TIMESTAMP,
  PRIMARY KEY (`id`),
  UNIQUE KEY `idx_name` (`name`,`type`,`productId`,`activeTime`)
) ENGINE=InnoDB DEFAULT CHARSET=utf8mb4;
/*!40101 SET character_set_client = @saved_cs_client */;

--
-- Dumping data for table `versionGroup`
--

LOCK TABLES `versionGroup` WRITE;
/*!40000 ALTER TABLE `versionGroup` DISABLE KEYS */;
INSERT INTO `versionGroup` VALUES ('001bc5da-45b6-455d-aa0d-0a9e01fea4de','default',0,'默认组',0,'[]',1,'a3941cbd-8150-42b8-9649-cf54b266ef3b',NULL,1,'2020-05-01 00:00:00','2020-07-30 20:27:36','2020-07-30 20:27:36'),('061938a5-5a7b-473a-9b75-8d8c37debbcc','default',0,'默认组',1,'[]',1,'e8110e18-1d83-40dd-9f97-46ae8efed098',NULL,1,'2020-05-01 00:00:00','2020-07-30 20:27:34','2020-07-30 20:27:34'),('0ddf050f-9705-4cee-a8bb-ed84945c6593','condition135_b4B5',79,'condition135_b4B5',1,'[\"US\",\"CA\"]',1,'8a093ce0-5c0f-48b1-aa44-1b65ed889498',NULL,1,'2020-05-01 00:00:00','2020-07-30 20:31:40','2020-07-30 20:31:40'),('0dfb188e-8c95-4288-b583-62f79d0cde09','default',0,'默认组',1,'[]',1,'ea31df77-0aef-4810-b305-742d7456258a',NULL,1,'2020-05-01 00:00:00','2020-07-30 20:27:35','2020-07-30 20:27:35'),('1306e461-3aa2-46b5-a945-410fb050a41c','condition135_w18t2B10_native',79,'condition135_w18t2B10',0,'[]',1,'8a093ce0-5c0f-48b1-aa44-1b65ed889498',NULL,1,'2020-05-01 00:00:00','2020-07-30 20:31:43','2020-07-30 20:31:43'),('1362909d-7377-43af-a6c5-907b250dc8c3','default',0,'默认组',1,'[]',1,'c7dc3ffc-132d-4404-9579-555111d4bd03',NULL,1,'2020-05-01 00:00:00','2020-07-30 20:27:35','2020-07-30 20:27:35'),('13afbfb3-3352-471b-8299-6a8680515fcc','condition78_w18t2B10_native',72,'condition78_w18t2B10',0,'[]',1,'8a093ce0-5c0f-48b1-aa44-1b65ed889498',NULL,1,'2020-05-01 00:00:00','2020-07-30 20:31:43','2020-07-30 20:31:43'),('16923e44-fe53-4bcc-ac36-46b1110982ac','default',0,'默认组',0,'[]',1,'c7dc3ffc-132d-4404-9579-555111d4bd03',NULL,1,'2020-05-01 00:00:00','2020-07-30 20:27:36','2020-07-30 20:27:36'),('213e65b6-0de0-4ade-af7e-aa1df91546ee','default',0,'默认组',1,'[]',1,'f03ae1c1-e6c8-47f3-8923-cb276e53d36f',NULL,1,'2020-05-01 00:00:00','2020-07-30 20:27:34','2020-07-30 20:27:34'),('22297e48-deab-464b-9b21-d0785ccbd764','default',0,'默认组',1,'[]',1,'f4572d9c-0f24-445a-ae9a-010e23c45471',NULL,1,'2020-05-01 00:00:00','2020-07-30 20:27:35','2020-07-30 20:27:35'),('24b20ef0-a02b-4700-9721-f060f21326de','default',0,'默认组',0,'[]',1,'b76cc914-a0d4-4eab-ac10-e927c5054c9a',NULL,1,'2020-05-01 00:00:00','2020-07-30 20:27:37','2020-07-30 20:27:37'),('25bb36fb-50a1-4675-ac48-c932348ed4c1','default',0,'默认组',0,'[]',1,'371611ac-4de7-4c3b-9a1d-b636610e0482',NULL,1,'2020-05-01 00:00:00','2020-07-30 20:27:36','2020-07-30 20:27:36'),('2ca420e3-1cf6-407c-9c86-12ae4fedd348','default_s26new',0,'default_s26new',1,'[\"US\",\"CA\",\"GB\",\"FR\",\"DE\"]',1,'1ae04a84-41d3-437a-96b9-0c21b903408b',NULL,1,'2020-05-01 00:00:00','2020-07-30 20:32:20','2020-07-30 20:32:20'),('30382fbb-19d9-461d-9483-c64dbbcdb29f','default',0,'默认组',0,'[]',1,'1ae04a84-41d3-437a-96b9-0c21b903408b',NULL,1,'2020-05-01 00:00:00','2020-07-30 20:32:21','2020-07-30 20:32:21'),('307c5ffa-2616-4064-a368-50368f7194db','default',0,'默认组',1,'[]',1,'a3dd8486-2340-4502-99ef-44297546d589',NULL,1,'2020-05-01 00:00:00','2020-07-30 20:27:35','2020-07-30 20:27:35'),('3111f4c9-33e2-402f-a394-c79497bad8ae','default',0,'默认组',0,'[]',1,'637c034e-89c2-40d2-a9f8-536f6e300e8a',NULL,1,'2020-05-01 00:00:00','2020-07-30 20:27:37','2020-07-30 20:27:37'),('347bf183-32d6-446d-9f1e-bb4afa3e9bb7','default',0,'默认组',1,'[]',1,'51453887-4d52-4f0b-a631-c3343085206b',NULL,1,'2020-05-01 00:00:00','2020-07-30 20:27:35','2020-07-30 20:27:35'),('36f25803-4ab6-432a-ad42-67624324a64d','condition250_w36B7_native',92,'condition250_w36B7',0,'[]',1,'60b7868d-734a-4a17-93b5-3183e839e720',NULL,1,'2020-05-01 00:00:00','2020-07-30 20:31:43','2020-07-30 20:31:43'),('37f4be4f-70f7-4237-8162-4b538928dd2b','default',0,'默认组',0,'[]',1,'409c9fbc-f883-4ba7-adda-7da6f238d42d',NULL,1,'2020-05-01 00:00:00','2020-07-30 20:27:35','2020-07-30 20:27:35'),('38eed670-be2e-43fc-8d50-9b3fba1cdac5','condition78_b4_native',72,'condition78_b4',1,'[]',1,'8a093ce0-5c0f-48b1-aa44-1b65ed889498',NULL,1,'2020-05-01 00:00:00','2020-07-30 20:31:40','2020-07-30 20:31:40'),('3b093262-094c-40ed-8196-0157a7a41d72','condition160_b1B1_native',84,'condition160_b1B1',1,'[]',1,'60b7868d-734a-4a17-93b5-3183e839e720',NULL,1,'2020-05-01 00:00:00','2020-07-30 20:31:40','2020-07-30 20:31:40'),('3bdf30b1-805c-4d62-800d-b94345f6582f','default',0,'默认组',0,'[]',1,'0d325427-bb0a-46ce-ae9d-17a08430df2b',NULL,1,'2020-05-01 00:00:00','2020-07-30 20:27:37','2020-07-30 20:27:37'),('3f913fdd-8b05-426f-8997-f199b3d4c41e','default',0,'默认组',0,'[]',1,'667a0566-08f7-4b0d-b794-ac7e6651c6c1',NULL,1,'2020-05-01 00:00:00','2020-07-30 20:27:36','2020-07-30 20:27:36'),('3fcd8885-bb34-4ad5-a81c-590deff99faf','default',0,'默认组',1,'[]',1,'491e4b7a-ed8c-4a5e-8a63-95c0a3f475b5',NULL,1,'2020-05-01 00:00:00','2020-07-30 20:27:35','2020-07-30 20:27:35'),('403bae6b-49bc-4253-a904-b0d0782754ab','fzcondition1_a16NewVersion_native',52,'fzcondition1_a16NewVersion',0,'[]',1,'c012ae06-11ee-48db-b3f7-b90e36533b62',NULL,1,'2020-05-01 00:00:00','2020-07-30 20:27:36','2020-07-30 20:27:36'),('407c3df5-e0c6-4b75-963e-af7b2135d6c0','default',0,'默认组',0,'[]',1,'491e4b7a-ed8c-4a5e-8a63-95c0a3f475b5',NULL,1,'2020-05-01 00:00:00','2020-07-30 20:27:36','2020-07-30 20:27:36'),('4272441e-02ae-4fd0-a273-3a2df4e60a55','default',0,'默认组',1,'[]',1,'39851304-52f0-4d31-b931-f8afb6c24b3b',NULL,1,'2020-05-01 00:00:00','2020-07-30 20:27:35','2020-07-30 20:27:35'),('42843b65-cfd1-4d5c-851e-71eace8763ae','default',0,'默认组',1,'[]',1,'8819d891-d0e1-4fed-a765-8496fd1af2fd',NULL,1,'2020-05-01 00:00:00','2020-07-30 20:27:34','2020-07-30 20:27:34'),('42b603ed-5e58-40b5-b70b-27372836e8e4','default',0,'默认组',0,'[]',1,'c3a51587-2496-4a3e-98d6-3285b047c3f3',NULL,1,'2020-05-01 00:00:00','2020-07-30 20:27:37','2020-07-30 20:27:37'),('43a5def9-dc1e-4248-80d5-22b2184526be','default',0,'默认组',1,'[]',1,'c3a51587-2496-4a3e-98d6-3285b047c3f3',NULL,1,'2020-05-01 00:00:00','2020-07-30 20:27:35','2020-07-30 20:27:35'),('44ca68bd-8e77-478e-bdee-6e908d346f6a','default',0,'默认组',1,'[]',1,'667a0566-08f7-4b0d-b794-ac7e6651c6c1',NULL,1,'2020-05-01 00:00:00','2020-07-30 20:27:35','2020-07-30 20:27:35'),('460674c4-4235-4689-b138-742914cae39f','condition247_b4B6',88,'condition247_b4B6',1,'[\"US\",\"CA\",\"FR\"]',1,'8a093ce0-5c0f-48b1-aa44-1b65ed889498',NULL,1,'2020-05-01 00:00:00','2020-07-30 20:31:40','2020-07-30 20:31:40'),('47cf1d99-4b12-457a-bf55-752b8b66327e','default',0,'默认组',1,'[]',1,'c012ae06-11ee-48db-b3f7-b90e36533b62',NULL,1,'2020-05-01 00:00:00','2020-07-30 20:27:34','2020-07-30 20:27:34'),('493c3781-9d64-4e04-9e21-a5dec245b337','default',0,'默认组',1,'[]',1,'60b7868d-734a-4a17-93b5-3183e839e720',NULL,1,'2020-05-01 00:00:00','2020-07-30 20:31:40','2020-07-30 20:31:40'),('4b92fcf0-b4f2-4838-b191-2079c62290fa','condition61_w18t2B10',71,'condition61_w18t2B10',0,'[\"US\",\"CA\",\"FR\"]',1,'8a093ce0-5c0f-48b1-aa44-1b65ed889498',NULL,1,'2020-05-01 00:00:00','2020-07-30 20:31:43','2020-07-30 20:31:43'),('4dc9384a-c2b6-4b9f-9c9b-f65e2b8d3bcf','default',0,'默认组',0,'[]',1,'70464d3c-215c-41f2-b162-47d00d841f65',NULL,1,'2020-05-01 00:00:00','2020-07-30 20:27:37','2020-07-30 20:27:37'),('4e0595f0-e0e9-4fc1-ba2e-d549cc50eb0d','default',0,'默认组',0,'[]',1,'3b2ac62a-6a87-4a52-bc26-f7133eedabe1',NULL,1,'2020-05-01 00:00:00','2020-07-30 20:27:35','2020-07-30 20:27:35'),('5145a2d2-6314-4283-9143-429d35645909','condition104_w18t2B10',75,'condition104_w18t2B10',0,'[\"US\",\"CA\",\"FR\"]',1,'8a093ce0-5c0f-48b1-aa44-1b65ed889498',NULL,1,'2020-05-01 00:00:00','2020-07-30 20:31:43','2020-07-30 20:31:43'),('552ebba7-5800-41a6-9e42-19f52797fa4b','default',0,'默认组',1,'[]',1,'c34970c9-459b-4cfe-8c66-8021bbdb4779',NULL,1,'2020-05-01 00:00:00','2020-07-30 20:27:34','2020-07-30 20:27:34'),('57ce9635-32cb-4a7a-9307-0231797b50ac','default',0,'默认组',1,'[]',1,'d124a477-3b0d-4190-86db-55089e5833bc',NULL,1,'2020-05-01 00:00:00','2020-07-30 20:27:35','2020-07-30 20:27:35'),('5c44be0f-c6ea-44d4-8341-34cb6a93b60a','default_w18t2B10',0,'default_w18t2B10',0,'[\"US\",\"CA\",\"FR\"]',1,'8a093ce0-5c0f-48b1-aa44-1b65ed889498',NULL,1,'2020-05-01 00:00:00','2020-07-30 20:31:42','2020-07-30 20:31:42'),('5cb32ac8-743f-4afa-b4c6-ee86d4590f53','default',0,'默认组',1,'[]',1,'b9ce12db-e8b7-4d7b-83b4-4e3a2447e48d',NULL,1,'2020-05-01 00:00:00','2020-07-30 20:27:35','2020-07-30 20:27:35'),('5de19819-aae6-4f91-9495-c62827c215a4','condition78_b4',72,'condition78_b4',1,'[\"US\",\"CA\",\"FR\"]',1,'8a093ce0-5c0f-48b1-aa44-1b65ed889498',NULL,1,'2020-05-01 00:00:00','2020-07-30 20:31:40','2020-07-30 20:31:40'),('6151dcec-641f-475e-98e9-31d5a4bda890','default',0,'默认组',0,'[]',1,'0d5984cc-5fb0-43f4-aa28-7d8e57d6866c',NULL,1,'2020-05-01 00:00:00','2020-07-30 20:27:37','2020-07-30 20:27:37'),('64f2931c-e4d5-4d3d-877d-e94c23bc8d74','default',0,'默认组',0,'[]',1,'f03ae1c1-e6c8-47f3-8923-cb276e53d36f',NULL,1,'2020-05-01 00:00:00','2020-07-30 20:27:36','2020-07-30 20:27:36'),('6633574e-faa6-4bae-be5a-7f08dfb5bed2','default',0,'默认组',0,'[]',1,'787c40ab-018c-42d5-9b17-33a06177b2d1',NULL,1,'2020-05-01 00:00:00','2020-07-30 20:27:36','2020-07-30 20:27:36'),('6bb96b19-5b05-40d8-9f6b-96a41d586296','default',0,'默认组',0,'[]',1,'3b065e40-f4a1-411b-af9d-a80a2f6dece9',NULL,1,'2020-05-01 00:00:00','2020-07-30 20:27:37','2020-07-30 20:27:37'),('72f3016d-3c89-477d-bfbc-dfc80b594ff7','default',0,'默认组',1,'[]',1,'0d325427-bb0a-46ce-ae9d-17a08430df2b',NULL,1,'2020-05-01 00:00:00','2020-07-30 20:27:35','2020-07-30 20:27:35'),('73464421-29cc-421b-99b1-91f2b854354f','condition61_w18t2B10_native',71,'condition61_w18t2B10',0,'[]',1,'8a093ce0-5c0f-48b1-aa44-1b65ed889498',NULL,1,'2020-05-01 00:00:00','2020-07-30 20:31:42','2020-07-30 20:31:42'),('7354b5c2-7af0-4dd0-ad83-edcf46feb8fc','default',0,'默认组',1,'[]',1,'a3941cbd-8150-42b8-9649-cf54b266ef3b',NULL,1,'2020-05-01 00:00:00','2020-07-30 20:27:34','2020-07-30 20:27:34'),('7590c2eb-6d39-4c8a-9646-e330b2c4bd08','condition104_b4',75,'condition104_b4',1,'[\"US\",\"CA\",\"FR\"]',1,'8a093ce0-5c0f-48b1-aa44-1b65ed889498',NULL,1,'2020-05-01 00:00:00','2020-07-30 20:31:40','2020-07-30 20:31:40'),('7968e0ec-f911-4738-878b-8ddcc657539c','default',0,'默认组',1,'[]',1,'c8c7b65c-4f45-49f9-aacf-befaf759a741',NULL,1,'2020-05-01 00:00:00','2020-07-30 20:27:35','2020-07-30 20:27:35'),('7a8a6b6f-74ef-42a0-9137-f0e276a615b4','default',0,'默认组',0,'[]',1,'85d4878d-dc23-4c5f-a5d1-9d3f682c02f7',NULL,1,'2020-05-01 00:00:00','2020-07-30 20:27:36','2020-07-30 20:27:36'),('7c5f6f0b-085a-4c24-a232-da7ec7e32736','condition104_b4_native',75,'condition104_b4',1,'[]',1,'8a093ce0-5c0f-48b1-aa44-1b65ed889498',NULL,1,'2020-05-01 00:00:00','2020-07-30 20:31:40','2020-07-30 20:31:40'),('7ea32c15-61f1-4841-a67a-2ade26af23ea','default',0,'默认组',1,'[]',1,'3b065e40-f4a1-411b-af9d-a80a2f6dece9',NULL,1,'2020-05-01 00:00:00','2020-07-30 20:27:35','2020-07-30 20:27:35'),('80cde219-efbe-47b2-bb5e-66d7b3be83b9','default',0,'默认组',0,'[]',1,'fb8415d0-7235-4e47-a8b0-c721600c37fe',NULL,1,'2020-05-01 00:00:00','2020-07-30 20:27:36','2020-07-30 20:27:36'),('83554b03-8bc0-4f72-85ca-2db888259fc6','condition247_w18t2B10_native',88,'condition247_w18t2B10',0,'[]',1,'8a093ce0-5c0f-48b1-aa44-1b65ed889498',NULL,1,'2020-05-01 00:00:00','2020-07-30 20:31:43','2020-07-30 20:31:43'),('8622b0b9-4ca7-4313-8e1d-f6073564bbcf','default',0,'默认组',0,'[]',1,'c8c7b65c-4f45-49f9-aacf-befaf759a741',NULL,1,'2020-05-01 00:00:00','2020-07-30 20:27:37','2020-07-30 20:27:37'),('86f00c0a-bf15-4f17-ab58-ada77387480a','condition16_w18A_native',51,'condition16_w18A',0,'[]',1,'8a093ce0-5c0f-48b1-aa44-1b65ed889498',NULL,1,'2020-05-01 00:00:00','2020-07-30 20:31:42','2020-07-30 20:31:42'),('87bff8a9-19c0-4489-8b56-da39e4783c79','fzcondition1_default_native',52,'fzcondition1_default',1,'[]',1,'c012ae06-11ee-48db-b3f7-b90e36533b62',NULL,1,'2020-05-01 00:00:00','2020-07-30 20:27:34','2020-07-30 20:27:34'),('8c830396-fd32-4e04-90f4-378d6ba3d61e','default',0,'默认组',0,'[]',1,'d124a477-3b0d-4190-86db-55089e5833bc',NULL,1,'2020-05-01 00:00:00','2020-07-30 20:27:36','2020-07-30 20:27:36'),('8dd0fc06-db49-4097-95f2-67d35f7d5f36','default',0,'默认组',0,'[]',1,'ea31df77-0aef-4810-b305-742d7456258a',NULL,1,'2020-05-01 00:00:00','2020-07-30 20:27:36','2020-07-30 20:27:36'),('8df6c0b5-8c09-4a24-a79f-a426d8922504','condition247_w18t2B10',88,'condition247_w18t2B10',0,'[\"US\",\"CA\",\"FR\"]',1,'8a093ce0-5c0f-48b1-aa44-1b65ed889498',NULL,1,'2020-05-01 00:00:00','2020-07-30 20:31:43','2020-07-30 20:31:43'),('9097626f-11f6-4a28-8997-eb79629231e5','default',0,'默认组',0,'[]',1,'9ef428c8-5ff8-4823-8937-616cf284b84a',NULL,1,'2020-05-01 00:00:00','2020-07-30 20:27:37','2020-07-30 20:27:37'),('91b8873e-104c-4c75-a76b-07094a564bdc','default',0,'默认组',1,'[]',1,'787c40ab-018c-42d5-9b17-33a06177b2d1',NULL,1,'2020-05-01 00:00:00','2020-07-30 20:27:35','2020-07-30 20:27:35'),('93a9b1b0-0271-4f55-a80d-2468e2d16459','default',0,'默认组',0,'[]',1,'51453887-4d52-4f0b-a631-c3343085206b',NULL,1,'2020-05-01 00:00:00','2020-07-30 20:27:36','2020-07-30 20:27:36'),('95104bd9-8c17-4130-8a01-cfd8a8b2d78e','default',0,'默认组',1,'[]',1,'5581c819-2fd2-4fdc-9cd7-69ab990b15df',NULL,1,'2020-05-01 00:00:00','2020-07-30 20:27:35','2020-07-30 20:27:35'),('976474cb-400f-493e-9735-d685ef9ec8e6','default',0,'默认组',0,'[]',1,'c34970c9-459b-4cfe-8c66-8021bbdb4779',NULL,1,'2020-05-01 00:00:00','2020-07-30 20:27:36','2020-07-30 20:27:36'),('983856ad-3361-44fd-a69d-e298aadd1613','default',0,'默认组',0,'[]',1,'98fa0896-1cbc-485f-ac07-d7d67698b6f1',NULL,1,'2020-05-01 00:00:00','2020-07-30 20:27:36','2020-07-30 20:27:36'),('9b2256fb-a479-4e21-b100-44643f9fe6d9','default',0,'默认组',1,'[]',1,'0d5984cc-5fb0-43f4-aa28-7d8e57d6866c',NULL,1,'2020-05-01 00:00:00','2020-07-30 20:27:35','2020-07-30 20:27:35'),('9ef377a2-9bb8-499b-b1fe-fa012e628918','condition16_b4_native',51,'condition16_b4',1,'[]',1,'8a093ce0-5c0f-48b1-aa44-1b65ed889498',NULL,1,'2020-05-01 00:00:00','2020-07-30 20:31:40','2020-07-30 20:31:40'),('a29f4559-612e-4b0a-9817-9e0e961b60c7','default',0,'默认组',1,'[]',1,'fb8415d0-7235-4e47-a8b0-c721600c37fe',NULL,1,'2020-05-01 00:00:00','2020-07-30 20:27:35','2020-07-30 20:27:35'),('a373fe2b-ee2b-4aed-b843-e5ce263dd109','default',0,'默认组',0,'[]',1,'5581c819-2fd2-4fdc-9cd7-69ab990b15df',NULL,1,'2020-05-01 00:00:00','2020-07-30 20:27:37','2020-07-30 20:27:37'),('a4373cc3-abfe-4747-861d-a1557db5fdce','condition61_b4',71,'condition61_b4',1,'[\"US\",\"CA\",\"FR\"]',1,'8a093ce0-5c0f-48b1-aa44-1b65ed889498',NULL,1,'2020-05-01 00:00:00','2020-07-30 20:31:40','2020-07-30 20:31:40'),('a544d294-fa60-457a-9ca6-e9bdb1f65c3a','default',0,'默认组',0,'[]',1,'c012ae06-11ee-48db-b3f7-b90e36533b62',NULL,1,'2020-05-01 00:00:00','2020-07-30 20:27:35','2020-07-30 20:27:35'),('a55bfb8d-7f8d-447f-9e8c-768764361c89','default',0,'默认组',1,'[]',1,'8a093ce0-5c0f-48b1-aa44-1b65ed889498',NULL,1,'2020-05-01 00:00:00','2020-07-30 20:31:40','2020-07-30 20:31:40'),('a8901e76-d8fe-43cb-90fb-9341d600ebe0','default',0,'默认组',1,'[]',1,'409c9fbc-f883-4ba7-adda-7da6f238d42d',NULL,1,'2020-05-01 00:00:00','2020-07-30 20:27:34','2020-07-30 20:27:34'),('a9e9f2f7-5268-462c-ae7b-ece080c785a9','default',0,'默认组',1,'[]',1,'371611ac-4de7-4c3b-9a1d-b636610e0482',NULL,1,'2020-05-01 00:00:00','2020-07-30 20:27:35','2020-07-30 20:27:35'),('aa50e0d1-352f-4272-875b-7820bf4f582a','condition31_b1_native',50,'condition31_b1',1,'[]',1,'60b7868d-734a-4a17-93b5-3183e839e720',NULL,1,'2020-05-01 00:00:00','2020-07-30 20:31:40','2020-07-30 20:31:40'),('ac24d053-2085-4562-a27f-4ff352541c62','default',0,'默认组',1,'[]',1,'98fa0896-1cbc-485f-ac07-d7d67698b6f1',NULL,1,'2020-05-01 00:00:00','2020-07-30 20:27:35','2020-07-30 20:27:35'),('ad3b871b-10aa-4b55-a4b0-a653c1082846','default',0,'默认组',0,'[]',1,'39851304-52f0-4d31-b931-f8afb6c24b3b',NULL,1,'2020-05-01 00:00:00','2020-07-30 20:27:36','2020-07-30 20:27:36'),('ad92fa6f-dae3-4706-bb92-a37ff2eb4a8e','default_a18Bt2NewAadmobB',0,'default_a18Bt2NewAadmobB',0,'[\"GB\",\"FR\",\"DE\"]',1,'1ae04a84-41d3-437a-96b9-0c21b903408b',NULL,1,'2020-05-01 00:00:00','2020-07-30 20:32:22','2020-07-30 20:32:22'),('b45788bc-f865-424b-9e44-18eec3a55258','default',0,'默认组',1,'[]',1,'3ec48dec-0f54-4931-97e3-e49cf7e2c5b5',NULL,1,'2020-05-01 00:00:00','2020-07-30 20:27:35','2020-07-30 20:27:35'),('b52b3353-a69a-4d01-a722-1a0484f5afe8','default',0,'默认组',1,'[]',1,'70464d3c-215c-41f2-b162-47d00d841f65',NULL,1,'2020-05-01 00:00:00','2020-07-30 20:27:35','2020-07-30 20:27:35'),('b9695252-2dc6-423e-8a6a-812120caea3a','default',0,'默认组',1,'[]',1,'b76cc914-a0d4-4eab-ac10-e927c5054c9a',NULL,1,'2020-05-01 00:00:00','2020-07-30 20:27:35','2020-07-30 20:27:35'),('b98ed273-7b4c-4e62-820e-8e765b8c2a26','default',0,'默认组',0,'[]',1,'a3dd8486-2340-4502-99ef-44297546d589',NULL,1,'2020-05-01 00:00:00','2020-07-30 20:27:36','2020-07-30 20:27:36'),('c01ae266-f8ba-4cf8-9fe2-9f024c181515','default',0,'默认组',1,'[]',1,'a8da3b45-2e15-44cc-874f-886d896068e2',NULL,1,'2020-05-01 00:00:00','2020-07-30 20:27:34','2020-07-30 20:27:34'),('c12b81f4-0647-4c52-b46d-eb9d5a252782','default',0,'默认组',1,'[]',1,'3b2ac62a-6a87-4a52-bc26-f7133eedabe1',NULL,1,'2020-05-01 00:00:00','2020-07-30 20:27:34','2020-07-30 20:27:34'),('c5704364-00e0-4398-852e-6b1118412578','default',0,'默认组',0,'[]',1,'8a093ce0-5c0f-48b1-aa44-1b65ed889498',NULL,1,'2020-05-01 00:00:00','2020-07-30 20:31:42','2020-07-30 20:31:42'),('c5ccb7d5-337d-416a-a124-11b9981ad216','condition104_w18t2B10_native',75,'condition104_w18t2B10',0,'[]',1,'8a093ce0-5c0f-48b1-aa44-1b65ed889498',NULL,1,'2020-05-01 00:00:00','2020-07-30 20:31:43','2020-07-30 20:31:43'),('c97d808b-0214-4c75-95e4-5f0c702e4f88','condition250_b1B1_native',92,'condition250_b1B1',1,'[]',1,'60b7868d-734a-4a17-93b5-3183e839e720',NULL,1,'2020-05-01 00:00:00','2020-07-30 20:31:40','2020-07-30 20:31:40'),('c989d829-3bad-4964-900d-bcf2bae27dd3','default_a18Bt1NewAadmobB',0,'default_a18Bt1NewAadmobB',0,'[\"US\",\"CA\"]',1,'1ae04a84-41d3-437a-96b9-0c21b903408b',NULL,1,'2020-05-01 00:00:00','2020-07-30 20:32:22','2020-07-30 20:32:22'),('cf6ce33b-a0f3-4a03-a251-28cad9d6452e','condition135_b4B5_native',79,'condition135_b4B5',1,'[]',1,'8a093ce0-5c0f-48b1-aa44-1b65ed889498',NULL,1,'2020-05-01 00:00:00','2020-07-30 20:31:40','2020-07-30 20:31:40'),('d63789c7-a4d7-47c1-b47f-658dadf5de34','default',0,'默认组',0,'[]',1,'60b7868d-734a-4a17-93b5-3183e839e720',NULL,1,'2020-05-01 00:00:00','2020-07-30 20:31:43','2020-07-30 20:31:43'),('db4ae670-3c37-4af6-a75a-2a85617a32f0','default',0,'默认组',0,'[]',1,'a8da3b45-2e15-44cc-874f-886d896068e2',NULL,1,'2020-05-01 00:00:00','2020-07-30 20:27:36','2020-07-30 20:27:36'),('dcb87b02-22aa-4731-9eaa-31fd8ecded19','condition78_w18t2B10',72,'condition78_w18t2B10',0,'[\"US\",\"CA\",\"FR\"]',1,'8a093ce0-5c0f-48b1-aa44-1b65ed889498',NULL,1,'2020-05-01 00:00:00','2020-07-30 20:31:43','2020-07-30 20:31:43'),('de05a717-ec88-40d1-9d20-9be292636591','default',0,'默认组',1,'[]',1,'637c034e-89c2-40d2-a9f8-536f6e300e8a',NULL,1,'2020-05-01 00:00:00','2020-07-30 20:27:35','2020-07-30 20:27:35'),('df50f910-6f77-4cae-b11c-cb005dc0e456','condition160_w36B7_native',84,'condition160_w36B7',0,'[]',1,'60b7868d-734a-4a17-93b5-3183e839e720',NULL,1,'2020-05-01 00:00:00','2020-07-30 20:31:43','2020-07-30 20:31:43'),('df5d3b52-aeca-4f02-9fd3-91a3a7dd64c0','default',0,'默认组',0,'[]',1,'f4572d9c-0f24-445a-ae9a-010e23c45471',NULL,1,'2020-05-01 00:00:00','2020-07-30 20:27:37','2020-07-30 20:27:37'),('e085be10-dd41-41ee-b278-716d7496627b','condition135_b4B6',79,'condition135_b4B6',1,'[\"FR\"]',1,'8a093ce0-5c0f-48b1-aa44-1b65ed889498',NULL,1,'2020-05-01 00:00:00','2020-07-30 20:31:40','2020-07-30 20:31:40'),('e2882c2a-759b-428b-9bc7-a8bd9c5ff2d0','condition135_w18t2B10',79,'condition135_w18t2B10',0,'[\"US\",\"CA\",\"FR\"]',1,'8a093ce0-5c0f-48b1-aa44-1b65ed889498',NULL,1,'2020-05-01 00:00:00','2020-07-30 20:31:43','2020-07-30 20:31:43'),('e3cd0aee-87a8-4bce-b4f1-70497887dd7c','default',0,'默认组',0,'[]',1,'e8110e18-1d83-40dd-9f97-46ae8efed098',NULL,1,'2020-05-01 00:00:00','2020-07-30 20:27:35','2020-07-30 20:27:35'),('e576cc25-c825-4842-83de-7cb563792158','default',0,'默认组',1,'[]',1,'9ef428c8-5ff8-4823-8937-616cf284b84a',NULL,1,'2020-05-01 00:00:00','2020-07-30 20:27:35','2020-07-30 20:27:35'),('eb0136af-39a4-4c74-8761-444f8e862c95','default',0,'默认组',1,'[]',1,'1ae04a84-41d3-437a-96b9-0c21b903408b',NULL,1,'2020-05-01 00:00:00','2020-07-30 20:32:20','2020-07-30 20:32:20'),('ec8be6df-f5b0-4328-9577-e96850e3a6ef','condition31_w36B7_native',50,'condition31_w36B7',0,'[]',1,'60b7868d-734a-4a17-93b5-3183e839e720',NULL,1,'2020-05-01 00:00:00','2020-07-30 20:31:43','2020-07-30 20:31:43'),('eeac508b-5890-413a-8a0a-0a1fa1855a4b','default_b4',0,'default_b4',1,'[\"US\",\"CA\",\"FR\"]',1,'8a093ce0-5c0f-48b1-aa44-1b65ed889498',NULL,1,'2020-05-01 00:00:00','2020-07-30 20:31:40','2020-07-30 20:31:40'),('f307100a-e161-4c2a-ac93-7f67c5ab96f4','default',0,'默认组',0,'[]',1,'8819d891-d0e1-4fed-a765-8496fd1af2fd',NULL,1,'2020-05-01 00:00:00','2020-07-30 20:27:35','2020-07-30 20:27:35'),('f3f9bc0f-b3b3-4a59-9be3-479529ebb188','default',0,'默认组',0,'[]',1,'3ec48dec-0f54-4931-97e3-e49cf7e2c5b5',NULL,1,'2020-05-01 00:00:00','2020-07-30 20:27:36','2020-07-30 20:27:36'),('f6370c7f-01e4-48ba-a6bd-141735ed1548','condition61_b4_native',71,'condition61_b4',1,'[]',1,'8a093ce0-5c0f-48b1-aa44-1b65ed889498',NULL,1,'2020-05-01 00:00:00','2020-07-30 20:31:40','2020-07-30 20:31:40'),('f949bb68-6c43-4bc8-af6b-767491ae0b21','default',0,'默认组',0,'[]',1,'b9ce12db-e8b7-4d7b-83b4-4e3a2447e48d',NULL,1,'2020-05-01 00:00:00','2020-07-30 20:27:37','2020-07-30 20:27:37'),('fb21cd91-e644-43ff-9301-a9387f7ec57e','condition247_b4B6_native',88,'condition247_b4B6',1,'[]',1,'8a093ce0-5c0f-48b1-aa44-1b65ed889498',NULL,1,'2020-05-01 00:00:00','2020-07-30 20:31:40','2020-07-30 20:31:40'),('fde3cba7-61bd-4807-8d14-944f52cf4643','default',0,'默认组',1,'[]',1,'85d4878d-dc23-4c5f-a5d1-9d3f682c02f7',NULL,1,'2020-05-01 00:00:00','2020-07-30 20:27:35','2020-07-30 20:27:35');
/*!40000 ALTER TABLE `versionGroup` ENABLE KEYS */;
UNLOCK TABLES;
/*!40103 SET TIME_ZONE=@OLD_TIME_ZONE */;

/*!40101 SET SQL_MODE=@OLD_SQL_MODE */;
/*!40014 SET FOREIGN_KEY_CHECKS=@OLD_FOREIGN_KEY_CHECKS */;
/*!40014 SET UNIQUE_CHECKS=@OLD_UNIQUE_CHECKS */;
/*!40101 SET CHARACTER_SET_CLIENT=@OLD_CHARACTER_SET_CLIENT */;
/*!40101 SET CHARACTER_SET_RESULTS=@OLD_CHARACTER_SET_RESULTS */;
/*!40101 SET COLLATION_CONNECTION=@OLD_COLLATION_CONNECTION */;
/*!40111 SET SQL_NOTES=@OLD_SQL_NOTES */;

-- Dump completed on 2020-07-30 20:33:13
